snippet_id,algorithm_class,source_code,input_scale_N,hardware_tdp,hardware_cores,target_energy_joules
adf7ea8a,bubble_sort,"def bubble_sort(arr):
    n = len(arr)
    for i in range(n):
        for j in range(0, n-i-1):
            if arr[j] > arr[j+1]:
                arr[j], arr[j+1] = arr[j+1], arr[j]",9882,65.0,8,0.096211
4b1de1c1,bubble_sort,"def bubble_sort(arr):
    n = len(arr)
    for i in range(n):
        for j in range(0, n-i-1):
            if arr[j] > arr[j+1]:
                arr[j], arr[j+1] = arr[j+1], arr[j]",10295,125.0,8,0.188978
865fc290,matrix_mult_naive,"def matrix_multiply(A, B, N):
    C = [[0 for _ in range(N)] for _ in range(N)]
    for i in range(N):
        for j in range(N):
            for k in range(N):
                C[i][j] += A[i][k] * B[k][j]
    return C",99975,65.0,2,15573.097061
16ebe8f0,matrix_mult_naive,"def matrix_multiply(A, B, N):
    C = [[0 for _ in range(N)] for _ in range(N)]
    for i in range(N):
        for j in range(N):
            for k in range(N):
                C[i][j] += A[i][k] * B[k][j]
    return C",100458,125.0,2,31505.297465
686c9e65,matrix_mult_naive,"def matrix_multiply(A, B, N):
    C = [[0 for _ in range(N)] for _ in range(N)]
    for i in range(N):
        for j in range(N):
            for k in range(N):
                C[i][j] += A[i][k] * B[k][j]
    return C",99591,15.0,2,3725.328376
36e50d30,bubble_sort,"def bubble_sort(arr):
    n = len(arr)
    for i in range(n):
        for j in range(0, n-i-1):
            if arr[j] > arr[j+1]:
                arr[j], arr[j+1] = arr[j+1], arr[j]",99682,125.0,16,9.041224
a000d07c,quick_sort,"def quick_sort(arr):
    if len(arr) <= 1:
        return arr
    pivot = arr[len(arr) // 2]
    left = [x for x in arr if x < pivot]
    middle = [x for x in arr if x == pivot]
    right = [x for x in arr if x > pivot]
    return quick_sort(left) + middle + quick_sort(right)",4552,125.0,2,0.370658
d3d3e95d,busy_wait_anomaly,"import time
def poll_sensor(target_time, N):
    start = time.time()
    # ANOMALY: No sleep, pinning the CPU core to 100%
    while time.time() - start < (N / 100000):
        pass",5263,65.0,16,0.010275
bdd1910d,matrix_mult_naive,"def matrix_multiply(A, B, N):
    C = [[0 for _ in range(N)] for _ in range(N)]
    for i in range(N):
        for j in range(N):
            for k in range(N):
                C[i][j] += A[i][k] * B[k][j]
    return C",874,15.0,2,0.002584
0d728ac8,bubble_sort,"def bubble_sort(arr):
    n = len(arr)
    for i in range(n):
        for j in range(0, n-i-1):
            if arr[j] > arr[j+1]:
                arr[j], arr[j+1] = arr[j+1], arr[j]",5129,15.0,8,0.006026
9d608f1e,matrix_mult_optimized,"import numpy as np
def matrix_multiply_opt(A, B):
    return np.dot(A, B)",713,65.0,4,0.001235
d6c7dacc,matrix_mult_optimized,"import numpy as np
def matrix_multiply_opt(A, B):
    return np.dot(A, B)",50325,15.0,8,22.081813
d284db34,bubble_sort,"def bubble_sort(arr):
    n = len(arr)
    for i in range(n):
        for j in range(0, n-i-1):
            if arr[j] > arr[j+1]:
                arr[j], arr[j+1] = arr[j+1], arr[j]",706,45.0,2,0.0013
f029b9ac,quick_sort,"def quick_sort(arr):
    if len(arr) <= 1:
        return arr
    pivot = arr[len(arr) // 2]
    left = [x for x in arr if x < pivot]
    middle = [x for x in arr if x == pivot]
    right = [x for x in arr if x > pivot]
    return quick_sort(left) + middle + quick_sort(right)",10450,65.0,4,0.323571
6d400241,quick_sort,"def quick_sort(arr):
    if len(arr) <= 1:
        return arr
    pivot = arr[len(arr) // 2]
    left = [x for x in arr if x < pivot]
    middle = [x for x in arr if x == pivot]
    right = [x for x in arr if x > pivot]
    return quick_sort(left) + middle + quick_sort(right)",50080,15.0,2,1.615836
f87a4061,busy_wait_anomaly,"import time
def poll_sensor(target_time, N):
    start = time.time()
    # ANOMALY: No sleep, pinning the CPU core to 100%
    while time.time() - start < (N / 100000):
        pass",9612,125.0,2,0.289324
23886d44,matrix_mult_optimized,"import numpy as np
def matrix_multiply_opt(A, B):
    return np.dot(A, B)",10356,45.0,4,1.559737
d82c0822,busy_wait_anomaly,"import time
def poll_sensor(target_time, N):
    start = time.time()
    # ANOMALY: No sleep, pinning the CPU core to 100%
    while time.time() - start < (N / 100000):
        pass",100393,65.0,8,0.41354
5352ce57,matrix_mult_naive,"def matrix_multiply(A, B, N):
    C = [[0 for _ in range(N)] for _ in range(N)]
    for i in range(N):
        for j in range(N):
            for k in range(N):
                C[i][j] += A[i][k] * B[k][j]
    return C",4919,45.0,4,0.670756
625ace30,matrix_mult_naive,"def matrix_multiply(A, B, N):
    C = [[0 for _ in range(N)] for _ in range(N)]
    for i in range(N):
        for j in range(N):
            for k in range(N):
                C[i][j] += A[i][k] * B[k][j]
    return C",546,65.0,8,0.000642
0962fbc7,matrix_mult_optimized,"import numpy as np
def matrix_multiply_opt(A, B):
    return np.dot(A, B)",1474,45.0,8,0.003392
707630c7,busy_wait_anomaly,"import time
def poll_sensor(target_time, N):
    start = time.time()
    # ANOMALY: No sleep, pinning the CPU core to 100%
    while time.time() - start < (N / 100000):
        pass",9814,45.0,8,0.026862
a9e9ce53,matrix_mult_naive,"def matrix_multiply(A, B, N):
    C = [[0 for _ in range(N)] for _ in range(N)]
    for i in range(N):
        for j in range(N):
            for k in range(N):
                C[i][j] += A[i][k] * B[k][j]
    return C",49803,65.0,8,523.029742
232c3167,bubble_sort,"def bubble_sort(arr):
    n = len(arr)
    for i in range(n):
        for j in range(0, n-i-1):
            if arr[j] > arr[j+1]:
                arr[j], arr[j+1] = arr[j+1], arr[j]",9912,45.0,4,0.13016
0819b16f,busy_wait_anomaly,"import time
def poll_sensor(target_time, N):
    start = time.time()
    # ANOMALY: No sleep, pinning the CPU core to 100%
    while time.time() - start < (N / 100000):
        pass",5066,15.0,16,0.002484
8ecaee90,busy_wait_anomaly,"import time
def poll_sensor(target_time, N):
    start = time.time()
    # ANOMALY: No sleep, pinning the CPU core to 100%
    while time.time() - start < (N / 100000):
        pass",1197,125.0,8,0.009351
cdc5ca15,matrix_mult_optimized,"import numpy as np
def matrix_multiply_opt(A, B):
    return np.dot(A, B)",4643,65.0,16,0.060434
4ce265e9,busy_wait_anomaly,"import time
def poll_sensor(target_time, N):
    start = time.time()
    # ANOMALY: No sleep, pinning the CPU core to 100%
    while time.time() - start < (N / 100000):
        pass",1021,15.0,4,0.001892
ddadc7d3,matrix_mult_optimized,"import numpy as np
def matrix_multiply_opt(A, B):
    return np.dot(A, B)",1466,45.0,4,0.006265
7172b294,busy_wait_anomaly,"import time
def poll_sensor(target_time, N):
    start = time.time()
    # ANOMALY: No sleep, pinning the CPU core to 100%
    while time.time() - start < (N / 100000):
        pass",50365,45.0,16,0.068667
8ad00670,matrix_mult_optimized,"import numpy as np
def matrix_multiply_opt(A, B):
    return np.dot(A, B)",49843,15.0,16,10.26345
1aeab9f1,matrix_mult_optimized,"import numpy as np
def matrix_multiply_opt(A, B):
    return np.dot(A, B)",4739,125.0,4,0.475336
447e7ae2,quick_sort,"def quick_sort(arr):
    if len(arr) <= 1:
        return arr
    pivot = arr[len(arr) // 2]
    left = [x for x in arr if x < pivot]
    middle = [x for x in arr if x == pivot]
    right = [x for x in arr if x > pivot]
    return quick_sort(left) + middle + quick_sort(right)",49803,15.0,8,0.402378
3745c322,quick_sort,"def quick_sort(arr):
    if len(arr) <= 1:
        return arr
    pivot = arr[len(arr) // 2]
    left = [x for x in arr if x < pivot]
    middle = [x for x in arr if x == pivot]
    right = [x for x in arr if x > pivot]
    return quick_sort(left) + middle + quick_sort(right)",9931,45.0,16,0.054414
043e1ab9,quick_sort,"def quick_sort(arr):
    if len(arr) <= 1:
        return arr
    pivot = arr[len(arr) // 2]
    left = [x for x in arr if x < pivot]
    middle = [x for x in arr if x == pivot]
    right = [x for x in arr if x > pivot]
    return quick_sort(left) + middle + quick_sort(right)",5351,125.0,16,0.058263
8a7a269e,matrix_mult_naive,"def matrix_multiply(A, B, N):
    C = [[0 for _ in range(N)] for _ in range(N)]
    for i in range(N):
        for j in range(N):
            for k in range(N):
                C[i][j] += A[i][k] * B[k][j]
    return C",771,15.0,4,0.000878
1789a508,matrix_mult_naive,"def matrix_multiply(A, B, N):
    C = [[0 for _ in range(N)] for _ in range(N)]
    for i in range(N):
        for j in range(N):
            for k in range(N):
                C[i][j] += A[i][k] * B[k][j]
    return C",4525,125.0,2,2.885225
4f67739b,matrix_mult_optimized,"import numpy as np
def matrix_multiply_opt(A, B):
    return np.dot(A, B)",731,15.0,16,0.0001
3e248ea0,quick_sort,"def quick_sort(arr):
    if len(arr) <= 1:
        return arr
    pivot = arr[len(arr) // 2]
    left = [x for x in arr if x < pivot]
    middle = [x for x in arr if x == pivot]
    right = [x for x in arr if x > pivot]
    return quick_sort(left) + middle + quick_sort(right)",1329,45.0,16,0.00251
66e4e855,busy_wait_anomaly,"import time
def poll_sensor(target_time, N):
    start = time.time()
    # ANOMALY: No sleep, pinning the CPU core to 100%
    while time.time() - start < (N / 100000):
        pass",99737,65.0,4,0.836504
98deceba,bubble_sort,"def bubble_sort(arr):
    n = len(arr)
    for i in range(n):
        for j in range(0, n-i-1):
            if arr[j] > arr[j+1]:
                arr[j], arr[j+1] = arr[j+1], arr[j]",5031,125.0,16,0.023691
1c83822a,matrix_mult_naive,"def matrix_multiply(A, B, N):
    C = [[0 for _ in range(N)] for _ in range(N)]
    for i in range(N):
        for j in range(N):
            for k in range(N):
                C[i][j] += A[i][k] * B[k][j]
    return C",100372,65.0,16,2044.7326
b18baa30,bubble_sort,"def bubble_sort(arr):
    n = len(arr)
    for i in range(n):
        for j in range(0, n-i-1):
            if arr[j] > arr[j+1]:
                arr[j], arr[j+1] = arr[j+1], arr[j]",49794,125.0,4,9.260304
ae928fc3,matrix_mult_naive,"def matrix_multiply(A, B, N):
    C = [[0 for _ in range(N)] for _ in range(N)]
    for i in range(N):
        for j in range(N):
            for k in range(N):
                C[i][j] += A[i][k] * B[k][j]
    return C",5171,15.0,4,0.251276
6886dcf2,quick_sort,"def quick_sort(arr):
    if len(arr) <= 1:
        return arr
    pivot = arr[len(arr) // 2]
    left = [x for x in arr if x < pivot]
    middle = [x for x in arr if x == pivot]
    right = [x for x in arr if x > pivot]
    return quick_sort(left) + middle + quick_sort(right)",100451,65.0,16,2.42195
0db3cb06,quick_sort,"def quick_sort(arr):
    if len(arr) <= 1:
        return arr
    pivot = arr[len(arr) // 2]
    left = [x for x in arr if x < pivot]
    middle = [x for x in arr if x == pivot]
    right = [x for x in arr if x > pivot]
    return quick_sort(left) + middle + quick_sort(right)",9907,125.0,2,1.140048
cb030c9e,matrix_mult_naive,"def matrix_multiply(A, B, N):
    C = [[0 for _ in range(N)] for _ in range(N)]
    for i in range(N):
        for j in range(N):
            for k in range(N):
                C[i][j] += A[i][k] * B[k][j]
    return C",99616,45.0,16,1324.52568
bec1085d,quick_sort,"def quick_sort(arr):
    if len(arr) <= 1:
        return arr
    pivot = arr[len(arr) // 2]
    left = [x for x in arr if x < pivot]
    middle = [x for x in arr if x == pivot]
    right = [x for x in arr if x > pivot]
    return quick_sort(left) + middle + quick_sort(right)",838,125.0,16,0.003642
65b9fdf1,quick_sort,"def quick_sort(arr):
    if len(arr) <= 1:
        return arr
    pivot = arr[len(arr) // 2]
    left = [x for x in arr if x < pivot]
    middle = [x for x in arr if x == pivot]
    right = [x for x in arr if x > pivot]
    return quick_sort(left) + middle + quick_sort(right)",895,15.0,2,0.003908
2f953d6e,matrix_mult_naive,"def matrix_multiply(A, B, N):
    C = [[0 for _ in range(N)] for _ in range(N)]
    for i in range(N):
        for j in range(N):
            for k in range(N):
                C[i][j] += A[i][k] * B[k][j]
    return C",100016,65.0,2,15789.781966
2aaa4134,bubble_sort,"def bubble_sort(arr):
    n = len(arr)
    for i in range(n):
        for j in range(0, n-i-1):
            if arr[j] > arr[j+1]:
                arr[j], arr[j+1] = arr[j+1], arr[j]",4797,65.0,2,0.087508
34e2f227,quick_sort,"def quick_sort(arr):
    if len(arr) <= 1:
        return arr
    pivot = arr[len(arr) // 2]
    left = [x for x in arr if x < pivot]
    middle = [x for x in arr if x == pivot]
    right = [x for x in arr if x > pivot]
    return quick_sort(left) + middle + quick_sort(right)",49749,15.0,8,0.414404
d1d8ae6d,matrix_mult_naive,"def matrix_multiply(A, B, N):
    C = [[0 for _ in range(N)] for _ in range(N)]
    for i in range(N):
        for j in range(N):
            for k in range(N):
                C[i][j] += A[i][k] * B[k][j]
    return C",4897,65.0,16,0.236792
6639dcd8,matrix_mult_naive,"def matrix_multiply(A, B, N):
    C = [[0 for _ in range(N)] for _ in range(N)]
    for i in range(N):
        for j in range(N):
            for k in range(N):
                C[i][j] += A[i][k] * B[k][j]
    return C",50327,15.0,2,494.140048
1e321226,matrix_mult_naive,"def matrix_multiply(A, B, N):
    C = [[0 for _ in range(N)] for _ in range(N)]
    for i in range(N):
        for j in range(N):
            for k in range(N):
                C[i][j] += A[i][k] * B[k][j]
    return C",50388,45.0,8,354.739102
2ad69e89,bubble_sort,"def bubble_sort(arr):
    n = len(arr)
    for i in range(n):
        for j in range(0, n-i-1):
            if arr[j] > arr[j+1]:
                arr[j], arr[j+1] = arr[j+1], arr[j]",99692,45.0,8,6.839105
10cbd1d1,matrix_mult_naive,"def matrix_multiply(A, B, N):
    C = [[0 for _ in range(N)] for _ in range(N)]
    for i in range(N):
        for j in range(N):
            for k in range(N):
                C[i][j] += A[i][k] * B[k][j]
    return C",5224,125.0,4,2.307131
12d0decb,bubble_sort,"def bubble_sort(arr):
    n = len(arr)
    for i in range(n):
        for j in range(0, n-i-1):
            if arr[j] > arr[j+1]:
                arr[j], arr[j+1] = arr[j+1], arr[j]",635,15.0,4,0.000176
d18fe014,quick_sort,"def quick_sort(arr):
    if len(arr) <= 1:
        return arr
    pivot = arr[len(arr) // 2]
    left = [x for x in arr if x < pivot]
    middle = [x for x in arr if x == pivot]
    right = [x for x in arr if x > pivot]
    return quick_sort(left) + middle + quick_sort(right)",5472,125.0,8,0.117887
3dbf7c6c,busy_wait_anomaly,"import time
def poll_sensor(target_time, N):
    start = time.time()
    # ANOMALY: No sleep, pinning the CPU core to 100%
    while time.time() - start < (N / 100000):
        pass",967,15.0,8,0.000896
8396f01f,busy_wait_anomaly,"import time
def poll_sensor(target_time, N):
    start = time.time()
    # ANOMALY: No sleep, pinning the CPU core to 100%
    while time.time() - start < (N / 100000):
        pass",50450,15.0,2,0.191328
8c255a0d,busy_wait_anomaly,"import time
def poll_sensor(target_time, N):
    start = time.time()
    # ANOMALY: No sleep, pinning the CPU core to 100%
    while time.time() - start < (N / 100000):
        pass",4974,45.0,4,0.027058
68b16c48,matrix_mult_naive,"def matrix_multiply(A, B, N):
    C = [[0 for _ in range(N)] for _ in range(N)]
    for i in range(N):
        for j in range(N):
            for k in range(N):
                C[i][j] += A[i][k] * B[k][j]
    return C",4831,65.0,8,0.453069
e85a6a2c,matrix_mult_naive,"def matrix_multiply(A, B, N):
    C = [[0 for _ in range(N)] for _ in range(N)]
    for i in range(N):
        for j in range(N):
            for k in range(N):
                C[i][j] += A[i][k] * B[k][j]
    return C",9693,125.0,2,27.119543
586c9152,quick_sort,"def quick_sort(arr):
    if len(arr) <= 1:
        return arr
    pivot = arr[len(arr) // 2]
    left = [x for x in arr if x < pivot]
    middle = [x for x in arr if x == pivot]
    right = [x for x in arr if x > pivot]
    return quick_sort(left) + middle + quick_sort(right)",9503,15.0,2,0.131235
95529b6e,bubble_sort,"def bubble_sort(arr):
    n = len(arr)
    for i in range(n):
        for j in range(0, n-i-1):
            if arr[j] > arr[j+1]:
                arr[j], arr[j+1] = arr[j+1], arr[j]",5258,65.0,4,0.054789
3c302a1d,matrix_mult_optimized,"import numpy as np
def matrix_multiply_opt(A, B):
    return np.dot(A, B)",756,15.0,4,0.000355
fd708fda,matrix_mult_naive,"def matrix_multiply(A, B, N):
    C = [[0 for _ in range(N)] for _ in range(N)]
    for i in range(N):
        for j in range(N):
            for k in range(N):
                C[i][j] += A[i][k] * B[k][j]
    return C",49778,15.0,8,111.003577
697ca777,quick_sort,"def quick_sort(arr):
    if len(arr) <= 1:
        return arr
    pivot = arr[len(arr) // 2]
    left = [x for x in arr if x < pivot]
    middle = [x for x in arr if x == pivot]
    right = [x for x in arr if x > pivot]
    return quick_sort(left) + middle + quick_sort(right)",100203,45.0,16,1.729843
66142e44,bubble_sort,"def bubble_sort(arr):
    n = len(arr)
    for i in range(n):
        for j in range(0, n-i-1):
            if arr[j] > arr[j+1]:
                arr[j], arr[j+1] = arr[j+1], arr[j]",1089,65.0,4,0.002297
6b06d701,matrix_mult_naive,"def matrix_multiply(A, B, N):
    C = [[0 for _ in range(N)] for _ in range(N)]
    for i in range(N):
        for j in range(N):
            for k in range(N):
                C[i][j] += A[i][k] * B[k][j]
    return C",10446,45.0,16,1.569998
9fd75c1e,matrix_mult_optimized,"import numpy as np
def matrix_multiply_opt(A, B):
    return np.dot(A, B)",815,65.0,16,0.000468
9fb8ee43,matrix_mult_optimized,"import numpy as np
def matrix_multiply_opt(A, B):
    return np.dot(A, B)",50265,45.0,2,270.074171
50fb0890,quick_sort,"def quick_sort(arr):
    if len(arr) <= 1:
        return arr
    pivot = arr[len(arr) // 2]
    left = [x for x in arr if x < pivot]
    middle = [x for x in arr if x == pivot]
    right = [x for x in arr if x > pivot]
    return quick_sort(left) + middle + quick_sort(right)",99876,15.0,8,1.084836
ce53c555,quick_sort,"def quick_sort(arr):
    if len(arr) <= 1:
        return arr
    pivot = arr[len(arr) // 2]
    left = [x for x in arr if x < pivot]
    middle = [x for x in arr if x == pivot]
    right = [x for x in arr if x > pivot]
    return quick_sort(left) + middle + quick_sort(right)",1310,65.0,4,0.014873
ce943cf5,quick_sort,"def quick_sort(arr):
    if len(arr) <= 1:
        return arr
    pivot = arr[len(arr) // 2]
    left = [x for x in arr if x < pivot]
    middle = [x for x in arr if x == pivot]
    right = [x for x in arr if x > pivot]
    return quick_sort(left) + middle + quick_sort(right)",10029,15.0,16,0.018075
c072515a,busy_wait_anomaly,"import time
def poll_sensor(target_time, N):
    start = time.time()
    # ANOMALY: No sleep, pinning the CPU core to 100%
    while time.time() - start < (N / 100000):
        pass",9649,15.0,2,0.037095
536de537,matrix_mult_optimized,"import numpy as np
def matrix_multiply_opt(A, B):
    return np.dot(A, B)",9756,125.0,8,1.818052
0ee57b78,bubble_sort,"def bubble_sort(arr):
    n = len(arr)
    for i in range(n):
        for j in range(0, n-i-1):
            if arr[j] > arr[j+1]:
                arr[j], arr[j+1] = arr[j+1], arr[j]",99973,65.0,2,37.564572
caf1e3f9,quick_sort,"def quick_sort(arr):
    if len(arr) <= 1:
        return arr
    pivot = arr[len(arr) // 2]
    left = [x for x in arr if x < pivot]
    middle = [x for x in arr if x == pivot]
    right = [x for x in arr if x > pivot]
    return quick_sort(left) + middle + quick_sort(right)",988,65.0,4,0.009563
77e61aca,matrix_mult_optimized,"import numpy as np
def matrix_multiply_opt(A, B):
    return np.dot(A, B)",50018,125.0,8,182.246497
c52e2b61,quick_sort,"def quick_sort(arr):
    if len(arr) <= 1:
        return arr
    pivot = arr[len(arr) // 2]
    left = [x for x in arr if x < pivot]
    middle = [x for x in arr if x == pivot]
    right = [x for x in arr if x > pivot]
    return quick_sort(left) + middle + quick_sort(right)",100123,65.0,2,18.661754
6d529237,matrix_mult_optimized,"import numpy as np
def matrix_multiply_opt(A, B):
    return np.dot(A, B)",50232,15.0,4,45.470696
f159ece3,matrix_mult_naive,"def matrix_multiply(A, B, N):
    C = [[0 for _ in range(N)] for _ in range(N)]
    for i in range(N):
        for j in range(N):
            for k in range(N):
                C[i][j] += A[i][k] * B[k][j]
    return C",9968,45.0,4,5.422675
de464427,quick_sort,"def quick_sort(arr):
    if len(arr) <= 1:
        return arr
    pivot = arr[len(arr) // 2]
    left = [x for x in arr if x < pivot]
    middle = [x for x in arr if x == pivot]
    right = [x for x in arr if x > pivot]
    return quick_sort(left) + middle + quick_sort(right)",99991,15.0,2,4.694245
4f3acea9,busy_wait_anomaly,"import time
def poll_sensor(target_time, N):
    start = time.time()
    # ANOMALY: No sleep, pinning the CPU core to 100%
    while time.time() - start < (N / 100000):
        pass",10109,15.0,4,0.018943
36d15c64,busy_wait_anomaly,"import time
def poll_sensor(target_time, N):
    start = time.time()
    # ANOMALY: No sleep, pinning the CPU core to 100%
    while time.time() - start < (N / 100000):
        pass",5213,45.0,16,0.007658
3a3026f2,matrix_mult_naive,"def matrix_multiply(A, B, N):
    C = [[0 for _ in range(N)] for _ in range(N)]
    for i in range(N):
        for j in range(N):
            for k in range(N):
                C[i][j] += A[i][k] * B[k][j]
    return C",49580,65.0,2,1984.416779
f17a8562,bubble_sort,"def bubble_sort(arr):
    n = len(arr)
    for i in range(n):
        for j in range(0, n-i-1):
            if arr[j] > arr[j+1]:
                arr[j], arr[j+1] = arr[j+1], arr[j]",4823,45.0,2,0.062459
7435b20e,matrix_mult_naive,"def matrix_multiply(A, B, N):
    C = [[0 for _ in range(N)] for _ in range(N)]
    for i in range(N):
        for j in range(N):
            for k in range(N):
                C[i][j] += A[i][k] * B[k][j]
    return C",5208,15.0,2,0.544723
e25ab595,matrix_mult_naive,"def matrix_multiply(A, B, N):
    C = [[0 for _ in range(N)] for _ in range(N)]
    for i in range(N):
        for j in range(N):
            for k in range(N):
                C[i][j] += A[i][k] * B[k][j]
    return C",9708,125.0,16,3.396212
1d2c5ac2,bubble_sort,"def bubble_sort(arr):
    n = len(arr)
    for i in range(n):
        for j in range(0, n-i-1):
            if arr[j] > arr[j+1]:
                arr[j], arr[j+1] = arr[j+1], arr[j]",5009,15.0,2,0.023412
9b11774b,matrix_mult_naive,"def matrix_multiply(A, B, N):
    C = [[0 for _ in range(N)] for _ in range(N)]
    for i in range(N):
        for j in range(N):
            for k in range(N):
                C[i][j] += A[i][k] * B[k][j]
    return C",50113,125.0,16,501.423158
4220383e,matrix_mult_optimized,"import numpy as np
def matrix_multiply_opt(A, B):
    return np.dot(A, B)",4880,15.0,8,0.033197
ee95dce3,quick_sort,"def quick_sort(arr):
    if len(arr) <= 1:
        return arr
    pivot = arr[len(arr) // 2]
    left = [x for x in arr if x < pivot]
    middle = [x for x in arr if x == pivot]
    right = [x for x in arr if x > pivot]
    return quick_sort(left) + middle + quick_sort(right)",9742,15.0,2,0.137931
e4519675,matrix_mult_optimized,"import numpy as np
def matrix_multiply_opt(A, B):
    return np.dot(A, B)",9545,45.0,16,0.318103
96d4c431,bubble_sort,"def bubble_sort(arr):
    n = len(arr)
    for i in range(n):
        for j in range(0, n-i-1):
            if arr[j] > arr[j+1]:
                arr[j], arr[j+1] = arr[j+1], arr[j]",10123,15.0,16,0.011632
b4168069,bubble_sort,"def bubble_sort(arr):
    n = len(arr)
    for i in range(n):
        for j in range(0, n-i-1):
            if arr[j] > arr[j+1]:
                arr[j], arr[j+1] = arr[j+1], arr[j]",10295,15.0,4,0.049105
dae15360,busy_wait_anomaly,"import time
def poll_sensor(target_time, N):
    start = time.time()
    # ANOMALY: No sleep, pinning the CPU core to 100%
    while time.time() - start < (N / 100000):
        pass",4517,125.0,8,0.036353
b110e922,bubble_sort,"def bubble_sort(arr):
    n = len(arr)
    for i in range(n):
        for j in range(0, n-i-1):
            if arr[j] > arr[j+1]:
                arr[j], arr[j+1] = arr[j+1], arr[j]",100330,65.0,2,39.427064
89ae254a,matrix_mult_optimized,"import numpy as np
def matrix_multiply_opt(A, B):
    return np.dot(A, B)",49781,15.0,16,10.402275
35927fa1,quick_sort,"def quick_sort(arr):
    if len(arr) <= 1:
        return arr
    pivot = arr[len(arr) // 2]
    left = [x for x in arr if x < pivot]
    middle = [x for x in arr if x == pivot]
    right = [x for x in arr if x > pivot]
    return quick_sort(left) + middle + quick_sort(right)",702,65.0,4,0.005995
887c9c6e,matrix_mult_naive,"def matrix_multiply(A, B, N):
    C = [[0 for _ in range(N)] for _ in range(N)]
    for i in range(N):
        for j in range(N):
            for k in range(N):
                C[i][j] += A[i][k] * B[k][j]
    return C",1105,15.0,16,0.000635
daff24ac,matrix_mult_naive,"def matrix_multiply(A, B, N):
    C = [[0 for _ in range(N)] for _ in range(N)]
    for i in range(N):
        for j in range(N):
            for k in range(N):
                C[i][j] += A[i][k] * B[k][j]
    return C",100485,125.0,16,4115.600168
8ca047d8,matrix_mult_naive,"def matrix_multiply(A, B, N):
    C = [[0 for _ in range(N)] for _ in range(N)]
    for i in range(N):
        for j in range(N):
            for k in range(N):
                C[i][j] += A[i][k] * B[k][j]
    return C",49939,125.0,2,3805.352443
e9004913,matrix_mult_naive,"def matrix_multiply(A, B, N):
    C = [[0 for _ in range(N)] for _ in range(N)]
    for i in range(N):
        for j in range(N):
            for k in range(N):
                C[i][j] += A[i][k] * B[k][j]
    return C",9610,45.0,4,5.11818
9d61ad8f,quick_sort,"def quick_sort(arr):
    if len(arr) <= 1:
        return arr
    pivot = arr[len(arr) // 2]
    left = [x for x in arr if x < pivot]
    middle = [x for x in arr if x == pivot]
    right = [x for x in arr if x > pivot]
    return quick_sort(left) + middle + quick_sort(right)",9568,45.0,8,0.095986
7a224f76,matrix_mult_naive,"def matrix_multiply(A, B, N):
    C = [[0 for _ in range(N)] for _ in range(N)]
    for i in range(N):
        for j in range(N):
            for k in range(N):
                C[i][j] += A[i][k] * B[k][j]
    return C",49855,15.0,4,242.862627
1d1cafc6,bubble_sort,"def bubble_sort(arr):
    n = len(arr)
    for i in range(n):
        for j in range(0, n-i-1):
            if arr[j] > arr[j+1]:
                arr[j], arr[j+1] = arr[j+1], arr[j]",10061,15.0,8,0.022878
63e038ca,quick_sort,"def quick_sort(arr):
    if len(arr) <= 1:
        return arr
    pivot = arr[len(arr) // 2]
    left = [x for x in arr if x < pivot]
    middle = [x for x in arr if x == pivot]
    right = [x for x in arr if x > pivot]
    return quick_sort(left) + middle + quick_sort(right)",49658,45.0,16,0.59703
57624aec,quick_sort,"def quick_sort(arr):
    if len(arr) <= 1:
        return arr
    pivot = arr[len(arr) // 2]
    left = [x for x in arr if x < pivot]
    middle = [x for x in arr if x == pivot]
    right = [x for x in arr if x > pivot]
    return quick_sort(left) + middle + quick_sort(right)",100352,125.0,2,37.85283
ea26523b,bubble_sort,"def bubble_sort(arr):
    n = len(arr)
    for i in range(n):
        for j in range(0, n-i-1):
            if arr[j] > arr[j+1]:
                arr[j], arr[j+1] = arr[j+1], arr[j]",745,65.0,2,0.002091
5948fd1b,busy_wait_anomaly,"import time
def poll_sensor(target_time, N):
    start = time.time()
    # ANOMALY: No sleep, pinning the CPU core to 100%
    while time.time() - start < (N / 100000):
        pass",99809,45.0,8,0.278093
d3500bb1,busy_wait_anomaly,"import time
def poll_sensor(target_time, N):
    start = time.time()
    # ANOMALY: No sleep, pinning the CPU core to 100%
    while time.time() - start < (N / 100000):
        pass",4620,125.0,8,0.036843
0d376ce8,quick_sort,"def quick_sort(arr):
    if len(arr) <= 1:
        return arr
    pivot = arr[len(arr) // 2]
    left = [x for x in arr if x < pivot]
    middle = [x for x in arr if x == pivot]
    right = [x for x in arr if x > pivot]
    return quick_sort(left) + middle + quick_sort(right)",805,45.0,8,0.002377
072f85f9,quick_sort,"def quick_sort(arr):
    if len(arr) <= 1:
        return arr
    pivot = arr[len(arr) // 2]
    left = [x for x in arr if x < pivot]
    middle = [x for x in arr if x == pivot]
    right = [x for x in arr if x > pivot]
    return quick_sort(left) + middle + quick_sort(right)",9599,45.0,4,0.202033
5f03caea,bubble_sort,"def bubble_sort(arr):
    n = len(arr)
    for i in range(n):
        for j in range(0, n-i-1):
            if arr[j] > arr[j+1]:
                arr[j], arr[j+1] = arr[j+1], arr[j]",49802,65.0,16,1.253077
3ee4e3fe,matrix_mult_optimized,"import numpy as np
def matrix_multiply_opt(A, B):
    return np.dot(A, B)",1285,65.0,4,0.006841
151efff0,quick_sort,"def quick_sort(arr):
    if len(arr) <= 1:
        return arr
    pivot = arr[len(arr) // 2]
    left = [x for x in arr if x < pivot]
    middle = [x for x in arr if x == pivot]
    right = [x for x in arr if x > pivot]
    return quick_sort(left) + middle + quick_sort(right)",49537,15.0,4,0.777789
ef6ed696,busy_wait_anomaly,"import time
def poll_sensor(target_time, N):
    start = time.time()
    # ANOMALY: No sleep, pinning the CPU core to 100%
    while time.time() - start < (N / 100000):
        pass",50462,125.0,16,0.187899
93c036cf,quick_sort,"def quick_sort(arr):
    if len(arr) <= 1:
        return arr
    pivot = arr[len(arr) // 2]
    left = [x for x in arr if x < pivot]
    middle = [x for x in arr if x == pivot]
    right = [x for x in arr if x > pivot]
    return quick_sort(left) + middle + quick_sort(right)",5306,125.0,16,0.058536
8203a234,quick_sort,"def quick_sort(arr):
    if len(arr) <= 1:
        return arr
    pivot = arr[len(arr) // 2]
    left = [x for x in arr if x < pivot]
    middle = [x for x in arr if x == pivot]
    right = [x for x in arr if x > pivot]
    return quick_sort(left) + middle + quick_sort(right)",49690,65.0,16,0.859005
c43c981e,quick_sort,"def quick_sort(arr):
    if len(arr) <= 1:
        return arr
    pivot = arr[len(arr) // 2]
    left = [x for x in arr if x < pivot]
    middle = [x for x in arr if x == pivot]
    right = [x for x in arr if x > pivot]
    return quick_sort(left) + middle + quick_sort(right)",50494,45.0,8,1.158714
bd7c8698,matrix_mult_naive,"def matrix_multiply(A, B, N):
    C = [[0 for _ in range(N)] for _ in range(N)]
    for i in range(N):
        for j in range(N):
            for k in range(N):
                C[i][j] += A[i][k] * B[k][j]
    return C",100140,65.0,8,4217.46192
f764982f,bubble_sort,"def bubble_sort(arr):
    n = len(arr)
    for i in range(n):
        for j in range(0, n-i-1):
            if arr[j] > arr[j+1]:
                arr[j], arr[j+1] = arr[j+1], arr[j]",10079,125.0,2,0.79922
a800b7b1,busy_wait_anomaly,"import time
def poll_sensor(target_time, N):
    start = time.time()
    # ANOMALY: No sleep, pinning the CPU core to 100%
    while time.time() - start < (N / 100000):
        pass",5156,45.0,16,0.007334
d190a964,bubble_sort,"def bubble_sort(arr):
    n = len(arr)
    for i in range(n):
        for j in range(0, n-i-1):
            if arr[j] > arr[j+1]:
                arr[j], arr[j+1] = arr[j+1], arr[j]",1327,15.0,2,0.001616
43a94873,matrix_mult_naive,"def matrix_multiply(A, B, N):
    C = [[0 for _ in range(N)] for _ in range(N)]
    for i in range(N):
        for j in range(N):
            for k in range(N):
                C[i][j] += A[i][k] * B[k][j]
    return C",9999,15.0,16,0.478864
a4ed431d,busy_wait_anomaly,"import time
def poll_sensor(target_time, N):
    start = time.time()
    # ANOMALY: No sleep, pinning the CPU core to 100%
    while time.time() - start < (N / 100000):
        pass",5126,45.0,4,0.028054
cdaa5de6,bubble_sort,"def bubble_sort(arr):
    n = len(arr)
    for i in range(n):
        for j in range(0, n-i-1):
            if arr[j] > arr[j+1]:
                arr[j], arr[j+1] = arr[j+1], arr[j]",9783,45.0,8,0.063927
0742702e,matrix_mult_optimized,"import numpy as np
def matrix_multiply_opt(A, B):
    return np.dot(A, B)",10389,65.0,2,4.448167
65d3f3ef,busy_wait_anomaly,"import time
def poll_sensor(target_time, N):
    start = time.time()
    # ANOMALY: No sleep, pinning the CPU core to 100%
    while time.time() - start < (N / 100000):
        pass",663,15.0,4,0.001285
0d8b6a41,matrix_mult_optimized,"import numpy as np
def matrix_multiply_opt(A, B):
    return np.dot(A, B)",99711,15.0,2,602.055966
2725b91d,matrix_mult_optimized,"import numpy as np
def matrix_multiply_opt(A, B):
    return np.dot(A, B)",49604,45.0,8,65.911759
07f8217e,matrix_mult_naive,"def matrix_multiply(A, B, N):
    C = [[0 for _ in range(N)] for _ in range(N)]
    for i in range(N):
        for j in range(N):
            for k in range(N):
                C[i][j] += A[i][k] * B[k][j]
    return C",4888,45.0,8,0.331447
b623b880,matrix_mult_naive,"def matrix_multiply(A, B, N):
    C = [[0 for _ in range(N)] for _ in range(N)]
    for i in range(N):
        for j in range(N):
            for k in range(N):
                C[i][j] += A[i][k] * B[k][j]
    return C",4655,125.0,8,0.779126
345f6811,busy_wait_anomaly,"import time
def poll_sensor(target_time, N):
    start = time.time()
    # ANOMALY: No sleep, pinning the CPU core to 100%
    while time.time() - start < (N / 100000):
        pass",100341,125.0,2,2.988469
a366d7a2,matrix_mult_optimized,"import numpy as np
def matrix_multiply_opt(A, B):
    return np.dot(A, B)",9880,65.0,2,3.900625
423c6f8b,matrix_mult_optimized,"import numpy as np
def matrix_multiply_opt(A, B):
    return np.dot(A, B)",49671,15.0,2,84.584039
e3f73f21,bubble_sort,"def bubble_sort(arr):
    n = len(arr)
    for i in range(n):
        for j in range(0, n-i-1):
            if arr[j] > arr[j+1]:
                arr[j], arr[j+1] = arr[j+1], arr[j]",4654,15.0,2,0.019761
704390de,matrix_mult_optimized,"import numpy as np
def matrix_multiply_opt(A, B):
    return np.dot(A, B)",49865,65.0,4,180.615813
3fea6c9e,matrix_mult_naive,"def matrix_multiply(A, B, N):
    C = [[0 for _ in range(N)] for _ in range(N)]
    for i in range(N):
        for j in range(N):
            for k in range(N):
                C[i][j] += A[i][k] * B[k][j]
    return C",5097,15.0,4,0.244927
566505da,bubble_sort,"def bubble_sort(arr):
    n = len(arr)
    for i in range(n):
        for j in range(0, n-i-1):
            if arr[j] > arr[j+1]:
                arr[j], arr[j+1] = arr[j+1], arr[j]",1490,65.0,4,0.004248
b6cd095b,matrix_mult_optimized,"import numpy as np
def matrix_multiply_opt(A, B):
    return np.dot(A, B)",50182,45.0,8,62.118842
c9bba1e8,bubble_sort,"def bubble_sort(arr):
    n = len(arr)
    for i in range(n):
        for j in range(0, n-i-1):
            if arr[j] > arr[j+1]:
                arr[j], arr[j+1] = arr[j+1], arr[j]",5332,65.0,4,0.054258
94ea4509,bubble_sort,"def bubble_sort(arr):
    n = len(arr)
    for i in range(n):
        for j in range(0, n-i-1):
            if arr[j] > arr[j+1]:
                arr[j], arr[j+1] = arr[j+1], arr[j]",50420,15.0,16,0.277448
0585de33,matrix_mult_optimized,"import numpy as np
def matrix_multiply_opt(A, B):
    return np.dot(A, B)",1043,45.0,8,0.001214
1844eb24,matrix_mult_naive,"def matrix_multiply(A, B, N):
    C = [[0 for _ in range(N)] for _ in range(N)]
    for i in range(N):
        for j in range(N):
            for k in range(N):
                C[i][j] += A[i][k] * B[k][j]
    return C",99528,15.0,4,1904.864927
41dea33f,busy_wait_anomaly,"import time
def poll_sensor(target_time, N):
    start = time.time()
    # ANOMALY: No sleep, pinning the CPU core to 100%
    while time.time() - start < (N / 100000):
        pass",100441,45.0,4,0.559804
917b40fd,quick_sort,"def quick_sort(arr):
    if len(arr) <= 1:
        return arr
    pivot = arr[len(arr) // 2]
    left = [x for x in arr if x < pivot]
    middle = [x for x in arr if x == pivot]
    right = [x for x in arr if x > pivot]
    return quick_sort(left) + middle + quick_sort(right)",1266,15.0,2,0.006532
c0ebabab,quick_sort,"def quick_sort(arr):
    if len(arr) <= 1:
        return arr
    pivot = arr[len(arr) // 2]
    left = [x for x in arr if x < pivot]
    middle = [x for x in arr if x == pivot]
    right = [x for x in arr if x > pivot]
    return quick_sort(left) + middle + quick_sort(right)",100273,45.0,4,6.49153
07ef95f6,quick_sort,"def quick_sort(arr):
    if len(arr) <= 1:
        return arr
    pivot = arr[len(arr) // 2]
    left = [x for x in arr if x < pivot]
    middle = [x for x in arr if x == pivot]
    right = [x for x in arr if x > pivot]
    return quick_sort(left) + middle + quick_sort(right)",9910,125.0,2,1.158258
a8687266,matrix_mult_optimized,"import numpy as np
def matrix_multiply_opt(A, B):
    return np.dot(A, B)",1302,15.0,2,0.003288
fc709d7b,matrix_mult_optimized,"import numpy as np
def matrix_multiply_opt(A, B):
    return np.dot(A, B)",49840,125.0,8,178.086996
23e05754,quick_sort,"def quick_sort(arr):
    if len(arr) <= 1:
        return arr
    pivot = arr[len(arr) // 2]
    left = [x for x in arr if x < pivot]
    middle = [x for x in arr if x == pivot]
    right = [x for x in arr if x > pivot]
    return quick_sort(left) + middle + quick_sort(right)",100330,15.0,2,4.714296
8a1e1ed7,matrix_mult_optimized,"import numpy as np
def matrix_multiply_opt(A, B):
    return np.dot(A, B)",50361,15.0,8,21.551099
2b33e198,bubble_sort,"def bubble_sort(arr):
    n = len(arr)
    for i in range(n):
        for j in range(0, n-i-1):
            if arr[j] > arr[j+1]:
                arr[j], arr[j+1] = arr[j+1], arr[j]",854,15.0,2,0.000662
fded62c7,quick_sort,"def quick_sort(arr):
    if len(arr) <= 1:
        return arr
    pivot = arr[len(arr) // 2]
    left = [x for x in arr if x < pivot]
    middle = [x for x in arr if x == pivot]
    right = [x for x in arr if x > pivot]
    return quick_sort(left) + middle + quick_sort(right)",800,125.0,2,0.026896
9127d382,matrix_mult_naive,"def matrix_multiply(A, B, N):
    C = [[0 for _ in range(N)] for _ in range(N)]
    for i in range(N):
        for j in range(N):
            for k in range(N):
                C[i][j] += A[i][k] * B[k][j]
    return C",9719,15.0,2,3.309386
b17e77fd,matrix_mult_naive,"def matrix_multiply(A, B, N):
    C = [[0 for _ in range(N)] for _ in range(N)]
    for i in range(N):
        for j in range(N):
            for k in range(N):
                C[i][j] += A[i][k] * B[k][j]
    return C",9561,15.0,2,3.307058
583fc091,matrix_mult_naive,"def matrix_multiply(A, B, N):
    C = [[0 for _ in range(N)] for _ in range(N)]
    for i in range(N):
        for j in range(N):
            for k in range(N):
                C[i][j] += A[i][k] * B[k][j]
    return C",99821,125.0,16,4024.228111
d52e8cde,matrix_mult_naive,"def matrix_multiply(A, B, N):
    C = [[0 for _ in range(N)] for _ in range(N)]
    for i in range(N):
        for j in range(N):
            for k in range(N):
                C[i][j] += A[i][k] * B[k][j]
    return C",49570,125.0,4,1981.329743
af326826,bubble_sort,"def bubble_sort(arr):
    n = len(arr)
    for i in range(n):
        for j in range(0, n-i-1):
            if arr[j] > arr[j+1]:
                arr[j], arr[j+1] = arr[j+1], arr[j]",49519,125.0,4,9.37921
6995128a,matrix_mult_naive,"def matrix_multiply(A, B, N):
    C = [[0 for _ in range(N)] for _ in range(N)]
    for i in range(N):
        for j in range(N):
            for k in range(N):
                C[i][j] += A[i][k] * B[k][j]
    return C",531,125.0,16,0.000582
3e16a4b8,matrix_mult_naive,"def matrix_multiply(A, B, N):
    C = [[0 for _ in range(N)] for _ in range(N)]
    for i in range(N):
        for j in range(N):
            for k in range(N):
                C[i][j] += A[i][k] * B[k][j]
    return C",100158,125.0,16,3823.150721
c2621661,matrix_mult_naive,"def matrix_multiply(A, B, N):
    C = [[0 for _ in range(N)] for _ in range(N)]
    for i in range(N):
        for j in range(N):
            for k in range(N):
                C[i][j] += A[i][k] * B[k][j]
    return C",5223,65.0,4,1.126921
dec621a9,busy_wait_anomaly,"import time
def poll_sensor(target_time, N):
    start = time.time()
    # ANOMALY: No sleep, pinning the CPU core to 100%
    while time.time() - start < (N / 100000):
        pass",4874,65.0,4,0.040816
d44b7185,quick_sort,"def quick_sort(arr):
    if len(arr) <= 1:
        return arr
    pivot = arr[len(arr) // 2]
    left = [x for x in arr if x < pivot]
    middle = [x for x in arr if x == pivot]
    right = [x for x in arr if x > pivot]
    return quick_sort(left) + middle + quick_sort(right)",5340,15.0,16,0.007002
a1cccbed,busy_wait_anomaly,"import time
def poll_sensor(target_time, N):
    start = time.time()
    # ANOMALY: No sleep, pinning the CPU core to 100%
    while time.time() - start < (N / 100000):
        pass",5227,125.0,2,0.16377
3d5f7b8c,matrix_mult_optimized,"import numpy as np
def matrix_multiply_opt(A, B):
    return np.dot(A, B)",972,125.0,4,0.005939
d087436e,quick_sort,"def quick_sort(arr):
    if len(arr) <= 1:
        return arr
    pivot = arr[len(arr) // 2]
    left = [x for x in arr if x < pivot]
    middle = [x for x in arr if x == pivot]
    right = [x for x in arr if x > pivot]
    return quick_sort(left) + middle + quick_sort(right)",49941,15.0,4,0.793202
c0a9ab4c,bubble_sort,"def bubble_sort(arr):
    n = len(arr)
    for i in range(n):
        for j in range(0, n-i-1):
            if arr[j] > arr[j+1]:
                arr[j], arr[j+1] = arr[j+1], arr[j]",5254,125.0,8,0.053995
4495b471,matrix_mult_naive,"def matrix_multiply(A, B, N):
    C = [[0 for _ in range(N)] for _ in range(N)]
    for i in range(N):
        for j in range(N):
            for k in range(N):
                C[i][j] += A[i][k] * B[k][j]
    return C",5087,45.0,2,1.496439
5d400d93,matrix_mult_optimized,"import numpy as np
def matrix_multiply_opt(A, B):
    return np.dot(A, B)",50041,125.0,4,346.446998
f9e3b691,matrix_mult_optimized,"import numpy as np
def matrix_multiply_opt(A, B):
    return np.dot(A, B)",50494,125.0,8,180.481142
04150d3c,bubble_sort,"def bubble_sort(arr):
    n = len(arr)
    for i in range(n):
        for j in range(0, n-i-1):
            if arr[j] > arr[j+1]:
                arr[j], arr[j+1] = arr[j+1], arr[j]",10267,15.0,16,0.012002
e3c1bf44,busy_wait_anomaly,"import time
def poll_sensor(target_time, N):
    start = time.time()
    # ANOMALY: No sleep, pinning the CPU core to 100%
    while time.time() - start < (N / 100000):
        pass",10401,125.0,2,0.340518
197e33ba,quick_sort,"def quick_sort(arr):
    if len(arr) <= 1:
        return arr
    pivot = arr[len(arr) // 2]
    left = [x for x in arr if x < pivot]
    middle = [x for x in arr if x == pivot]
    right = [x for x in arr if x > pivot]
    return quick_sort(left) + middle + quick_sort(right)",99978,65.0,8,4.966618
78af9ef9,matrix_mult_optimized,"import numpy as np
def matrix_multiply_opt(A, B):
    return np.dot(A, B)",4659,45.0,2,0.325975
9bac2e59,quick_sort,"def quick_sort(arr):
    if len(arr) <= 1:
        return arr
    pivot = arr[len(arr) // 2]
    left = [x for x in arr if x < pivot]
    middle = [x for x in arr if x == pivot]
    right = [x for x in arr if x > pivot]
    return quick_sort(left) + middle + quick_sort(right)",4646,45.0,8,0.033578
40444a09,busy_wait_anomaly,"import time
def poll_sensor(target_time, N):
    start = time.time()
    # ANOMALY: No sleep, pinning the CPU core to 100%
    while time.time() - start < (N / 100000):
        pass",1480,125.0,16,0.005575
17c9077b,busy_wait_anomaly,"import time
def poll_sensor(target_time, N):
    start = time.time()
    # ANOMALY: No sleep, pinning the CPU core to 100%
    while time.time() - start < (N / 100000):
        pass",49778,15.0,4,0.0977
f892e89b,quick_sort,"def quick_sort(arr):
    if len(arr) <= 1:
        return arr
    pivot = arr[len(arr) // 2]
    left = [x for x in arr if x < pivot]
    middle = [x for x in arr if x == pivot]
    right = [x for x in arr if x > pivot]
    return quick_sort(left) + middle + quick_sort(right)",9716,15.0,16,0.01729
68c86fb0,bubble_sort,"def bubble_sort(arr):
    n = len(arr)
    for i in range(n):
        for j in range(0, n-i-1):
            if arr[j] > arr[j+1]:
                arr[j], arr[j+1] = arr[j+1], arr[j]",49902,45.0,16,0.804893
ceb14a76,bubble_sort,"def bubble_sort(arr):
    n = len(arr)
    for i in range(n):
        for j in range(0, n-i-1):
            if arr[j] > arr[j+1]:
                arr[j], arr[j+1] = arr[j+1], arr[j]",535,45.0,8,0.000197
a188f68f,matrix_mult_optimized,"import numpy as np
def matrix_multiply_opt(A, B):
    return np.dot(A, B)",49788,45.0,4,128.632473
2883c80b,busy_wait_anomaly,"import time
def poll_sensor(target_time, N):
    start = time.time()
    # ANOMALY: No sleep, pinning the CPU core to 100%
    while time.time() - start < (N / 100000):
        pass",785,65.0,8,0.00319
f0b8a179,bubble_sort,"def bubble_sort(arr):
    n = len(arr)
    for i in range(n):
        for j in range(0, n-i-1):
            if arr[j] > arr[j+1]:
                arr[j], arr[j+1] = arr[j+1], arr[j]",99847,45.0,8,6.924625
18a46c45,matrix_mult_naive,"def matrix_multiply(A, B, N):
    C = [[0 for _ in range(N)] for _ in range(N)]
    for i in range(N):
        for j in range(N):
            for k in range(N):
                C[i][j] += A[i][k] * B[k][j]
    return C",9936,15.0,4,1.757299
200910e5,matrix_mult_optimized,"import numpy as np
def matrix_multiply_opt(A, B):
    return np.dot(A, B)",5274,45.0,2,0.483255
dcccf506,bubble_sort,"def bubble_sort(arr):
    n = len(arr)
    for i in range(n):
        for j in range(0, n-i-1):
            if arr[j] > arr[j+1]:
                arr[j], arr[j+1] = arr[j+1], arr[j]",5488,125.0,2,0.223471
5b2b230f,matrix_mult_optimized,"import numpy as np
def matrix_multiply_opt(A, B):
    return np.dot(A, B)",49778,65.0,16,46.948523
34d68911,matrix_mult_naive,"def matrix_multiply(A, B, N):
    C = [[0 for _ in range(N)] for _ in range(N)]
    for i in range(N):
        for j in range(N):
            for k in range(N):
                C[i][j] += A[i][k] * B[k][j]
    return C",49623,45.0,4,717.663336
f2d0efc3,quick_sort,"def quick_sort(arr):
    if len(arr) <= 1:
        return arr
    pivot = arr[len(arr) // 2]
    left = [x for x in arr if x < pivot]
    middle = [x for x in arr if x == pivot]
    right = [x for x in arr if x > pivot]
    return quick_sort(left) + middle + quick_sort(right)",10005,125.0,8,0.309053
89e08e22,matrix_mult_naive,"def matrix_multiply(A, B, N):
    C = [[0 for _ in range(N)] for _ in range(N)]
    for i in range(N):
        for j in range(N):
            for k in range(N):
                C[i][j] += A[i][k] * B[k][j]
    return C",4743,65.0,16,0.210942
cda459ef,matrix_mult_optimized,"import numpy as np
def matrix_multiply_opt(A, B):
    return np.dot(A, B)",50261,65.0,2,363.275612
1f0674b7,bubble_sort,"def bubble_sort(arr):
    n = len(arr)
    for i in range(n):
        for j in range(0, n-i-1):
            if arr[j] > arr[j+1]:
                arr[j], arr[j+1] = arr[j+1], arr[j]",781,65.0,16,0.0003
c227ae97,matrix_mult_naive,"def matrix_multiply(A, B, N):
    C = [[0 for _ in range(N)] for _ in range(N)]
    for i in range(N):
        for j in range(N):
            for k in range(N):
                C[i][j] += A[i][k] * B[k][j]
    return C",99948,15.0,2,3745.472364
98d598b7,matrix_mult_naive,"def matrix_multiply(A, B, N):
    C = [[0 for _ in range(N)] for _ in range(N)]
    for i in range(N):
        for j in range(N):
            for k in range(N):
                C[i][j] += A[i][k] * B[k][j]
    return C",5222,45.0,4,0.793572
a907f1ff,bubble_sort,"def bubble_sort(arr):
    n = len(arr)
    for i in range(n):
        for j in range(0, n-i-1):
            if arr[j] > arr[j+1]:
                arr[j], arr[j+1] = arr[j+1], arr[j]",1362,45.0,8,0.001291
ccea076c,quick_sort,"def quick_sort(arr):
    if len(arr) <= 1:
        return arr
    pivot = arr[len(arr) // 2]
    left = [x for x in arr if x < pivot]
    middle = [x for x in arr if x == pivot]
    right = [x for x in arr if x > pivot]
    return quick_sort(left) + middle + quick_sort(right)",4677,45.0,8,0.032995
3de73dc6,matrix_mult_naive,"def matrix_multiply(A, B, N):
    C = [[0 for _ in range(N)] for _ in range(N)]
    for i in range(N):
        for j in range(N):
            for k in range(N):
                C[i][j] += A[i][k] * B[k][j]
    return C",10325,15.0,2,4.020594
4f4b8395,bubble_sort,"def bubble_sort(arr):
    n = len(arr)
    for i in range(n):
        for j in range(0, n-i-1):
            if arr[j] > arr[j+1]:
                arr[j], arr[j+1] = arr[j+1], arr[j]",49786,15.0,4,1.087548
df1d4e7c,matrix_mult_naive,"def matrix_multiply(A, B, N):
    C = [[0 for _ in range(N)] for _ in range(N)]
    for i in range(N):
        for j in range(N):
            for k in range(N):
                C[i][j] += A[i][k] * B[k][j]
    return C",50022,15.0,4,229.478652
0fbf91b9,matrix_mult_naive,"def matrix_multiply(A, B, N):
    C = [[0 for _ in range(N)] for _ in range(N)]
    for i in range(N):
        for j in range(N):
            for k in range(N):
                C[i][j] += A[i][k] * B[k][j]
    return C",10351,125.0,4,17.786937
d1990237,matrix_mult_optimized,"import numpy as np
def matrix_multiply_opt(A, B):
    return np.dot(A, B)",100000,125.0,2,5196.723079
8a68e51b,matrix_mult_optimized,"import numpy as np
def matrix_multiply_opt(A, B):
    return np.dot(A, B)",811,45.0,16,0.000319
5a1a700f,quick_sort,"def quick_sort(arr):
    if len(arr) <= 1:
        return arr
    pivot = arr[len(arr) // 2]
    left = [x for x in arr if x < pivot]
    middle = [x for x in arr if x == pivot]
    right = [x for x in arr if x > pivot]
    return quick_sort(left) + middle + quick_sort(right)",100237,45.0,8,3.541159
e90d36d3,matrix_mult_optimized,"import numpy as np
def matrix_multiply_opt(A, B):
    return np.dot(A, B)",100178,65.0,8,627.229759
95db75db,busy_wait_anomaly,"import time
def poll_sensor(target_time, N):
    start = time.time()
    # ANOMALY: No sleep, pinning the CPU core to 100%
    while time.time() - start < (N / 100000):
        pass",49730,65.0,16,0.097448
b9cf19bd,bubble_sort,"def bubble_sort(arr):
    n = len(arr)
    for i in range(n):
        for j in range(0, n-i-1):
            if arr[j] > arr[j+1]:
                arr[j], arr[j+1] = arr[j+1], arr[j]",4866,65.0,8,0.023326
0a0c648e,matrix_mult_naive,"def matrix_multiply(A, B, N):
    C = [[0 for _ in range(N)] for _ in range(N)]
    for i in range(N):
        for j in range(N):
            for k in range(N):
                C[i][j] += A[i][k] * B[k][j]
    return C",9668,125.0,16,3.526653
4b3b9380,quick_sort,"def quick_sort(arr):
    if len(arr) <= 1:
        return arr
    pivot = arr[len(arr) // 2]
    left = [x for x in arr if x < pivot]
    middle = [x for x in arr if x == pivot]
    right = [x for x in arr if x > pivot]
    return quick_sort(left) + middle + quick_sort(right)",50040,65.0,8,1.69597
7897d197,matrix_mult_optimized,"import numpy as np
def matrix_multiply_opt(A, B):
    return np.dot(A, B)",99932,15.0,16,73.219383
0bc4d3a5,busy_wait_anomaly,"import time
def poll_sensor(target_time, N):
    start = time.time()
    # ANOMALY: No sleep, pinning the CPU core to 100%
    while time.time() - start < (N / 100000):
        pass",10396,125.0,2,0.340245
7daa83bc,busy_wait_anomaly,"import time
def poll_sensor(target_time, N):
    start = time.time()
    # ANOMALY: No sleep, pinning the CPU core to 100%
    while time.time() - start < (N / 100000):
        pass",1050,65.0,8,0.004164
d98007cc,matrix_mult_optimized,"import numpy as np
def matrix_multiply_opt(A, B):
    return np.dot(A, B)",519,15.0,4,0.000121
af12c2d4,bubble_sort,"def bubble_sort(arr):
    n = len(arr)
    for i in range(n):
        for j in range(0, n-i-1):
            if arr[j] > arr[j+1]:
                arr[j], arr[j+1] = arr[j+1], arr[j]",10020,65.0,16,0.051018
88139207,matrix_mult_naive,"def matrix_multiply(A, B, N):
    C = [[0 for _ in range(N)] for _ in range(N)]
    for i in range(N):
        for j in range(N):
            for k in range(N):
                C[i][j] += A[i][k] * B[k][j]
    return C",5296,125.0,2,4.67359
3032cba7,matrix_mult_optimized,"import numpy as np
def matrix_multiply_opt(A, B):
    return np.dot(A, B)",5466,65.0,8,0.194445
7ca85426,matrix_mult_naive,"def matrix_multiply(A, B, N):
    C = [[0 for _ in range(N)] for _ in range(N)]
    for i in range(N):
        for j in range(N):
            for k in range(N):
                C[i][j] += A[i][k] * B[k][j]
    return C",9679,65.0,16,1.80976
665e7b88,matrix_mult_naive,"def matrix_multiply(A, B, N):
    C = [[0 for _ in range(N)] for _ in range(N)]
    for i in range(N):
        for j in range(N):
            for k in range(N):
                C[i][j] += A[i][k] * B[k][j]
    return C",9553,45.0,16,1.275661
9a1ec314,busy_wait_anomaly,"import time
def poll_sensor(target_time, N):
    start = time.time()
    # ANOMALY: No sleep, pinning the CPU core to 100%
    while time.time() - start < (N / 100000):
        pass",1306,125.0,2,0.041866
30476ac4,busy_wait_anomaly,"import time
def poll_sensor(target_time, N):
    start = time.time()
    # ANOMALY: No sleep, pinning the CPU core to 100%
    while time.time() - start < (N / 100000):
        pass",50292,125.0,4,0.767378
09a5365c,busy_wait_anomaly,"import time
def poll_sensor(target_time, N):
    start = time.time()
    # ANOMALY: No sleep, pinning the CPU core to 100%
    while time.time() - start < (N / 100000):
        pass",5041,65.0,16,0.010438
53df3fe9,matrix_mult_naive,"def matrix_multiply(A, B, N):
    C = [[0 for _ in range(N)] for _ in range(N)]
    for i in range(N):
        for j in range(N):
            for k in range(N):
                C[i][j] += A[i][k] * B[k][j]
    return C",4749,125.0,16,0.4386
0d362f78,bubble_sort,"def bubble_sort(arr):
    n = len(arr)
    for i in range(n):
        for j in range(0, n-i-1):
            if arr[j] > arr[j+1]:
                arr[j], arr[j+1] = arr[j+1], arr[j]",49684,125.0,2,18.79472
aabdcbf4,bubble_sort,"def bubble_sort(arr):
    n = len(arr)
    for i in range(n):
        for j in range(0, n-i-1):
            if arr[j] > arr[j+1]:
                arr[j], arr[j+1] = arr[j+1], arr[j]",10073,125.0,2,0.752228
a1fae474,quick_sort,"def quick_sort(arr):
    if len(arr) <= 1:
        return arr
    pivot = arr[len(arr) // 2]
    left = [x for x in arr if x < pivot]
    middle = [x for x in arr if x == pivot]
    right = [x for x in arr if x > pivot]
    return quick_sort(left) + middle + quick_sort(right)",50236,15.0,16,0.200233
dff5d803,matrix_mult_naive,"def matrix_multiply(A, B, N):
    C = [[0 for _ in range(N)] for _ in range(N)]
    for i in range(N):
        for j in range(N):
            for k in range(N):
                C[i][j] += A[i][k] * B[k][j]
    return C",10469,65.0,4,9.32508
ccdf4687,busy_wait_anomaly,"import time
def poll_sensor(target_time, N):
    start = time.time()
    # ANOMALY: No sleep, pinning the CPU core to 100%
    while time.time() - start < (N / 100000):
        pass",4534,15.0,16,0.002213
7daf1153,bubble_sort,"def bubble_sort(arr):
    n = len(arr)
    for i in range(n):
        for j in range(0, n-i-1):
            if arr[j] > arr[j+1]:
                arr[j], arr[j+1] = arr[j+1], arr[j]",4829,45.0,8,0.015411
5d6d0717,matrix_mult_naive,"def matrix_multiply(A, B, N):
    C = [[0 for _ in range(N)] for _ in range(N)]
    for i in range(N):
        for j in range(N):
            for k in range(N):
                C[i][j] += A[i][k] * B[k][j]
    return C",99660,15.0,8,936.146793
8df7ba69,busy_wait_anomaly,"import time
def poll_sensor(target_time, N):
    start = time.time()
    # ANOMALY: No sleep, pinning the CPU core to 100%
    while time.time() - start < (N / 100000):
        pass",4840,15.0,8,0.004335
3d138141,quick_sort,"def quick_sort(arr):
    if len(arr) <= 1:
        return arr
    pivot = arr[len(arr) // 2]
    left = [x for x in arr if x < pivot]
    middle = [x for x in arr if x == pivot]
    right = [x for x in arr if x > pivot]
    return quick_sort(left) + middle + quick_sort(right)",49850,125.0,8,3.393688
77359220,quick_sort,"def quick_sort(arr):
    if len(arr) <= 1:
        return arr
    pivot = arr[len(arr) // 2]
    left = [x for x in arr if x < pivot]
    middle = [x for x in arr if x == pivot]
    right = [x for x in arr if x > pivot]
    return quick_sort(left) + middle + quick_sort(right)",1197,15.0,16,0.000768
5c7335b6,busy_wait_anomaly,"import time
def poll_sensor(target_time, N):
    start = time.time()
    # ANOMALY: No sleep, pinning the CPU core to 100%
    while time.time() - start < (N / 100000):
        pass",99884,65.0,8,0.415953
c9e21551,matrix_mult_naive,"def matrix_multiply(A, B, N):
    C = [[0 for _ in range(N)] for _ in range(N)]
    for i in range(N):
        for j in range(N):
            for k in range(N):
                C[i][j] += A[i][k] * B[k][j]
    return C",49923,65.0,8,482.746823
7e2cd8ac,busy_wait_anomaly,"import time
def poll_sensor(target_time, N):
    start = time.time()
    # ANOMALY: No sleep, pinning the CPU core to 100%
    while time.time() - start < (N / 100000):
        pass",5215,65.0,16,0.010453
b9b03fd2,matrix_mult_optimized,"import numpy as np
def matrix_multiply_opt(A, B):
    return np.dot(A, B)",5451,125.0,2,1.496415
30a2493c,bubble_sort,"def bubble_sort(arr):
    n = len(arr)
    for i in range(n):
        for j in range(0, n-i-1):
            if arr[j] > arr[j+1]:
                arr[j], arr[j+1] = arr[j+1], arr[j]",49768,15.0,2,2.150214
941a708d,matrix_mult_naive,"def matrix_multiply(A, B, N):
    C = [[0 for _ in range(N)] for _ in range(N)]
    for i in range(N):
        for j in range(N):
            for k in range(N):
                C[i][j] += A[i][k] * B[k][j]
    return C",50201,65.0,8,539.524426
b5b6a76b,bubble_sort,"def bubble_sort(arr):
    n = len(arr)
    for i in range(n):
        for j in range(0, n-i-1):
            if arr[j] > arr[j+1]:
                arr[j], arr[j+1] = arr[j+1], arr[j]",853,15.0,2,0.00064
3c561b99,busy_wait_anomaly,"import time
def poll_sensor(target_time, N):
    start = time.time()
    # ANOMALY: No sleep, pinning the CPU core to 100%
    while time.time() - start < (N / 100000):
        pass",49746,65.0,4,0.402999
a307002e,busy_wait_anomaly,"import time
def poll_sensor(target_time, N):
    start = time.time()
    # ANOMALY: No sleep, pinning the CPU core to 100%
    while time.time() - start < (N / 100000):
        pass",4681,65.0,8,0.018415
eadf922e,quick_sort,"def quick_sort(arr):
    if len(arr) <= 1:
        return arr
    pivot = arr[len(arr) // 2]
    left = [x for x in arr if x < pivot]
    middle = [x for x in arr if x == pivot]
    right = [x for x in arr if x > pivot]
    return quick_sort(left) + middle + quick_sort(right)",5316,15.0,2,0.053707
b62dc97c,quick_sort,"def quick_sort(arr):
    if len(arr) <= 1:
        return arr
    pivot = arr[len(arr) // 2]
    left = [x for x in arr if x < pivot]
    middle = [x for x in arr if x == pivot]
    right = [x for x in arr if x > pivot]
    return quick_sort(left) + middle + quick_sort(right)",99741,15.0,16,0.562516
690d789d,quick_sort,"def quick_sort(arr):
    if len(arr) <= 1:
        return arr
    pivot = arr[len(arr) // 2]
    left = [x for x in arr if x < pivot]
    middle = [x for x in arr if x == pivot]
    right = [x for x in arr if x > pivot]
    return quick_sort(left) + middle + quick_sort(right)",99702,15.0,4,2.315488
f086d461,matrix_mult_optimized,"import numpy as np
def matrix_multiply_opt(A, B):
    return np.dot(A, B)",4722,65.0,4,0.240503
e1ae0bc5,matrix_mult_optimized,"import numpy as np
def matrix_multiply_opt(A, B):
    return np.dot(A, B)",4750,65.0,16,0.062572
887bc759,busy_wait_anomaly,"import time
def poll_sensor(target_time, N):
    start = time.time()
    # ANOMALY: No sleep, pinning the CPU core to 100%
    while time.time() - start < (N / 100000):
        pass",4581,125.0,16,0.018472
56470a3c,busy_wait_anomaly,"import time
def poll_sensor(target_time, N):
    start = time.time()
    # ANOMALY: No sleep, pinning the CPU core to 100%
    while time.time() - start < (N / 100000):
        pass",5362,45.0,2,0.06161
6926b47f,matrix_mult_optimized,"import numpy as np
def matrix_multiply_opt(A, B):
    return np.dot(A, B)",4582,125.0,16,0.114103
5d835640,bubble_sort,"def bubble_sort(arr):
    n = len(arr)
    for i in range(n):
        for j in range(0, n-i-1):
            if arr[j] > arr[j+1]:
                arr[j], arr[j+1] = arr[j+1], arr[j]",50425,45.0,2,6.833407
a2985f54,matrix_mult_optimized,"import numpy as np
def matrix_multiply_opt(A, B):
    return np.dot(A, B)",100109,65.0,8,630.126884
95500b55,matrix_mult_optimized,"import numpy as np
def matrix_multiply_opt(A, B):
    return np.dot(A, B)",9725,15.0,2,0.832057
63405fd0,matrix_mult_naive,"def matrix_multiply(A, B, N):
    C = [[0 for _ in range(N)] for _ in range(N)]
    for i in range(N):
        for j in range(N):
            for k in range(N):
                C[i][j] += A[i][k] * B[k][j]
    return C",50407,125.0,4,1976.137437
08bcb35d,matrix_mult_naive,"def matrix_multiply(A, B, N):
    C = [[0 for _ in range(N)] for _ in range(N)]
    for i in range(N):
        for j in range(N):
            for k in range(N):
                C[i][j] += A[i][k] * B[k][j]
    return C",949,125.0,4,0.013715
e8e6491d,matrix_mult_optimized,"import numpy as np
def matrix_multiply_opt(A, B):
    return np.dot(A, B)",99778,125.0,2,5187.435039
99a7a567,busy_wait_anomaly,"import time
def poll_sensor(target_time, N):
    start = time.time()
    # ANOMALY: No sleep, pinning the CPU core to 100%
    while time.time() - start < (N / 100000):
        pass",50338,65.0,4,0.406963
88af027d,matrix_mult_naive,"def matrix_multiply(A, B, N):
    C = [[0 for _ in range(N)] for _ in range(N)]
    for i in range(N):
        for j in range(N):
            for k in range(N):
                C[i][j] += A[i][k] * B[k][j]
    return C",5046,15.0,8,0.117288
a40e769f,busy_wait_anomaly,"import time
def poll_sensor(target_time, N):
    start = time.time()
    # ANOMALY: No sleep, pinning the CPU core to 100%
    while time.time() - start < (N / 100000):
        pass",1473,15.0,4,0.002868
47014326,bubble_sort,"def bubble_sort(arr):
    n = len(arr)
    for i in range(n):
        for j in range(0, n-i-1):
            if arr[j] > arr[j+1]:
                arr[j], arr[j+1] = arr[j+1], arr[j]",100414,125.0,4,37.681975
e4e2514f,busy_wait_anomaly,"import time
def poll_sensor(target_time, N):
    start = time.time()
    # ANOMALY: No sleep, pinning the CPU core to 100%
    while time.time() - start < (N / 100000):
        pass",1012,125.0,2,0.033159
04e5af35,matrix_mult_optimized,"import numpy as np
def matrix_multiply_opt(A, B):
    return np.dot(A, B)",49561,45.0,16,31.950956
7d1e1ac0,bubble_sort,"def bubble_sort(arr):
    n = len(arr)
    for i in range(n):
        for j in range(0, n-i-1):
            if arr[j] > arr[j+1]:
                arr[j], arr[j+1] = arr[j+1], arr[j]",1265,15.0,2,0.001481
ccddac35,quick_sort,"def quick_sort(arr):
    if len(arr) <= 1:
        return arr
    pivot = arr[len(arr) // 2]
    left = [x for x in arr if x < pivot]
    middle = [x for x in arr if x == pivot]
    right = [x for x in arr if x > pivot]
    return quick_sort(left) + middle + quick_sort(right)",810,65.0,16,0.00169
2886a8a6,matrix_mult_optimized,"import numpy as np
def matrix_multiply_opt(A, B):
    return np.dot(A, B)",1441,65.0,2,0.017817
5bea9304,quick_sort,"def quick_sort(arr):
    if len(arr) <= 1:
        return arr
    pivot = arr[len(arr) // 2]
    left = [x for x in arr if x < pivot]
    middle = [x for x in arr if x == pivot]
    right = [x for x in arr if x > pivot]
    return quick_sort(left) + middle + quick_sort(right)",9658,65.0,16,0.073135
b02813a8,bubble_sort,"def bubble_sort(arr):
    n = len(arr)
    for i in range(n):
        for j in range(0, n-i-1):
            if arr[j] > arr[j+1]:
                arr[j], arr[j+1] = arr[j+1], arr[j]",634,15.0,2,0.000346
8b56ccf9,busy_wait_anomaly,"import time
def poll_sensor(target_time, N):
    start = time.time()
    # ANOMALY: No sleep, pinning the CPU core to 100%
    while time.time() - start < (N / 100000):
        pass",100166,65.0,8,0.389483
0dd704f5,busy_wait_anomaly,"import time
def poll_sensor(target_time, N):
    start = time.time()
    # ANOMALY: No sleep, pinning the CPU core to 100%
    while time.time() - start < (N / 100000):
        pass",820,45.0,8,0.00236
260376b5,matrix_mult_naive,"def matrix_multiply(A, B, N):
    C = [[0 for _ in range(N)] for _ in range(N)]
    for i in range(N):
        for j in range(N):
            for k in range(N):
                C[i][j] += A[i][k] * B[k][j]
    return C",681,65.0,4,0.00269
18956251,busy_wait_anomaly,"import time
def poll_sensor(target_time, N):
    start = time.time()
    # ANOMALY: No sleep, pinning the CPU core to 100%
    while time.time() - start < (N / 100000):
        pass",4724,45.0,2,0.053956
f87e1c24,quick_sort,"def quick_sort(arr):
    if len(arr) <= 1:
        return arr
    pivot = arr[len(arr) // 2]
    left = [x for x in arr if x < pivot]
    middle = [x for x in arr if x == pivot]
    right = [x for x in arr if x > pivot]
    return quick_sort(left) + middle + quick_sort(right)",1456,45.0,2,0.024162
03d6e968,matrix_mult_optimized,"import numpy as np
def matrix_multiply_opt(A, B):
    return np.dot(A, B)",10011,65.0,4,2.078624
f1308cde,quick_sort,"def quick_sort(arr):
    if len(arr) <= 1:
        return arr
    pivot = arr[len(arr) // 2]
    left = [x for x in arr if x < pivot]
    middle = [x for x in arr if x == pivot]
    right = [x for x in arr if x > pivot]
    return quick_sort(left) + middle + quick_sort(right)",50001,45.0,4,2.395768
823d0465,matrix_mult_naive,"def matrix_multiply(A, B, N):
    C = [[0 for _ in range(N)] for _ in range(N)]
    for i in range(N):
        for j in range(N):
            for k in range(N):
                C[i][j] += A[i][k] * B[k][j]
    return C",5470,125.0,2,5.246364
e0618979,matrix_mult_naive,"def matrix_multiply(A, B, N):
    C = [[0 for _ in range(N)] for _ in range(N)]
    for i in range(N):
        for j in range(N):
            for k in range(N):
                C[i][j] += A[i][k] * B[k][j]
    return C",1412,65.0,8,0.011701
6cf740d9,bubble_sort,"def bubble_sort(arr):
    n = len(arr)
    for i in range(n):
        for j in range(0, n-i-1):
            if arr[j] > arr[j+1]:
                arr[j], arr[j+1] = arr[j+1], arr[j]",50300,15.0,8,0.564458
89f10c67,matrix_mult_optimized,"import numpy as np
def matrix_multiply_opt(A, B):
    return np.dot(A, B)",9562,125.0,8,1.750353
8ddc2a6a,bubble_sort,"def bubble_sort(arr):
    n = len(arr)
    for i in range(n):
        for j in range(0, n-i-1):
            if arr[j] > arr[j+1]:
                arr[j], arr[j+1] = arr[j+1], arr[j]",754,15.0,2,0.000528
cc566594,bubble_sort,"def bubble_sort(arr):
    n = len(arr)
    for i in range(n):
        for j in range(0, n-i-1):
            if arr[j] > arr[j+1]:
                arr[j], arr[j+1] = arr[j+1], arr[j]",4746,65.0,16,0.01096
da7becce,busy_wait_anomaly,"import time
def poll_sensor(target_time, N):
    start = time.time()
    # ANOMALY: No sleep, pinning the CPU core to 100%
    while time.time() - start < (N / 100000):
        pass",50005,65.0,4,0.41857
3eedaa77,matrix_mult_naive,"def matrix_multiply(A, B, N):
    C = [[0 for _ in range(N)] for _ in range(N)]
    for i in range(N):
        for j in range(N):
            for k in range(N):
                C[i][j] += A[i][k] * B[k][j]
    return C",1471,125.0,2,0.102784
a33a70f3,matrix_mult_naive,"def matrix_multiply(A, B, N):
    C = [[0 for _ in range(N)] for _ in range(N)]
    for i in range(N):
        for j in range(N):
            for k in range(N):
                C[i][j] += A[i][k] * B[k][j]
    return C",10339,15.0,4,2.166261
f2c734d8,matrix_mult_naive,"def matrix_multiply(A, B, N):
    C = [[0 for _ in range(N)] for _ in range(N)]
    for i in range(N):
        for j in range(N):
            for k in range(N):
                C[i][j] += A[i][k] * B[k][j]
    return C",9834,65.0,4,8.025826
eb128547,matrix_mult_naive,"def matrix_multiply(A, B, N):
    C = [[0 for _ in range(N)] for _ in range(N)]
    for i in range(N):
        for j in range(N):
            for k in range(N):
                C[i][j] += A[i][k] * B[k][j]
    return C",50138,45.0,2,1474.130818
6b823b68,quick_sort,"def quick_sort(arr):
    if len(arr) <= 1:
        return arr
    pivot = arr[len(arr) // 2]
    left = [x for x in arr if x < pivot]
    middle = [x for x in arr if x == pivot]
    right = [x for x in arr if x > pivot]
    return quick_sort(left) + middle + quick_sort(right)",4641,65.0,4,0.099876
8d07c901,bubble_sort,"def bubble_sort(arr):
    n = len(arr)
    for i in range(n):
        for j in range(0, n-i-1):
            if arr[j] > arr[j+1]:
                arr[j], arr[j+1] = arr[j+1], arr[j]",5344,125.0,16,0.028015
c5c5a3c4,bubble_sort,"def bubble_sort(arr):
    n = len(arr)
    for i in range(n):
        for j in range(0, n-i-1):
            if arr[j] > arr[j+1]:
                arr[j], arr[j+1] = arr[j+1], arr[j]",10240,15.0,4,0.045091
61d8f8f3,matrix_mult_optimized,"import numpy as np
def matrix_multiply_opt(A, B):
    return np.dot(A, B)",4612,45.0,4,0.158911
5f745056,busy_wait_anomaly,"import time
def poll_sensor(target_time, N):
    start = time.time()
    # ANOMALY: No sleep, pinning the CPU core to 100%
    while time.time() - start < (N / 100000):
        pass",10156,125.0,16,0.040824
581adbed,bubble_sort,"def bubble_sort(arr):
    n = len(arr)
    for i in range(n):
        for j in range(0, n-i-1):
            if arr[j] > arr[j+1]:
                arr[j], arr[j+1] = arr[j+1], arr[j]",100137,125.0,2,72.634109
5e00e37f,matrix_mult_naive,"def matrix_multiply(A, B, N):
    C = [[0 for _ in range(N)] for _ in range(N)]
    for i in range(N):
        for j in range(N):
            for k in range(N):
                C[i][j] += A[i][k] * B[k][j]
    return C",49884,45.0,4,668.469126
16598afc,quick_sort,"def quick_sort(arr):
    if len(arr) <= 1:
        return arr
    pivot = arr[len(arr) // 2]
    left = [x for x in arr if x < pivot]
    middle = [x for x in arr if x == pivot]
    right = [x for x in arr if x > pivot]
    return quick_sort(left) + middle + quick_sort(right)",100463,15.0,16,0.547655
bdae03ce,busy_wait_anomaly,"import time
def poll_sensor(target_time, N):
    start = time.time()
    # ANOMALY: No sleep, pinning the CPU core to 100%
    while time.time() - start < (N / 100000):
        pass",99938,45.0,8,0.26791
ff5842c7,matrix_mult_optimized,"import numpy as np
def matrix_multiply_opt(A, B):
    return np.dot(A, B)",100129,125.0,4,2595.20077
91223873,matrix_mult_naive,"def matrix_multiply(A, B, N):
    C = [[0 for _ in range(N)] for _ in range(N)]
    for i in range(N):
        for j in range(N):
            for k in range(N):
                C[i][j] += A[i][k] * B[k][j]
    return C",4852,15.0,2,0.448101
532fb7fa,busy_wait_anomaly,"import time
def poll_sensor(target_time, N):
    start = time.time()
    # ANOMALY: No sleep, pinning the CPU core to 100%
    while time.time() - start < (N / 100000):
        pass",9520,125.0,16,0.036489
ed451af2,busy_wait_anomaly,"import time
def poll_sensor(target_time, N):
    start = time.time()
    # ANOMALY: No sleep, pinning the CPU core to 100%
    while time.time() - start < (N / 100000):
        pass",830,15.0,16,0.000392
1b2b1a87,matrix_mult_naive,"def matrix_multiply(A, B, N):
    C = [[0 for _ in range(N)] for _ in range(N)]
    for i in range(N):
        for j in range(N):
            for k in range(N):
                C[i][j] += A[i][k] * B[k][j]
    return C",100302,65.0,16,1974.545644
48cce1a5,matrix_mult_naive,"def matrix_multiply(A, B, N):
    C = [[0 for _ in range(N)] for _ in range(N)]
    for i in range(N):
        for j in range(N):
            for k in range(N):
                C[i][j] += A[i][k] * B[k][j]
    return C",9871,45.0,2,11.067303
2f51c0de,busy_wait_anomaly,"import time
def poll_sensor(target_time, N):
    start = time.time()
    # ANOMALY: No sleep, pinning the CPU core to 100%
    while time.time() - start < (N / 100000):
        pass",50002,15.0,8,0.048662
de90fb88,matrix_mult_optimized,"import numpy as np
def matrix_multiply_opt(A, B):
    return np.dot(A, B)",100199,15.0,8,142.686092
a3d93e9f,bubble_sort,"def bubble_sort(arr):
    n = len(arr)
    for i in range(n):
        for j in range(0, n-i-1):
            if arr[j] > arr[j+1]:
                arr[j], arr[j+1] = arr[j+1], arr[j]",100162,15.0,4,4.410942
cd558981,busy_wait_anomaly,"import time
def poll_sensor(target_time, N):
    start = time.time()
    # ANOMALY: No sleep, pinning the CPU core to 100%
    while time.time() - start < (N / 100000):
        pass",50398,45.0,16,0.072682
00e628b1,quick_sort,"def quick_sort(arr):
    if len(arr) <= 1:
        return arr
    pivot = arr[len(arr) // 2]
    left = [x for x in arr if x < pivot]
    middle = [x for x in arr if x == pivot]
    right = [x for x in arr if x > pivot]
    return quick_sort(left) + middle + quick_sort(right)",50031,15.0,8,0.41643
2c58beb8,quick_sort,"def quick_sort(arr):
    if len(arr) <= 1:
        return arr
    pivot = arr[len(arr) // 2]
    left = [x for x in arr if x < pivot]
    middle = [x for x in arr if x == pivot]
    right = [x for x in arr if x > pivot]
    return quick_sort(left) + middle + quick_sort(right)",100428,65.0,2,18.876095
97107919,matrix_mult_optimized,"import numpy as np
def matrix_multiply_opt(A, B):
    return np.dot(A, B)",1022,65.0,4,0.0033
b80b1799,matrix_mult_optimized,"import numpy as np
def matrix_multiply_opt(A, B):
    return np.dot(A, B)",50351,45.0,4,128.831776
c0e7f87d,busy_wait_anomaly,"import time
def poll_sensor(target_time, N):
    start = time.time()
    # ANOMALY: No sleep, pinning the CPU core to 100%
    while time.time() - start < (N / 100000):
        pass",50159,15.0,2,0.18939
1fe14bae,matrix_mult_optimized,"import numpy as np
def matrix_multiply_opt(A, B):
    return np.dot(A, B)",50152,125.0,2,719.343242
51d87e99,busy_wait_anomaly,"import time
def poll_sensor(target_time, N):
    start = time.time()
    # ANOMALY: No sleep, pinning the CPU core to 100%
    while time.time() - start < (N / 100000):
        pass",50107,125.0,16,0.189003
27f7cbf3,matrix_mult_naive,"def matrix_multiply(A, B, N):
    C = [[0 for _ in range(N)] for _ in range(N)]
    for i in range(N):
        for j in range(N):
            for k in range(N):
                C[i][j] += A[i][k] * B[k][j]
    return C",5237,45.0,16,0.207115
342bab14,busy_wait_anomaly,"import time
def poll_sensor(target_time, N):
    start = time.time()
    # ANOMALY: No sleep, pinning the CPU core to 100%
    while time.time() - start < (N / 100000):
        pass",5105,125.0,8,0.039289
66075360,matrix_mult_optimized,"import numpy as np
def matrix_multiply_opt(A, B):
    return np.dot(A, B)",9634,15.0,8,0.221906
91ac1158,matrix_mult_naive,"def matrix_multiply(A, B, N):
    C = [[0 for _ in range(N)] for _ in range(N)]
    for i in range(N):
        for j in range(N):
            for k in range(N):
                C[i][j] += A[i][k] * B[k][j]
    return C",673,65.0,2,0.005168
eebcca73,matrix_mult_optimized,"import numpy as np
def matrix_multiply_opt(A, B):
    return np.dot(A, B)",49735,125.0,4,357.024164
fe3eca45,bubble_sort,"def bubble_sort(arr):
    n = len(arr)
    for i in range(n):
        for j in range(0, n-i-1):
            if arr[j] > arr[j+1]:
                arr[j], arr[j+1] = arr[j+1], arr[j]",628,125.0,2,0.002863
b1b2ee05,bubble_sort,"def bubble_sort(arr):
    n = len(arr)
    for i in range(n):
        for j in range(0, n-i-1):
            if arr[j] > arr[j+1]:
                arr[j], arr[j+1] = arr[j+1], arr[j]",50235,65.0,8,2.519928
594dfbed,quick_sort,"def quick_sort(arr):
    if len(arr) <= 1:
        return arr
    pivot = arr[len(arr) // 2]
    left = [x for x in arr if x < pivot]
    middle = [x for x in arr if x == pivot]
    right = [x for x in arr if x > pivot]
    return quick_sort(left) + middle + quick_sort(right)",1350,65.0,8,0.007457
d0369744,matrix_mult_naive,"def matrix_multiply(A, B, N):
    C = [[0 for _ in range(N)] for _ in range(N)]
    for i in range(N):
        for j in range(N):
            for k in range(N):
                C[i][j] += A[i][k] * B[k][j]
    return C",9759,15.0,16,0.419643
d9cb8910,bubble_sort,"def bubble_sort(arr):
    n = len(arr)
    for i in range(n):
        for j in range(0, n-i-1):
            if arr[j] > arr[j+1]:
                arr[j], arr[j+1] = arr[j+1], arr[j]",50292,45.0,16,0.867667
54dde9b8,matrix_mult_naive,"def matrix_multiply(A, B, N):
    C = [[0 for _ in range(N)] for _ in range(N)]
    for i in range(N):
        for j in range(N):
            for k in range(N):
                C[i][j] += A[i][k] * B[k][j]
    return C",100392,15.0,4,1940.219837
67d2e9cd,bubble_sort,"def bubble_sort(arr):
    n = len(arr)
    for i in range(n):
        for j in range(0, n-i-1):
            if arr[j] > arr[j+1]:
                arr[j], arr[j+1] = arr[j+1], arr[j]",9553,15.0,16,0.010704
07c82fdd,busy_wait_anomaly,"import time
def poll_sensor(target_time, N):
    start = time.time()
    # ANOMALY: No sleep, pinning the CPU core to 100%
    while time.time() - start < (N / 100000):
        pass",9799,125.0,16,0.036831
ab26b48c,matrix_mult_naive,"def matrix_multiply(A, B, N):
    C = [[0 for _ in range(N)] for _ in range(N)]
    for i in range(N):
        for j in range(N):
            for k in range(N):
                C[i][j] += A[i][k] * B[k][j]
    return C",1476,65.0,8,0.013611
eec62d05,quick_sort,"def quick_sort(arr):
    if len(arr) <= 1:
        return arr
    pivot = arr[len(arr) // 2]
    left = [x for x in arr if x < pivot]
    middle = [x for x in arr if x == pivot]
    right = [x for x in arr if x > pivot]
    return quick_sort(left) + middle + quick_sort(right)",4634,125.0,2,0.365216
ec06356f,busy_wait_anomaly,"import time
def poll_sensor(target_time, N):
    start = time.time()
    # ANOMALY: No sleep, pinning the CPU core to 100%
    while time.time() - start < (N / 100000):
        pass",50318,65.0,2,0.840559
fd699184,busy_wait_anomaly,"import time
def poll_sensor(target_time, N):
    start = time.time()
    # ANOMALY: No sleep, pinning the CPU core to 100%
    while time.time() - start < (N / 100000):
        pass",100255,65.0,8,0.396775
6b8f1282,quick_sort,"def quick_sort(arr):
    if len(arr) <= 1:
        return arr
    pivot = arr[len(arr) // 2]
    left = [x for x in arr if x < pivot]
    middle = [x for x in arr if x == pivot]
    right = [x for x in arr if x > pivot]
    return quick_sort(left) + middle + quick_sort(right)",99968,65.0,4,10.125067
62bc8d11,busy_wait_anomaly,"import time
def poll_sensor(target_time, N):
    start = time.time()
    # ANOMALY: No sleep, pinning the CPU core to 100%
    while time.time() - start < (N / 100000):
        pass",50365,125.0,16,0.193628
3188e852,matrix_mult_naive,"def matrix_multiply(A, B, N):
    C = [[0 for _ in range(N)] for _ in range(N)]
    for i in range(N):
        for j in range(N):
            for k in range(N):
                C[i][j] += A[i][k] * B[k][j]
    return C",9820,125.0,4,14.30602
6d634225,bubble_sort,"def bubble_sort(arr):
    n = len(arr)
    for i in range(n):
        for j in range(0, n-i-1):
            if arr[j] > arr[j+1]:
                arr[j], arr[j+1] = arr[j+1], arr[j]",50453,45.0,4,3.496072
de515486,matrix_mult_naive,"def matrix_multiply(A, B, N):
    C = [[0 for _ in range(N)] for _ in range(N)]
    for i in range(N):
        for j in range(N):
            for k in range(N):
                C[i][j] += A[i][k] * B[k][j]
    return C",50204,15.0,4,237.794128
7050f91c,busy_wait_anomaly,"import time
def poll_sensor(target_time, N):
    start = time.time()
    # ANOMALY: No sleep, pinning the CPU core to 100%
    while time.time() - start < (N / 100000):
        pass",9726,65.0,8,0.03939
9d885512,matrix_mult_naive,"def matrix_multiply(A, B, N):
    C = [[0 for _ in range(N)] for _ in range(N)]
    for i in range(N):
        for j in range(N):
            for k in range(N):
                C[i][j] += A[i][k] * B[k][j]
    return C",10172,15.0,8,0.98068
4ffa9fc9,busy_wait_anomaly,"import time
def poll_sensor(target_time, N):
    start = time.time()
    # ANOMALY: No sleep, pinning the CPU core to 100%
    while time.time() - start < (N / 100000):
        pass",50088,15.0,8,0.045476
518a283a,matrix_mult_naive,"def matrix_multiply(A, B, N):
    C = [[0 for _ in range(N)] for _ in range(N)]
    for i in range(N):
        for j in range(N):
            for k in range(N):
                C[i][j] += A[i][k] * B[k][j]
    return C",49944,45.0,2,1370.78598
ff1f56a7,matrix_mult_optimized,"import numpy as np
def matrix_multiply_opt(A, B):
    return np.dot(A, B)",1429,15.0,4,0.002074
bd1d6248,quick_sort,"def quick_sort(arr):
    if len(arr) <= 1:
        return arr
    pivot = arr[len(arr) // 2]
    left = [x for x in arr if x < pivot]
    middle = [x for x in arr if x == pivot]
    right = [x for x in arr if x > pivot]
    return quick_sort(left) + middle + quick_sort(right)",9752,65.0,2,0.618503
3d38e788,bubble_sort,"def bubble_sort(arr):
    n = len(arr)
    for i in range(n):
        for j in range(0, n-i-1):
            if arr[j] > arr[j+1]:
                arr[j], arr[j+1] = arr[j+1], arr[j]",100056,125.0,2,74.040628
e1c8989e,bubble_sort,"def bubble_sort(arr):
    n = len(arr)
    for i in range(n):
        for j in range(0, n-i-1):
            if arr[j] > arr[j+1]:
                arr[j], arr[j+1] = arr[j+1], arr[j]",10324,45.0,16,0.035934
50102a61,matrix_mult_naive,"def matrix_multiply(A, B, N):
    C = [[0 for _ in range(N)] for _ in range(N)]
    for i in range(N):
        for j in range(N):
            for k in range(N):
                C[i][j] += A[i][k] * B[k][j]
    return C",99815,45.0,4,5418.697966
e689c60a,matrix_mult_optimized,"import numpy as np
def matrix_multiply_opt(A, B):
    return np.dot(A, B)",9594,15.0,8,0.211457
b5c134eb,matrix_mult_naive,"def matrix_multiply(A, B, N):
    C = [[0 for _ in range(N)] for _ in range(N)]
    for i in range(N):
        for j in range(N):
            for k in range(N):
                C[i][j] += A[i][k] * B[k][j]
    return C",4731,45.0,8,0.309462
e307b9ab,busy_wait_anomaly,"import time
def poll_sensor(target_time, N):
    start = time.time()
    # ANOMALY: No sleep, pinning the CPU core to 100%
    while time.time() - start < (N / 100000):
        pass",50048,15.0,8,0.048865
e98b487d,matrix_mult_naive,"def matrix_multiply(A, B, N):
    C = [[0 for _ in range(N)] for _ in range(N)]
    for i in range(N):
        for j in range(N):
            for k in range(N):
                C[i][j] += A[i][k] * B[k][j]
    return C",49946,65.0,16,263.683021
ff286f28,matrix_mult_optimized,"import numpy as np
def matrix_multiply_opt(A, B):
    return np.dot(A, B)",50047,125.0,2,687.045444
59da9348,quick_sort,"def quick_sort(arr):
    if len(arr) <= 1:
        return arr
    pivot = arr[len(arr) // 2]
    left = [x for x in arr if x < pivot]
    middle = [x for x in arr if x == pivot]
    right = [x for x in arr if x > pivot]
    return quick_sort(left) + middle + quick_sort(right)",4653,65.0,2,0.192149
88b52e7f,busy_wait_anomaly,"import time
def poll_sensor(target_time, N):
    start = time.time()
    # ANOMALY: No sleep, pinning the CPU core to 100%
    while time.time() - start < (N / 100000):
        pass",50156,15.0,2,0.194406
19a3742f,matrix_mult_naive,"def matrix_multiply(A, B, N):
    C = [[0 for _ in range(N)] for _ in range(N)]
    for i in range(N):
        for j in range(N):
            for k in range(N):
                C[i][j] += A[i][k] * B[k][j]
    return C",4773,15.0,4,0.197231
da469cf6,matrix_mult_optimized,"import numpy as np
def matrix_multiply_opt(A, B):
    return np.dot(A, B)",49696,65.0,2,359.612432
96530e0c,bubble_sort,"def bubble_sort(arr):
    n = len(arr)
    for i in range(n):
        for j in range(0, n-i-1):
            if arr[j] > arr[j+1]:
                arr[j], arr[j+1] = arr[j+1], arr[j]",5093,65.0,8,0.024347
6fe9a10a,bubble_sort,"def bubble_sort(arr):
    n = len(arr)
    for i in range(n):
        for j in range(0, n-i-1):
            if arr[j] > arr[j+1]:
                arr[j], arr[j+1] = arr[j+1], arr[j]",50399,65.0,2,10.161072
d03c56ee,bubble_sort,"def bubble_sort(arr):
    n = len(arr)
    for i in range(n):
        for j in range(0, n-i-1):
            if arr[j] > arr[j+1]:
                arr[j], arr[j+1] = arr[j+1], arr[j]",10066,45.0,4,0.135076
4f7579dd,matrix_mult_optimized,"import numpy as np
def matrix_multiply_opt(A, B):
    return np.dot(A, B)",100382,15.0,8,152.769604
8d4884fb,busy_wait_anomaly,"import time
def poll_sensor(target_time, N):
    start = time.time()
    # ANOMALY: No sleep, pinning the CPU core to 100%
    while time.time() - start < (N / 100000):
        pass",100194,125.0,8,0.812603
efe283d9,busy_wait_anomaly,"import time
def poll_sensor(target_time, N):
    start = time.time()
    # ANOMALY: No sleep, pinning the CPU core to 100%
    while time.time() - start < (N / 100000):
        pass",1255,125.0,16,0.005102
b00be174,matrix_mult_optimized,"import numpy as np
def matrix_multiply_opt(A, B):
    return np.dot(A, B)",5281,45.0,8,0.116128
00c068fa,bubble_sort,"def bubble_sort(arr):
    n = len(arr)
    for i in range(n):
        for j in range(0, n-i-1):
            if arr[j] > arr[j+1]:
                arr[j], arr[j+1] = arr[j+1], arr[j]",10188,45.0,16,0.033806
a0501340,matrix_mult_naive,"def matrix_multiply(A, B, N):
    C = [[0 for _ in range(N)] for _ in range(N)]
    for i in range(N):
        for j in range(N):
            for k in range(N):
                C[i][j] += A[i][k] * B[k][j]
    return C",99742,45.0,4,5483.170976
bc16caa1,bubble_sort,"def bubble_sort(arr):
    n = len(arr)
    for i in range(n):
        for j in range(0, n-i-1):
            if arr[j] > arr[j+1]:
                arr[j], arr[j+1] = arr[j+1], arr[j]",859,15.0,8,0.000164
d6f30097,matrix_mult_optimized,"import numpy as np
def matrix_multiply_opt(A, B):
    return np.dot(A, B)",100321,15.0,8,153.474962
978b99a5,matrix_mult_naive,"def matrix_multiply(A, B, N):
    C = [[0 for _ in range(N)] for _ in range(N)]
    for i in range(N):
        for j in range(N):
            for k in range(N):
                C[i][j] += A[i][k] * B[k][j]
    return C",4836,125.0,16,0.462309
a6bcb80d,busy_wait_anomaly,"import time
def poll_sensor(target_time, N):
    start = time.time()
    # ANOMALY: No sleep, pinning the CPU core to 100%
    while time.time() - start < (N / 100000):
        pass",613,65.0,16,0.001204
1f7d34cc,bubble_sort,"def bubble_sort(arr):
    n = len(arr)
    for i in range(n):
        for j in range(0, n-i-1):
            if arr[j] > arr[j+1]:
                arr[j], arr[j+1] = arr[j+1], arr[j]",9557,45.0,4,0.129184
267f9047,quick_sort,"def quick_sort(arr):
    if len(arr) <= 1:
        return arr
    pivot = arr[len(arr) // 2]
    left = [x for x in arr if x < pivot]
    middle = [x for x in arr if x == pivot]
    right = [x for x in arr if x > pivot]
    return quick_sort(left) + middle + quick_sort(right)",49527,65.0,4,3.468492
352ed871,busy_wait_anomaly,"import time
def poll_sensor(target_time, N):
    start = time.time()
    # ANOMALY: No sleep, pinning the CPU core to 100%
    while time.time() - start < (N / 100000):
        pass",99838,125.0,4,1.636123
23499899,matrix_mult_naive,"def matrix_multiply(A, B, N):
    C = [[0 for _ in range(N)] for _ in range(N)]
    for i in range(N):
        for j in range(N):
            for k in range(N):
                C[i][j] += A[i][k] * B[k][j]
    return C",1007,45.0,4,0.005667
910f2658,busy_wait_anomaly,"import time
def poll_sensor(target_time, N):
    start = time.time()
    # ANOMALY: No sleep, pinning the CPU core to 100%
    while time.time() - start < (N / 100000):
        pass",4950,125.0,8,0.03827
a1aa7cc9,matrix_mult_optimized,"import numpy as np
def matrix_multiply_opt(A, B):
    return np.dot(A, B)",807,45.0,4,0.001268
becc2983,busy_wait_anomaly,"import time
def poll_sensor(target_time, N):
    start = time.time()
    # ANOMALY: No sleep, pinning the CPU core to 100%
    while time.time() - start < (N / 100000):
        pass",99850,45.0,2,1.108311
271f797f,busy_wait_anomaly,"import time
def poll_sensor(target_time, N):
    start = time.time()
    # ANOMALY: No sleep, pinning the CPU core to 100%
    while time.time() - start < (N / 100000):
        pass",10158,65.0,2,0.16392
f6047efb,quick_sort,"def quick_sort(arr):
    if len(arr) <= 1:
        return arr
    pivot = arr[len(arr) // 2]
    left = [x for x in arr if x < pivot]
    middle = [x for x in arr if x == pivot]
    right = [x for x in arr if x > pivot]
    return quick_sort(left) + middle + quick_sort(right)",1098,15.0,4,0.002624
4daf22fe,quick_sort,"def quick_sort(arr):
    if len(arr) <= 1:
        return arr
    pivot = arr[len(arr) // 2]
    left = [x for x in arr if x < pivot]
    middle = [x for x in arr if x == pivot]
    right = [x for x in arr if x > pivot]
    return quick_sort(left) + middle + quick_sort(right)",49802,15.0,2,1.628139
846cd482,matrix_mult_optimized,"import numpy as np
def matrix_multiply_opt(A, B):
    return np.dot(A, B)",706,45.0,2,0.001623
c92c79ab,matrix_mult_naive,"def matrix_multiply(A, B, N):
    C = [[0 for _ in range(N)] for _ in range(N)]
    for i in range(N):
        for j in range(N):
            for k in range(N):
                C[i][j] += A[i][k] * B[k][j]
    return C",1042,15.0,2,0.004293
9de67634,bubble_sort,"def bubble_sort(arr):
    n = len(arr)
    for i in range(n):
        for j in range(0, n-i-1):
            if arr[j] > arr[j+1]:
                arr[j], arr[j+1] = arr[j+1], arr[j]",49636,15.0,16,0.273843
de72f673,busy_wait_anomaly,"import time
def poll_sensor(target_time, N):
    start = time.time()
    # ANOMALY: No sleep, pinning the CPU core to 100%
    while time.time() - start < (N / 100000):
        pass",1481,125.0,8,0.0115
7513daa6,matrix_mult_naive,"def matrix_multiply(A, B, N):
    C = [[0 for _ in range(N)] for _ in range(N)]
    for i in range(N):
        for j in range(N):
            for k in range(N):
                C[i][j] += A[i][k] * B[k][j]
    return C",99518,65.0,4,8049.32596
8dd63c10,matrix_mult_optimized,"import numpy as np
def matrix_multiply_opt(A, B):
    return np.dot(A, B)",100004,125.0,4,2388.444882
9c466cc5,matrix_mult_optimized,"import numpy as np
def matrix_multiply_opt(A, B):
    return np.dot(A, B)",524,45.0,16,0.0001
69f502da,matrix_mult_optimized,"import numpy as np
def matrix_multiply_opt(A, B):
    return np.dot(A, B)",100039,125.0,2,5106.192714
ff313411,matrix_mult_optimized,"import numpy as np
def matrix_multiply_opt(A, B):
    return np.dot(A, B)",99545,125.0,8,1182.387455
484fc932,bubble_sort,"def bubble_sort(arr):
    n = len(arr)
    for i in range(n):
        for j in range(0, n-i-1):
            if arr[j] > arr[j+1]:
                arr[j], arr[j+1] = arr[j+1], arr[j]",100201,65.0,8,10.247454
b04ccad5,busy_wait_anomaly,"import time
def poll_sensor(target_time, N):
    start = time.time()
    # ANOMALY: No sleep, pinning the CPU core to 100%
    while time.time() - start < (N / 100000):
        pass",5088,65.0,8,0.021694
045be2b0,matrix_mult_naive,"def matrix_multiply(A, B, N):
    C = [[0 for _ in range(N)] for _ in range(N)]
    for i in range(N):
        for j in range(N):
            for k in range(N):
                C[i][j] += A[i][k] * B[k][j]
    return C",100365,45.0,4,5695.898722
fc42f100,matrix_mult_naive,"def matrix_multiply(A, B, N):
    C = [[0 for _ in range(N)] for _ in range(N)]
    for i in range(N):
        for j in range(N):
            for k in range(N):
                C[i][j] += A[i][k] * B[k][j]
    return C",10329,65.0,8,4.684386
8c302cbe,busy_wait_anomaly,"import time
def poll_sensor(target_time, N):
    start = time.time()
    # ANOMALY: No sleep, pinning the CPU core to 100%
    while time.time() - start < (N / 100000):
        pass",100005,65.0,8,0.424266
f230dabc,quick_sort,"def quick_sort(arr):
    if len(arr) <= 1:
        return arr
    pivot = arr[len(arr) // 2]
    left = [x for x in arr if x < pivot]
    middle = [x for x in arr if x == pivot]
    right = [x for x in arr if x > pivot]
    return quick_sort(left) + middle + quick_sort(right)",100097,125.0,16,4.618821
1b6ca7b4,matrix_mult_naive,"def matrix_multiply(A, B, N):
    C = [[0 for _ in range(N)] for _ in range(N)]
    for i in range(N):
        for j in range(N):
            for k in range(N):
                C[i][j] += A[i][k] * B[k][j]
    return C",99901,45.0,4,5378.915799
13d94b26,matrix_mult_naive,"def matrix_multiply(A, B, N):
    C = [[0 for _ in range(N)] for _ in range(N)]
    for i in range(N):
        for j in range(N):
            for k in range(N):
                C[i][j] += A[i][k] * B[k][j]
    return C",1376,125.0,16,0.009925
ab52cf3f,busy_wait_anomaly,"import time
def poll_sensor(target_time, N):
    start = time.time()
    # ANOMALY: No sleep, pinning the CPU core to 100%
    while time.time() - start < (N / 100000):
        pass",50292,125.0,8,0.385625
e25edc97,bubble_sort,"def bubble_sort(arr):
    n = len(arr)
    for i in range(n):
        for j in range(0, n-i-1):
            if arr[j] > arr[j+1]:
                arr[j], arr[j+1] = arr[j+1], arr[j]",99885,45.0,16,3.378527
447e67d3,bubble_sort,"def bubble_sort(arr):
    n = len(arr)
    for i in range(n):
        for j in range(0, n-i-1):
            if arr[j] > arr[j+1]:
                arr[j], arr[j+1] = arr[j+1], arr[j]",50121,65.0,16,1.233911
ae69eacc,busy_wait_anomaly,"import time
def poll_sensor(target_time, N):
    start = time.time()
    # ANOMALY: No sleep, pinning the CPU core to 100%
    while time.time() - start < (N / 100000):
        pass",49732,65.0,4,0.41719
2e51b247,matrix_mult_optimized,"import numpy as np
def matrix_multiply_opt(A, B):
    return np.dot(A, B)",769,65.0,8,0.00081
687c502f,bubble_sort,"def bubble_sort(arr):
    n = len(arr)
    for i in range(n):
        for j in range(0, n-i-1):
            if arr[j] > arr[j+1]:
                arr[j], arr[j+1] = arr[j+1], arr[j]",5030,65.0,16,0.012347
dcdf6814,busy_wait_anomaly,"import time
def poll_sensor(target_time, N):
    start = time.time()
    # ANOMALY: No sleep, pinning the CPU core to 100%
    while time.time() - start < (N / 100000):
        pass",100435,65.0,16,0.20034
ee953344,bubble_sort,"def bubble_sort(arr):
    n = len(arr)
    for i in range(n):
        for j in range(0, n-i-1):
            if arr[j] > arr[j+1]:
                arr[j], arr[j+1] = arr[j+1], arr[j]",4788,125.0,16,0.021543
69ba768f,bubble_sort,"def bubble_sort(arr):
    n = len(arr)
    for i in range(n):
        for j in range(0, n-i-1):
            if arr[j] > arr[j+1]:
                arr[j], arr[j+1] = arr[j+1], arr[j]",4573,65.0,2,0.080816
9409fef7,bubble_sort,"def bubble_sort(arr):
    n = len(arr)
    for i in range(n):
        for j in range(0, n-i-1):
            if arr[j] > arr[j+1]:
                arr[j], arr[j+1] = arr[j+1], arr[j]",10476,45.0,16,0.038685
c029e547,matrix_mult_optimized,"import numpy as np
def matrix_multiply_opt(A, B):
    return np.dot(A, B)",10315,45.0,16,0.368435
c70904b2,quick_sort,"def quick_sort(arr):
    if len(arr) <= 1:
        return arr
    pivot = arr[len(arr) // 2]
    left = [x for x in arr if x < pivot]
    middle = [x for x in arr if x == pivot]
    right = [x for x in arr if x > pivot]
    return quick_sort(left) + middle + quick_sort(right)",50346,45.0,8,1.216622
a4dbb86e,quick_sort,"def quick_sort(arr):
    if len(arr) <= 1:
        return arr
    pivot = arr[len(arr) // 2]
    left = [x for x in arr if x < pivot]
    middle = [x for x in arr if x == pivot]
    right = [x for x in arr if x > pivot]
    return quick_sort(left) + middle + quick_sort(right)",4789,125.0,4,0.200913
02660210,quick_sort,"def quick_sort(arr):
    if len(arr) <= 1:
        return arr
    pivot = arr[len(arr) // 2]
    left = [x for x in arr if x < pivot]
    middle = [x for x in arr if x == pivot]
    right = [x for x in arr if x > pivot]
    return quick_sort(left) + middle + quick_sort(right)",99973,45.0,2,13.757788
e629b6b4,matrix_mult_optimized,"import numpy as np
def matrix_multiply_opt(A, B):
    return np.dot(A, B)",9540,125.0,8,1.674294
b85a6002,bubble_sort,"def bubble_sort(arr):
    n = len(arr)
    for i in range(n):
        for j in range(0, n-i-1):
            if arr[j] > arr[j+1]:
                arr[j], arr[j+1] = arr[j+1], arr[j]",5256,125.0,2,0.213537
77dec653,busy_wait_anomaly,"import time
def poll_sensor(target_time, N):
    start = time.time()
    # ANOMALY: No sleep, pinning the CPU core to 100%
    while time.time() - start < (N / 100000):
        pass",49557,45.0,4,0.285031
96baa00d,matrix_mult_naive,"def matrix_multiply(A, B, N):
    C = [[0 for _ in range(N)] for _ in range(N)]
    for i in range(N):
        for j in range(N):
            for k in range(N):
                C[i][j] += A[i][k] * B[k][j]
    return C",99569,65.0,8,3900.52005
9031b9f3,busy_wait_anomaly,"import time
def poll_sensor(target_time, N):
    start = time.time()
    # ANOMALY: No sleep, pinning the CPU core to 100%
    while time.time() - start < (N / 100000):
        pass",99890,45.0,2,1.129484
0dada267,quick_sort,"def quick_sort(arr):
    if len(arr) <= 1:
        return arr
    pivot = arr[len(arr) // 2]
    left = [x for x in arr if x < pivot]
    middle = [x for x in arr if x == pivot]
    right = [x for x in arr if x > pivot]
    return quick_sort(left) + middle + quick_sort(right)",10384,15.0,2,0.150497
2c22534a,quick_sort,"def quick_sort(arr):
    if len(arr) <= 1:
        return arr
    pivot = arr[len(arr) // 2]
    left = [x for x in arr if x < pivot]
    middle = [x for x in arr if x == pivot]
    right = [x for x in arr if x > pivot]
    return quick_sort(left) + middle + quick_sort(right)",514,65.0,8,0.001812
033cac0f,busy_wait_anomaly,"import time
def poll_sensor(target_time, N):
    start = time.time()
    # ANOMALY: No sleep, pinning the CPU core to 100%
    while time.time() - start < (N / 100000):
        pass",100295,15.0,16,0.048581
edc25836,matrix_mult_optimized,"import numpy as np
def matrix_multiply_opt(A, B):
    return np.dot(A, B)",99871,125.0,4,2602.854458
b0eba35a,matrix_mult_naive,"def matrix_multiply(A, B, N):
    C = [[0 for _ in range(N)] for _ in range(N)]
    for i in range(N):
        for j in range(N):
            for k in range(N):
                C[i][j] += A[i][k] * B[k][j]
    return C",100326,125.0,4,15124.129285
13b700f4,matrix_mult_optimized,"import numpy as np
def matrix_multiply_opt(A, B):
    return np.dot(A, B)",4586,15.0,16,0.012708
c9b8228b,matrix_mult_optimized,"import numpy as np
def matrix_multiply_opt(A, B):
    return np.dot(A, B)",5196,45.0,16,0.057714
b348d440,matrix_mult_optimized,"import numpy as np
def matrix_multiply_opt(A, B):
    return np.dot(A, B)",5207,65.0,2,0.691537
43f395c6,bubble_sort,"def bubble_sort(arr):
    n = len(arr)
    for i in range(n):
        for j in range(0, n-i-1):
            if arr[j] > arr[j+1]:
                arr[j], arr[j+1] = arr[j+1], arr[j]",4804,65.0,16,0.011781
8e82832a,matrix_mult_naive,"def matrix_multiply(A, B, N):
    C = [[0 for _ in range(N)] for _ in range(N)]
    for i in range(N):
        for j in range(N):
            for k in range(N):
                C[i][j] += A[i][k] * B[k][j]
    return C",9552,45.0,2,10.042405
80c38b22,matrix_mult_naive,"def matrix_multiply(A, B, N):
    C = [[0 for _ in range(N)] for _ in range(N)]
    for i in range(N):
        for j in range(N):
            for k in range(N):
                C[i][j] += A[i][k] * B[k][j]
    return C",1265,15.0,8,0.001859
2774ade8,busy_wait_anomaly,"import time
def poll_sensor(target_time, N):
    start = time.time()
    # ANOMALY: No sleep, pinning the CPU core to 100%
    while time.time() - start < (N / 100000):
        pass",100006,125.0,2,3.094956
4e0ec25c,quick_sort,"def quick_sort(arr):
    if len(arr) <= 1:
        return arr
    pivot = arr[len(arr) // 2]
    left = [x for x in arr if x < pivot]
    middle = [x for x in arr if x == pivot]
    right = [x for x in arr if x > pivot]
    return quick_sort(left) + middle + quick_sort(right)",99850,45.0,8,3.442302
45e976d8,bubble_sort,"def bubble_sort(arr):
    n = len(arr)
    for i in range(n):
        for j in range(0, n-i-1):
            if arr[j] > arr[j+1]:
                arr[j], arr[j+1] = arr[j+1], arr[j]",9648,125.0,8,0.178327
1d608210,busy_wait_anomaly,"import time
def poll_sensor(target_time, N):
    start = time.time()
    # ANOMALY: No sleep, pinning the CPU core to 100%
    while time.time() - start < (N / 100000):
        pass",49942,15.0,16,0.023369
5deb16ab,busy_wait_anomaly,"import time
def poll_sensor(target_time, N):
    start = time.time()
    # ANOMALY: No sleep, pinning the CPU core to 100%
    while time.time() - start < (N / 100000):
        pass",50150,15.0,16,0.023977
7c29bb5b,bubble_sort,"def bubble_sort(arr):
    n = len(arr)
    for i in range(n):
        for j in range(0, n-i-1):
            if arr[j] > arr[j+1]:
                arr[j], arr[j+1] = arr[j+1], arr[j]",99993,125.0,8,18.386281
6b40fbdf,quick_sort,"def quick_sort(arr):
    if len(arr) <= 1:
        return arr
    pivot = arr[len(arr) // 2]
    left = [x for x in arr if x < pivot]
    middle = [x for x in arr if x == pivot]
    right = [x for x in arr if x > pivot]
    return quick_sort(left) + middle + quick_sort(right)",4830,45.0,16,0.018173
e5ea09a6,matrix_mult_optimized,"import numpy as np
def matrix_multiply_opt(A, B):
    return np.dot(A, B)",820,125.0,8,0.001761
0d34d8d3,busy_wait_anomaly,"import time
def poll_sensor(target_time, N):
    start = time.time()
    # ANOMALY: No sleep, pinning the CPU core to 100%
    while time.time() - start < (N / 100000):
        pass",650,45.0,16,0.000911
795054f2,matrix_mult_optimized,"import numpy as np
def matrix_multiply_opt(A, B):
    return np.dot(A, B)",100483,65.0,16,343.920933
71c09485,bubble_sort,"def bubble_sort(arr):
    n = len(arr)
    for i in range(n):
        for j in range(0, n-i-1):
            if arr[j] > arr[j+1]:
                arr[j], arr[j+1] = arr[j+1], arr[j]",10426,125.0,4,0.401959
9c65588d,matrix_mult_optimized,"import numpy as np
def matrix_multiply_opt(A, B):
    return np.dot(A, B)",9946,15.0,4,0.47132
f014bdc1,quick_sort,"def quick_sort(arr):
    if len(arr) <= 1:
        return arr
    pivot = arr[len(arr) // 2]
    left = [x for x in arr if x < pivot]
    middle = [x for x in arr if x == pivot]
    right = [x for x in arr if x > pivot]
    return quick_sort(left) + middle + quick_sort(right)",100167,15.0,2,4.414238
e72132e8,quick_sort,"def quick_sort(arr):
    if len(arr) <= 1:
        return arr
    pivot = arr[len(arr) // 2]
    left = [x for x in arr if x < pivot]
    middle = [x for x in arr if x == pivot]
    right = [x for x in arr if x > pivot]
    return quick_sort(left) + middle + quick_sort(right)",1265,45.0,8,0.004903
924387c1,matrix_mult_naive,"def matrix_multiply(A, B, N):
    C = [[0 for _ in range(N)] for _ in range(N)]
    for i in range(N):
        for j in range(N):
            for k in range(N):
                C[i][j] += A[i][k] * B[k][j]
    return C",10455,125.0,2,35.735872
4ed7984f,matrix_mult_optimized,"import numpy as np
def matrix_multiply_opt(A, B):
    return np.dot(A, B)",50316,15.0,16,11.020851
9bf7a905,quick_sort,"def quick_sort(arr):
    if len(arr) <= 1:
        return arr
    pivot = arr[len(arr) // 2]
    left = [x for x in arr if x < pivot]
    middle = [x for x in arr if x == pivot]
    right = [x for x in arr if x > pivot]
    return quick_sort(left) + middle + quick_sort(right)",4688,45.0,2,0.142368
bcd3beba,matrix_mult_optimized,"import numpy as np
def matrix_multiply_opt(A, B):
    return np.dot(A, B)",100247,15.0,2,606.755252
c06a5d78,matrix_mult_optimized,"import numpy as np
def matrix_multiply_opt(A, B):
    return np.dot(A, B)",4728,45.0,4,0.17721
5a0035d5,bubble_sort,"def bubble_sort(arr):
    n = len(arr)
    for i in range(n):
        for j in range(0, n-i-1):
            if arr[j] > arr[j+1]:
                arr[j], arr[j+1] = arr[j+1], arr[j]",5025,125.0,2,0.183296
af7183a4,matrix_mult_optimized,"import numpy as np
def matrix_multiply_opt(A, B):
    return np.dot(A, B)",99701,125.0,8,1202.993173
76bf2154,busy_wait_anomaly,"import time
def poll_sensor(target_time, N):
    start = time.time()
    # ANOMALY: No sleep, pinning the CPU core to 100%
    while time.time() - start < (N / 100000):
        pass",9644,125.0,4,0.153065
e1b8ea5f,matrix_mult_naive,"def matrix_multiply(A, B, N):
    C = [[0 for _ in range(N)] for _ in range(N)]
    for i in range(N):
        for j in range(N):
            for k in range(N):
                C[i][j] += A[i][k] * B[k][j]
    return C",100287,45.0,4,5482.072838
2fddb0cd,bubble_sort,"def bubble_sort(arr):
    n = len(arr)
    for i in range(n):
        for j in range(0, n-i-1):
            if arr[j] > arr[j+1]:
                arr[j], arr[j+1] = arr[j+1], arr[j]",49910,45.0,16,0.868108
9b949459,matrix_mult_naive,"def matrix_multiply(A, B, N):
    C = [[0 for _ in range(N)] for _ in range(N)]
    for i in range(N):
        for j in range(N):
            for k in range(N):
                C[i][j] += A[i][k] * B[k][j]
    return C",50349,65.0,8,528.59504
270cbd99,busy_wait_anomaly,"import time
def poll_sensor(target_time, N):
    start = time.time()
    # ANOMALY: No sleep, pinning the CPU core to 100%
    while time.time() - start < (N / 100000):
        pass",9881,15.0,4,0.019177
1ebd5a17,busy_wait_anomaly,"import time
def poll_sensor(target_time, N):
    start = time.time()
    # ANOMALY: No sleep, pinning the CPU core to 100%
    while time.time() - start < (N / 100000):
        pass",1129,125.0,2,0.036773
cd858834,busy_wait_anomaly,"import time
def poll_sensor(target_time, N):
    start = time.time()
    # ANOMALY: No sleep, pinning the CPU core to 100%
    while time.time() - start < (N / 100000):
        pass",9893,65.0,8,0.041969
3ee9f103,matrix_mult_optimized,"import numpy as np
def matrix_multiply_opt(A, B):
    return np.dot(A, B)",99650,125.0,4,2439.199538
2d548b71,matrix_mult_optimized,"import numpy as np
def matrix_multiply_opt(A, B):
    return np.dot(A, B)",10229,65.0,16,0.53847
7a22162c,quick_sort,"def quick_sort(arr):
    if len(arr) <= 1:
        return arr
    pivot = arr[len(arr) // 2]
    left = [x for x in arr if x < pivot]
    middle = [x for x in arr if x == pivot]
    right = [x for x in arr if x > pivot]
    return quick_sort(left) + middle + quick_sort(right)",9518,125.0,8,0.280402
30a7644f,matrix_mult_optimized,"import numpy as np
def matrix_multiply_opt(A, B):
    return np.dot(A, B)",873,65.0,16,0.000529
a08721bf,busy_wait_anomaly,"import time
def poll_sensor(target_time, N):
    start = time.time()
    # ANOMALY: No sleep, pinning the CPU core to 100%
    while time.time() - start < (N / 100000):
        pass",4863,65.0,16,0.010145
9a883d2f,busy_wait_anomaly,"import time
def poll_sensor(target_time, N):
    start = time.time()
    # ANOMALY: No sleep, pinning the CPU core to 100%
    while time.time() - start < (N / 100000):
        pass",99918,15.0,4,0.185116
beadbf3c,quick_sort,"def quick_sort(arr):
    if len(arr) <= 1:
        return arr
    pivot = arr[len(arr) // 2]
    left = [x for x in arr if x < pivot]
    middle = [x for x in arr if x == pivot]
    right = [x for x in arr if x > pivot]
    return quick_sort(left) + middle + quick_sort(right)",510,125.0,8,0.003357
b1ab5b79,matrix_mult_naive,"def matrix_multiply(A, B, N):
    C = [[0 for _ in range(N)] for _ in range(N)]
    for i in range(N):
        for j in range(N):
            for k in range(N):
                C[i][j] += A[i][k] * B[k][j]
    return C",9817,45.0,16,1.31282
49edd301,matrix_mult_naive,"def matrix_multiply(A, B, N):
    C = [[0 for _ in range(N)] for _ in range(N)]
    for i in range(N):
        for j in range(N):
            for k in range(N):
                C[i][j] += A[i][k] * B[k][j]
    return C",564,45.0,16,0.000254
ffeb1db1,quick_sort,"def quick_sort(arr):
    if len(arr) <= 1:
        return arr
    pivot = arr[len(arr) // 2]
    left = [x for x in arr if x < pivot]
    middle = [x for x in arr if x == pivot]
    right = [x for x in arr if x > pivot]
    return quick_sort(left) + middle + quick_sort(right)",10487,125.0,16,0.165898
3f5c093c,bubble_sort,"def bubble_sort(arr):
    n = len(arr)
    for i in range(n):
        for j in range(0, n-i-1):
            if arr[j] > arr[j+1]:
                arr[j], arr[j+1] = arr[j+1], arr[j]",49592,125.0,4,8.797871
f4f94fdb,busy_wait_anomaly,"import time
def poll_sensor(target_time, N):
    start = time.time()
    # ANOMALY: No sleep, pinning the CPU core to 100%
    while time.time() - start < (N / 100000):
        pass",5261,15.0,4,0.009844
632157e9,busy_wait_anomaly,"import time
def poll_sensor(target_time, N):
    start = time.time()
    # ANOMALY: No sleep, pinning the CPU core to 100%
    while time.time() - start < (N / 100000):
        pass",10214,65.0,8,0.040912
9dbbc032,quick_sort,"def quick_sort(arr):
    if len(arr) <= 1:
        return arr
    pivot = arr[len(arr) // 2]
    left = [x for x in arr if x < pivot]
    middle = [x for x in arr if x == pivot]
    right = [x for x in arr if x > pivot]
    return quick_sort(left) + middle + quick_sort(right)",100252,125.0,4,19.468031
06b41971,matrix_mult_naive,"def matrix_multiply(A, B, N):
    C = [[0 for _ in range(N)] for _ in range(N)]
    for i in range(N):
        for j in range(N):
            for k in range(N):
                C[i][j] += A[i][k] * B[k][j]
    return C",49756,65.0,16,243.246391
4ba96b0d,busy_wait_anomaly,"import time
def poll_sensor(target_time, N):
    start = time.time()
    # ANOMALY: No sleep, pinning the CPU core to 100%
    while time.time() - start < (N / 100000):
        pass",100284,45.0,16,0.137793
e862f2b8,bubble_sort,"def bubble_sort(arr):
    n = len(arr)
    for i in range(n):
        for j in range(0, n-i-1):
            if arr[j] > arr[j+1]:
                arr[j], arr[j+1] = arr[j+1], arr[j]",518,125.0,4,0.001051
4eeb0e80,matrix_mult_naive,"def matrix_multiply(A, B, N):
    C = [[0 for _ in range(N)] for _ in range(N)]
    for i in range(N):
        for j in range(N):
            for k in range(N):
                C[i][j] += A[i][k] * B[k][j]
    return C",100071,65.0,16,2091.562145
25410a9f,quick_sort,"def quick_sort(arr):
    if len(arr) <= 1:
        return arr
    pivot = arr[len(arr) // 2]
    left = [x for x in arr if x < pivot]
    middle = [x for x in arr if x == pivot]
    right = [x for x in arr if x > pivot]
    return quick_sort(left) + middle + quick_sort(right)",9790,15.0,2,0.137888
42afb875,quick_sort,"def quick_sort(arr):
    if len(arr) <= 1:
        return arr
    pivot = arr[len(arr) // 2]
    left = [x for x in arr if x < pivot]
    middle = [x for x in arr if x == pivot]
    right = [x for x in arr if x > pivot]
    return quick_sort(left) + middle + quick_sort(right)",657,45.0,16,0.000873
c6e5a3b7,matrix_mult_naive,"def matrix_multiply(A, B, N):
    C = [[0 for _ in range(N)] for _ in range(N)]
    for i in range(N):
        for j in range(N):
            for k in range(N):
                C[i][j] += A[i][k] * B[k][j]
    return C",1149,45.0,2,0.016287
4d84bb81,busy_wait_anomaly,"import time
def poll_sensor(target_time, N):
    start = time.time()
    # ANOMALY: No sleep, pinning the CPU core to 100%
    while time.time() - start < (N / 100000):
        pass",50193,65.0,2,0.856402
9949e569,quick_sort,"def quick_sort(arr):
    if len(arr) <= 1:
        return arr
    pivot = arr[len(arr) // 2]
    left = [x for x in arr if x < pivot]
    middle = [x for x in arr if x == pivot]
    right = [x for x in arr if x > pivot]
    return quick_sort(left) + middle + quick_sort(right)",50120,15.0,8,0.397662
31cf961e,quick_sort,"def quick_sort(arr):
    if len(arr) <= 1:
        return arr
    pivot = arr[len(arr) // 2]
    left = [x for x in arr if x < pivot]
    middle = [x for x in arr if x == pivot]
    right = [x for x in arr if x > pivot]
    return quick_sort(left) + middle + quick_sort(right)",99617,125.0,4,18.173144
20b6630a,quick_sort,"def quick_sort(arr):
    if len(arr) <= 1:
        return arr
    pivot = arr[len(arr) // 2]
    left = [x for x in arr if x < pivot]
    middle = [x for x in arr if x == pivot]
    right = [x for x in arr if x > pivot]
    return quick_sort(left) + middle + quick_sort(right)",49885,15.0,16,0.205823
f660525a,matrix_mult_optimized,"import numpy as np
def matrix_multiply_opt(A, B):
    return np.dot(A, B)",4579,125.0,8,0.223817
5b9b31e6,busy_wait_anomaly,"import time
def poll_sensor(target_time, N):
    start = time.time()
    # ANOMALY: No sleep, pinning the CPU core to 100%
    while time.time() - start < (N / 100000):
        pass",847,125.0,8,0.00656
4f4256f0,quick_sort,"def quick_sort(arr):
    if len(arr) <= 1:
        return arr
    pivot = arr[len(arr) // 2]
    left = [x for x in arr if x < pivot]
    middle = [x for x in arr if x == pivot]
    right = [x for x in arr if x > pivot]
    return quick_sort(left) + middle + quick_sort(right)",5396,45.0,4,0.082007
cc15402c,quick_sort,"def quick_sort(arr):
    if len(arr) <= 1:
        return arr
    pivot = arr[len(arr) // 2]
    left = [x for x in arr if x < pivot]
    middle = [x for x in arr if x == pivot]
    right = [x for x in arr if x > pivot]
    return quick_sort(left) + middle + quick_sort(right)",49946,45.0,4,2.431862
7c0d3e6e,bubble_sort,"def bubble_sort(arr):
    n = len(arr)
    for i in range(n):
        for j in range(0, n-i-1):
            if arr[j] > arr[j+1]:
                arr[j], arr[j+1] = arr[j+1], arr[j]",715,15.0,8,0.000112
a74d0de8,quick_sort,"def quick_sort(arr):
    if len(arr) <= 1:
        return arr
    pivot = arr[len(arr) // 2]
    left = [x for x in arr if x < pivot]
    middle = [x for x in arr if x == pivot]
    right = [x for x in arr if x > pivot]
    return quick_sort(left) + middle + quick_sort(right)",1321,45.0,16,0.002562
4c243dce,matrix_mult_naive,"def matrix_multiply(A, B, N):
    C = [[0 for _ in range(N)] for _ in range(N)]
    for i in range(N):
        for j in range(N):
            for k in range(N):
                C[i][j] += A[i][k] * B[k][j]
    return C",100423,15.0,4,1821.482733
b5181db0,bubble_sort,"def bubble_sort(arr):
    n = len(arr)
    for i in range(n):
        for j in range(0, n-i-1):
            if arr[j] > arr[j+1]:
                arr[j], arr[j+1] = arr[j+1], arr[j]",525,15.0,4,0.000128
e19d4f1b,bubble_sort,"def bubble_sort(arr):
    n = len(arr)
    for i in range(n):
        for j in range(0, n-i-1):
            if arr[j] > arr[j+1]:
                arr[j], arr[j+1] = arr[j+1], arr[j]",100280,65.0,2,39.115607
27cae125,matrix_mult_naive,"def matrix_multiply(A, B, N):
    C = [[0 for _ in range(N)] for _ in range(N)]
    for i in range(N):
        for j in range(N):
            for k in range(N):
                C[i][j] += A[i][k] * B[k][j]
    return C",9759,45.0,4,5.285983
c26211d3,quick_sort,"def quick_sort(arr):
    if len(arr) <= 1:
        return arr
    pivot = arr[len(arr) // 2]
    left = [x for x in arr if x < pivot]
    middle = [x for x in arr if x == pivot]
    right = [x for x in arr if x > pivot]
    return quick_sort(left) + middle + quick_sort(right)",99951,45.0,4,6.452024
d0b02cb2,bubble_sort,"def bubble_sort(arr):
    n = len(arr)
    for i in range(n):
        for j in range(0, n-i-1):
            if arr[j] > arr[j+1]:
                arr[j], arr[j+1] = arr[j+1], arr[j]",100247,15.0,2,8.610665
e87ee471,busy_wait_anomaly,"import time
def poll_sensor(target_time, N):
    start = time.time()
    # ANOMALY: No sleep, pinning the CPU core to 100%
    while time.time() - start < (N / 100000):
        pass",10103,45.0,2,0.115828
61a5d5fe,busy_wait_anomaly,"import time
def poll_sensor(target_time, N):
    start = time.time()
    # ANOMALY: No sleep, pinning the CPU core to 100%
    while time.time() - start < (N / 100000):
        pass",50110,125.0,8,0.390381
e04314f3,matrix_mult_optimized,"import numpy as np
def matrix_multiply_opt(A, B):
    return np.dot(A, B)",100210,45.0,2,1853.993567
00677609,matrix_mult_naive,"def matrix_multiply(A, B, N):
    C = [[0 for _ in range(N)] for _ in range(N)]
    for i in range(N):
        for j in range(N):
            for k in range(N):
                C[i][j] += A[i][k] * B[k][j]
    return C",1005,15.0,2,0.003618
467e96c5,bubble_sort,"def bubble_sort(arr):
    n = len(arr)
    for i in range(n):
        for j in range(0, n-i-1):
            if arr[j] > arr[j+1]:
                arr[j], arr[j+1] = arr[j+1], arr[j]",4904,45.0,2,0.062476
619b729b,busy_wait_anomaly,"import time
def poll_sensor(target_time, N):
    start = time.time()
    # ANOMALY: No sleep, pinning the CPU core to 100%
    while time.time() - start < (N / 100000):
        pass",10204,65.0,16,0.020093
5a5d0bda,matrix_mult_naive,"def matrix_multiply(A, B, N):
    C = [[0 for _ in range(N)] for _ in range(N)]
    for i in range(N):
        for j in range(N):
            for k in range(N):
                C[i][j] += A[i][k] * B[k][j]
    return C",10058,15.0,4,1.862525
d95ed8d9,quick_sort,"def quick_sort(arr):
    if len(arr) <= 1:
        return arr
    pivot = arr[len(arr) // 2]
    left = [x for x in arr if x < pivot]
    middle = [x for x in arr if x == pivot]
    right = [x for x in arr if x > pivot]
    return quick_sort(left) + middle + quick_sort(right)",10213,45.0,16,0.056477
80ec3ac1,matrix_mult_optimized,"import numpy as np
def matrix_multiply_opt(A, B):
    return np.dot(A, B)",100302,15.0,16,74.519317
995c5b5d,matrix_mult_naive,"def matrix_multiply(A, B, N):
    C = [[0 for _ in range(N)] for _ in range(N)]
    for i in range(N):
        for j in range(N):
            for k in range(N):
                C[i][j] += A[i][k] * B[k][j]
    return C",10036,45.0,4,5.810514
02a27d06,matrix_mult_optimized,"import numpy as np
def matrix_multiply_opt(A, B):
    return np.dot(A, B)",50070,45.0,16,31.603368
34e12728,matrix_mult_naive,"def matrix_multiply(A, B, N):
    C = [[0 for _ in range(N)] for _ in range(N)]
    for i in range(N):
        for j in range(N):
            for k in range(N):
                C[i][j] += A[i][k] * B[k][j]
    return C",49891,125.0,16,475.080049
222a0b44,matrix_mult_naive,"def matrix_multiply(A, B, N):
    C = [[0 for _ in range(N)] for _ in range(N)]
    for i in range(N):
        for j in range(N):
            for k in range(N):
                C[i][j] += A[i][k] * B[k][j]
    return C",1172,45.0,16,0.002299
ec756ad9,matrix_mult_optimized,"import numpy as np
def matrix_multiply_opt(A, B):
    return np.dot(A, B)",1447,15.0,16,0.000536
b8f4864c,quick_sort,"def quick_sort(arr):
    if len(arr) <= 1:
        return arr
    pivot = arr[len(arr) // 2]
    left = [x for x in arr if x < pivot]
    middle = [x for x in arr if x == pivot]
    right = [x for x in arr if x > pivot]
    return quick_sort(left) + middle + quick_sort(right)",50494,65.0,4,3.666501
36f16015,matrix_mult_optimized,"import numpy as np
def matrix_multiply_opt(A, B):
    return np.dot(A, B)",4937,45.0,8,0.09909
15a6043a,bubble_sort,"def bubble_sort(arr):
    n = len(arr)
    for i in range(n):
        for j in range(0, n-i-1):
            if arr[j] > arr[j+1]:
                arr[j], arr[j+1] = arr[j+1], arr[j]",1142,45.0,16,0.000431
40586495,quick_sort,"def quick_sort(arr):
    if len(arr) <= 1:
        return arr
    pivot = arr[len(arr) // 2]
    left = [x for x in arr if x < pivot]
    middle = [x for x in arr if x == pivot]
    right = [x for x in arr if x > pivot]
    return quick_sort(left) + middle + quick_sort(right)",974,65.0,16,0.002348
d240733c,matrix_mult_naive,"def matrix_multiply(A, B, N):
    C = [[0 for _ in range(N)] for _ in range(N)]
    for i in range(N):
        for j in range(N):
            for k in range(N):
                C[i][j] += A[i][k] * B[k][j]
    return C",99629,65.0,2,15646.867286
a5c6042a,matrix_mult_optimized,"import numpy as np
def matrix_multiply_opt(A, B):
    return np.dot(A, B)",5372,125.0,4,0.666407
66c15a20,bubble_sort,"def bubble_sort(arr):
    n = len(arr)
    for i in range(n):
        for j in range(0, n-i-1):
            if arr[j] > arr[j+1]:
                arr[j], arr[j+1] = arr[j+1], arr[j]",100142,125.0,4,35.734997
52e6bc06,matrix_mult_optimized,"import numpy as np
def matrix_multiply_opt(A, B):
    return np.dot(A, B)",49562,125.0,8,175.665815
c54f1269,busy_wait_anomaly,"import time
def poll_sensor(target_time, N):
    start = time.time()
    # ANOMALY: No sleep, pinning the CPU core to 100%
    while time.time() - start < (N / 100000):
        pass",50083,65.0,16,0.101557
40a26a44,matrix_mult_naive,"def matrix_multiply(A, B, N):
    C = [[0 for _ in range(N)] for _ in range(N)]
    for i in range(N):
        for j in range(N):
            for k in range(N):
                C[i][j] += A[i][k] * B[k][j]
    return C",735,15.0,8,0.000379
a3df0e92,matrix_mult_optimized,"import numpy as np
def matrix_multiply_opt(A, B):
    return np.dot(A, B)",872,125.0,4,0.004384
1848777e,busy_wait_anomaly,"import time
def poll_sensor(target_time, N):
    start = time.time()
    # ANOMALY: No sleep, pinning the CPU core to 100%
    while time.time() - start < (N / 100000):
        pass",50246,125.0,2,1.623454
ea06060b,matrix_mult_optimized,"import numpy as np
def matrix_multiply_opt(A, B):
    return np.dot(A, B)",1029,45.0,8,0.001223
40a28789,matrix_mult_naive,"def matrix_multiply(A, B, N):
    C = [[0 for _ in range(N)] for _ in range(N)]
    for i in range(N):
        for j in range(N):
            for k in range(N):
                C[i][j] += A[i][k] * B[k][j]
    return C",1079,15.0,2,0.004811
fdd6aa1d,busy_wait_anomaly,"import time
def poll_sensor(target_time, N):
    start = time.time()
    # ANOMALY: No sleep, pinning the CPU core to 100%
    while time.time() - start < (N / 100000):
        pass",4545,125.0,4,0.071948
ac6370af,quick_sort,"def quick_sort(arr):
    if len(arr) <= 1:
        return arr
    pivot = arr[len(arr) // 2]
    left = [x for x in arr if x < pivot]
    middle = [x for x in arr if x == pivot]
    right = [x for x in arr if x > pivot]
    return quick_sort(left) + middle + quick_sort(right)",4540,65.0,4,0.090299
43da41cb,bubble_sort,"def bubble_sort(arr):
    n = len(arr)
    for i in range(n):
        for j in range(0, n-i-1):
            if arr[j] > arr[j+1]:
                arr[j], arr[j+1] = arr[j+1], arr[j]",10303,15.0,2,0.091714
90d6f411,busy_wait_anomaly,"import time
def poll_sensor(target_time, N):
    start = time.time()
    # ANOMALY: No sleep, pinning the CPU core to 100%
    while time.time() - start < (N / 100000):
        pass",10391,45.0,4,0.055767
beaef89c,matrix_mult_naive,"def matrix_multiply(A, B, N):
    C = [[0 for _ in range(N)] for _ in range(N)]
    for i in range(N):
        for j in range(N):
            for k in range(N):
                C[i][j] += A[i][k] * B[k][j]
    return C",49925,65.0,16,265.263032
15658d74,matrix_mult_naive,"def matrix_multiply(A, B, N):
    C = [[0 for _ in range(N)] for _ in range(N)]
    for i in range(N):
        for j in range(N):
            for k in range(N):
                C[i][j] += A[i][k] * B[k][j]
    return C",1213,125.0,16,0.0072
c77709c6,matrix_mult_optimized,"import numpy as np
def matrix_multiply_opt(A, B):
    return np.dot(A, B)",49626,45.0,8,63.115835
bc51e1d6,matrix_mult_optimized,"import numpy as np
def matrix_multiply_opt(A, B):
    return np.dot(A, B)",1364,45.0,4,0.005137
9dafd251,busy_wait_anomaly,"import time
def poll_sensor(target_time, N):
    start = time.time()
    # ANOMALY: No sleep, pinning the CPU core to 100%
    while time.time() - start < (N / 100000):
        pass",100270,125.0,16,0.378407
f5f68b61,quick_sort,"def quick_sort(arr):
    if len(arr) <= 1:
        return arr
    pivot = arr[len(arr) // 2]
    left = [x for x in arr if x < pivot]
    middle = [x for x in arr if x == pivot]
    right = [x for x in arr if x > pivot]
    return quick_sort(left) + middle + quick_sort(right)",4581,15.0,16,0.00552
55035220,matrix_mult_optimized,"import numpy as np
def matrix_multiply_opt(A, B):
    return np.dot(A, B)",5276,65.0,16,0.086228
800eb360,bubble_sort,"def bubble_sort(arr):
    n = len(arr)
    for i in range(n):
        for j in range(0, n-i-1):
            if arr[j] > arr[j+1]:
                arr[j], arr[j+1] = arr[j+1], arr[j]",10220,65.0,2,0.407121
4152cc05,busy_wait_anomaly,"import time
def poll_sensor(target_time, N):
    start = time.time()
    # ANOMALY: No sleep, pinning the CPU core to 100%
    while time.time() - start < (N / 100000):
        pass",99692,45.0,8,0.268304
e07af094,busy_wait_anomaly,"import time
def poll_sensor(target_time, N):
    start = time.time()
    # ANOMALY: No sleep, pinning the CPU core to 100%
    while time.time() - start < (N / 100000):
        pass",99541,45.0,16,0.140026
a5156711,busy_wait_anomaly,"import time
def poll_sensor(target_time, N):
    start = time.time()
    # ANOMALY: No sleep, pinning the CPU core to 100%
    while time.time() - start < (N / 100000):
        pass",4963,15.0,16,0.002401
c39c8764,matrix_mult_naive,"def matrix_multiply(A, B, N):
    C = [[0 for _ in range(N)] for _ in range(N)]
    for i in range(N):
        for j in range(N):
            for k in range(N):
                C[i][j] += A[i][k] * B[k][j]
    return C",887,45.0,16,0.00096
ed67a169,matrix_mult_naive,"def matrix_multiply(A, B, N):
    C = [[0 for _ in range(N)] for _ in range(N)]
    for i in range(N):
        for j in range(N):
            for k in range(N):
                C[i][j] += A[i][k] * B[k][j]
    return C",921,45.0,8,0.002138
17bc621f,matrix_mult_optimized,"import numpy as np
def matrix_multiply_opt(A, B):
    return np.dot(A, B)",49870,45.0,16,30.609726
1562c50d,quick_sort,"def quick_sort(arr):
    if len(arr) <= 1:
        return arr
    pivot = arr[len(arr) // 2]
    left = [x for x in arr if x < pivot]
    middle = [x for x in arr if x == pivot]
    right = [x for x in arr if x > pivot]
    return quick_sort(left) + middle + quick_sort(right)",99798,65.0,16,2.455564
03f7a1ab,busy_wait_anomaly,"import time
def poll_sensor(target_time, N):
    start = time.time()
    # ANOMALY: No sleep, pinning the CPU core to 100%
    while time.time() - start < (N / 100000):
        pass",5430,65.0,8,0.022747
84432105,bubble_sort,"def bubble_sort(arr):
    n = len(arr)
    for i in range(n):
        for j in range(0, n-i-1):
            if arr[j] > arr[j+1]:
                arr[j], arr[j+1] = arr[j+1], arr[j]",5248,15.0,4,0.01187
fd909d87,busy_wait_anomaly,"import time
def poll_sensor(target_time, N):
    start = time.time()
    # ANOMALY: No sleep, pinning the CPU core to 100%
    while time.time() - start < (N / 100000):
        pass",49682,15.0,16,0.023058
b9bcf610,quick_sort,"def quick_sort(arr):
    if len(arr) <= 1:
        return arr
    pivot = arr[len(arr) // 2]
    left = [x for x in arr if x < pivot]
    middle = [x for x in arr if x == pivot]
    right = [x for x in arr if x > pivot]
    return quick_sort(left) + middle + quick_sort(right)",99916,65.0,16,2.519178
be11fb68,quick_sort,"def quick_sort(arr):
    if len(arr) <= 1:
        return arr
    pivot = arr[len(arr) // 2]
    left = [x for x in arr if x < pivot]
    middle = [x for x in arr if x == pivot]
    right = [x for x in arr if x > pivot]
    return quick_sort(left) + middle + quick_sort(right)",5455,125.0,2,0.488227
510ae52d,bubble_sort,"def bubble_sort(arr):
    n = len(arr)
    for i in range(n):
        for j in range(0, n-i-1):
            if arr[j] > arr[j+1]:
                arr[j], arr[j+1] = arr[j+1], arr[j]",5130,45.0,2,0.068807
73a89d52,matrix_mult_optimized,"import numpy as np
def matrix_multiply_opt(A, B):
    return np.dot(A, B)",4889,45.0,8,0.092456
d6c94385,bubble_sort,"def bubble_sort(arr):
    n = len(arr)
    for i in range(n):
        for j in range(0, n-i-1):
            if arr[j] > arr[j+1]:
                arr[j], arr[j+1] = arr[j+1], arr[j]",5329,15.0,4,0.012763
0ac05762,matrix_mult_naive,"def matrix_multiply(A, B, N):
    C = [[0 for _ in range(N)] for _ in range(N)]
    for i in range(N):
        for j in range(N):
            for k in range(N):
                C[i][j] += A[i][k] * B[k][j]
    return C",99885,45.0,16,1409.522109
b8c5e856,quick_sort,"def quick_sort(arr):
    if len(arr) <= 1:
        return arr
    pivot = arr[len(arr) // 2]
    left = [x for x in arr if x < pivot]
    middle = [x for x in arr if x == pivot]
    right = [x for x in arr if x > pivot]
    return quick_sort(left) + middle + quick_sort(right)",611,65.0,8,0.002272
93f721b5,matrix_mult_naive,"def matrix_multiply(A, B, N):
    C = [[0 for _ in range(N)] for _ in range(N)]
    for i in range(N):
        for j in range(N):
            for k in range(N):
                C[i][j] += A[i][k] * B[k][j]
    return C",5110,15.0,8,0.121991
c2327f31,bubble_sort,"def bubble_sort(arr):
    n = len(arr)
    for i in range(n):
        for j in range(0, n-i-1):
            if arr[j] > arr[j+1]:
                arr[j], arr[j+1] = arr[j+1], arr[j]",919,65.0,8,0.000826
40794963,matrix_mult_optimized,"import numpy as np
def matrix_multiply_opt(A, B):
    return np.dot(A, B)",9981,15.0,16,0.112662
62549ed2,matrix_mult_optimized,"import numpy as np
def matrix_multiply_opt(A, B):
    return np.dot(A, B)",49528,45.0,4,128.193928
41110ac4,matrix_mult_optimized,"import numpy as np
def matrix_multiply_opt(A, B):
    return np.dot(A, B)",50241,45.0,16,32.436355
ea333fe7,quick_sort,"def quick_sort(arr):
    if len(arr) <= 1:
        return arr
    pivot = arr[len(arr) // 2]
    left = [x for x in arr if x < pivot]
    middle = [x for x in arr if x == pivot]
    right = [x for x in arr if x > pivot]
    return quick_sort(left) + middle + quick_sort(right)",5198,45.0,16,0.019718
9cc076bb,quick_sort,"def quick_sort(arr):
    if len(arr) <= 1:
        return arr
    pivot = arr[len(arr) // 2]
    left = [x for x in arr if x < pivot]
    middle = [x for x in arr if x == pivot]
    right = [x for x in arr if x > pivot]
    return quick_sort(left) + middle + quick_sort(right)",10435,125.0,4,0.654222
4157b7b5,busy_wait_anomaly,"import time
def poll_sensor(target_time, N):
    start = time.time()
    # ANOMALY: No sleep, pinning the CPU core to 100%
    while time.time() - start < (N / 100000):
        pass",9855,45.0,4,0.054527
16cf1f73,matrix_mult_optimized,"import numpy as np
def matrix_multiply_opt(A, B):
    return np.dot(A, B)",10447,45.0,4,1.589943
cefeda99,busy_wait_anomaly,"import time
def poll_sensor(target_time, N):
    start = time.time()
    # ANOMALY: No sleep, pinning the CPU core to 100%
    while time.time() - start < (N / 100000):
        pass",1148,125.0,8,0.009354
4475faf2,quick_sort,"def quick_sort(arr):
    if len(arr) <= 1:
        return arr
    pivot = arr[len(arr) // 2]
    left = [x for x in arr if x < pivot]
    middle = [x for x in arr if x == pivot]
    right = [x for x in arr if x > pivot]
    return quick_sort(left) + middle + quick_sort(right)",99677,45.0,16,1.76259
24524e0b,matrix_mult_optimized,"import numpy as np
def matrix_multiply_opt(A, B):
    return np.dot(A, B)",50078,45.0,16,33.895114
02b10fd4,quick_sort,"def quick_sort(arr):
    if len(arr) <= 1:
        return arr
    pivot = arr[len(arr) // 2]
    left = [x for x in arr if x < pivot]
    middle = [x for x in arr if x == pivot]
    right = [x for x in arr if x > pivot]
    return quick_sort(left) + middle + quick_sort(right)",4834,65.0,2,0.214331
83aa85fe,bubble_sort,"def bubble_sort(arr):
    n = len(arr)
    for i in range(n):
        for j in range(0, n-i-1):
            if arr[j] > arr[j+1]:
                arr[j], arr[j+1] = arr[j+1], arr[j]",99578,15.0,4,4.662298
c7d07f7a,matrix_mult_naive,"def matrix_multiply(A, B, N):
    C = [[0 for _ in range(N)] for _ in range(N)]
    for i in range(N):
        for j in range(N):
            for k in range(N):
                C[i][j] += A[i][k] * B[k][j]
    return C",1354,65.0,2,0.039975
05e80408,matrix_mult_naive,"def matrix_multiply(A, B, N):
    C = [[0 for _ in range(N)] for _ in range(N)]
    for i in range(N):
        for j in range(N):
            for k in range(N):
                C[i][j] += A[i][k] * B[k][j]
    return C",100493,65.0,4,8109.338025
17e26b44,matrix_mult_naive,"def matrix_multiply(A, B, N):
    C = [[0 for _ in range(N)] for _ in range(N)]
    for i in range(N):
        for j in range(N):
            for k in range(N):
                C[i][j] += A[i][k] * B[k][j]
    return C",4891,65.0,16,0.233721
bb5c95c1,matrix_mult_naive,"def matrix_multiply(A, B, N):
    C = [[0 for _ in range(N)] for _ in range(N)]
    for i in range(N):
        for j in range(N):
            for k in range(N):
                C[i][j] += A[i][k] * B[k][j]
    return C",50386,65.0,8,494.316543
32dfe084,matrix_mult_naive,"def matrix_multiply(A, B, N):
    C = [[0 for _ in range(N)] for _ in range(N)]
    for i in range(N):
        for j in range(N):
            for k in range(N):
                C[i][j] += A[i][k] * B[k][j]
    return C",100121,15.0,16,477.284806
aa9a821b,matrix_mult_naive,"def matrix_multiply(A, B, N):
    C = [[0 for _ in range(N)] for _ in range(N)]
    for i in range(N):
        for j in range(N):
            for k in range(N):
                C[i][j] += A[i][k] * B[k][j]
    return C",50192,15.0,16,57.174015
7eeee33d,bubble_sort,"def bubble_sort(arr):
    n = len(arr)
    for i in range(n):
        for j in range(0, n-i-1):
            if arr[j] > arr[j+1]:
                arr[j], arr[j+1] = arr[j+1], arr[j]",1396,45.0,2,0.00534
0d98549c,matrix_mult_optimized,"import numpy as np
def matrix_multiply_opt(A, B):
    return np.dot(A, B)",100113,125.0,8,1290.265726
eb74d346,quick_sort,"def quick_sort(arr):
    if len(arr) <= 1:
        return arr
    pivot = arr[len(arr) // 2]
    left = [x for x in arr if x < pivot]
    middle = [x for x in arr if x == pivot]
    right = [x for x in arr if x > pivot]
    return quick_sort(left) + middle + quick_sort(right)",100468,45.0,4,7.040133
98193e61,matrix_mult_naive,"def matrix_multiply(A, B, N):
    C = [[0 for _ in range(N)] for _ in range(N)]
    for i in range(N):
        for j in range(N):
            for k in range(N):
                C[i][j] += A[i][k] * B[k][j]
    return C",9794,65.0,16,1.865382
22e12ce8,quick_sort,"def quick_sort(arr):
    if len(arr) <= 1:
        return arr
    pivot = arr[len(arr) // 2]
    left = [x for x in arr if x < pivot]
    middle = [x for x in arr if x == pivot]
    right = [x for x in arr if x > pivot]
    return quick_sort(left) + middle + quick_sort(right)",10156,125.0,8,0.289372
57904289,matrix_mult_naive,"def matrix_multiply(A, B, N):
    C = [[0 for _ in range(N)] for _ in range(N)]
    for i in range(N):
        for j in range(N):
            for k in range(N):
                C[i][j] += A[i][k] * B[k][j]
    return C",100234,65.0,8,3956.311732
9fe5f957,bubble_sort,"def bubble_sort(arr):
    n = len(arr)
    for i in range(n):
        for j in range(0, n-i-1):
            if arr[j] > arr[j+1]:
                arr[j], arr[j+1] = arr[j+1], arr[j]",4772,45.0,2,0.064159
886b63c2,quick_sort,"def quick_sort(arr):
    if len(arr) <= 1:
        return arr
    pivot = arr[len(arr) // 2]
    left = [x for x in arr if x < pivot]
    middle = [x for x in arr if x == pivot]
    right = [x for x in arr if x > pivot]
    return quick_sort(left) + middle + quick_sort(right)",99814,125.0,8,9.332999
a5ca7c39,busy_wait_anomaly,"import time
def poll_sensor(target_time, N):
    start = time.time()
    # ANOMALY: No sleep, pinning the CPU core to 100%
    while time.time() - start < (N / 100000):
        pass",5023,45.0,4,0.02815
18f5440c,matrix_mult_optimized,"import numpy as np
def matrix_multiply_opt(A, B):
    return np.dot(A, B)",50339,125.0,2,725.20366
ebb8e934,bubble_sort,"def bubble_sort(arr):
    n = len(arr)
    for i in range(n):
        for j in range(0, n-i-1):
            if arr[j] > arr[j+1]:
                arr[j], arr[j+1] = arr[j+1], arr[j]",50108,125.0,4,9.129865
e1e3689e,matrix_mult_naive,"def matrix_multiply(A, B, N):
    C = [[0 for _ in range(N)] for _ in range(N)]
    for i in range(N):
        for j in range(N):
            for k in range(N):
                C[i][j] += A[i][k] * B[k][j]
    return C",9894,15.0,4,1.741335
a52c924d,bubble_sort,"def bubble_sort(arr):
    n = len(arr)
    for i in range(n):
        for j in range(0, n-i-1):
            if arr[j] > arr[j+1]:
                arr[j], arr[j+1] = arr[j+1], arr[j]",100487,65.0,8,10.024279
f2c67aba,busy_wait_anomaly,"import time
def poll_sensor(target_time, N):
    start = time.time()
    # ANOMALY: No sleep, pinning the CPU core to 100%
    while time.time() - start < (N / 100000):
        pass",49854,65.0,2,0.847818
845a10cc,bubble_sort,"def bubble_sort(arr):
    n = len(arr)
    for i in range(n):
        for j in range(0, n-i-1):
            if arr[j] > arr[j+1]:
                arr[j], arr[j+1] = arr[j+1], arr[j]",49918,125.0,4,9.133223
ddbbeae0,matrix_mult_naive,"def matrix_multiply(A, B, N):
    C = [[0 for _ in range(N)] for _ in range(N)]
    for i in range(N):
        for j in range(N):
            for k in range(N):
                C[i][j] += A[i][k] * B[k][j]
    return C",99925,15.0,2,3566.491995
c4d0fdbe,quick_sort,"def quick_sort(arr):
    if len(arr) <= 1:
        return arr
    pivot = arr[len(arr) // 2]
    left = [x for x in arr if x < pivot]
    middle = [x for x in arr if x == pivot]
    right = [x for x in arr if x > pivot]
    return quick_sort(left) + middle + quick_sort(right)",1095,45.0,8,0.003876
e65044c5,bubble_sort,"def bubble_sort(arr):
    n = len(arr)
    for i in range(n):
        for j in range(0, n-i-1):
            if arr[j] > arr[j+1]:
                arr[j], arr[j+1] = arr[j+1], arr[j]",1274,15.0,16,0.000177
1f6ca964,busy_wait_anomaly,"import time
def poll_sensor(target_time, N):
    start = time.time()
    # ANOMALY: No sleep, pinning the CPU core to 100%
    while time.time() - start < (N / 100000):
        pass",100353,45.0,8,0.296304
7ab007b2,matrix_mult_optimized,"import numpy as np
def matrix_multiply_opt(A, B):
    return np.dot(A, B)",49742,125.0,2,679.052852
e243056b,busy_wait_anomaly,"import time
def poll_sensor(target_time, N):
    start = time.time()
    # ANOMALY: No sleep, pinning the CPU core to 100%
    while time.time() - start < (N / 100000):
        pass",100311,45.0,4,0.573617
cd307c98,matrix_mult_naive,"def matrix_multiply(A, B, N):
    C = [[0 for _ in range(N)] for _ in range(N)]
    for i in range(N):
        for j in range(N):
            for k in range(N):
                C[i][j] += A[i][k] * B[k][j]
    return C",10075,45.0,8,2.778155
a5c950ee,quick_sort,"def quick_sort(arr):
    if len(arr) <= 1:
        return arr
    pivot = arr[len(arr) // 2]
    left = [x for x in arr if x < pivot]
    middle = [x for x in arr if x == pivot]
    right = [x for x in arr if x > pivot]
    return quick_sort(left) + middle + quick_sort(right)",99834,125.0,8,9.685155
8606d27b,busy_wait_anomaly,"import time
def poll_sensor(target_time, N):
    start = time.time()
    # ANOMALY: No sleep, pinning the CPU core to 100%
    while time.time() - start < (N / 100000):
        pass",4571,65.0,2,0.071234
6ccbdcff,matrix_mult_optimized,"import numpy as np
def matrix_multiply_opt(A, B):
    return np.dot(A, B)",5060,65.0,4,0.300375
08ce3564,matrix_mult_naive,"def matrix_multiply(A, B, N):
    C = [[0 for _ in range(N)] for _ in range(N)]
    for i in range(N):
        for j in range(N):
            for k in range(N):
                C[i][j] += A[i][k] * B[k][j]
    return C",49612,125.0,8,998.397475
71f645b6,quick_sort,"def quick_sort(arr):
    if len(arr) <= 1:
        return arr
    pivot = arr[len(arr) // 2]
    left = [x for x in arr if x < pivot]
    middle = [x for x in arr if x == pivot]
    right = [x for x in arr if x > pivot]
    return quick_sort(left) + middle + quick_sort(right)",5075,15.0,8,0.013165
ace26603,bubble_sort,"def bubble_sort(arr):
    n = len(arr)
    for i in range(n):
        for j in range(0, n-i-1):
            if arr[j] > arr[j+1]:
                arr[j], arr[j+1] = arr[j+1], arr[j]",5400,45.0,2,0.0785
04a033c3,busy_wait_anomaly,"import time
def poll_sensor(target_time, N):
    start = time.time()
    # ANOMALY: No sleep, pinning the CPU core to 100%
    while time.time() - start < (N / 100000):
        pass",1082,125.0,4,0.016306
7f73296f,matrix_mult_naive,"def matrix_multiply(A, B, N):
    C = [[0 for _ in range(N)] for _ in range(N)]
    for i in range(N):
        for j in range(N):
            for k in range(N):
                C[i][j] += A[i][k] * B[k][j]
    return C",99665,125.0,16,3765.167074
becb8592,matrix_mult_naive,"def matrix_multiply(A, B, N):
    C = [[0 for _ in range(N)] for _ in range(N)]
    for i in range(N):
        for j in range(N):
            for k in range(N):
                C[i][j] += A[i][k] * B[k][j]
    return C",50117,125.0,8,953.700898
41b8a9ab,busy_wait_anomaly,"import time
def poll_sensor(target_time, N):
    start = time.time()
    # ANOMALY: No sleep, pinning the CPU core to 100%
    while time.time() - start < (N / 100000):
        pass",10147,125.0,4,0.160615
f304e878,quick_sort,"def quick_sort(arr):
    if len(arr) <= 1:
        return arr
    pivot = arr[len(arr) // 2]
    left = [x for x in arr if x < pivot]
    middle = [x for x in arr if x == pivot]
    right = [x for x in arr if x > pivot]
    return quick_sort(left) + middle + quick_sort(right)",49510,65.0,16,0.815517
d0a6a6bf,bubble_sort,"def bubble_sort(arr):
    n = len(arr)
    for i in range(n):
        for j in range(0, n-i-1):
            if arr[j] > arr[j+1]:
                arr[j], arr[j+1] = arr[j+1], arr[j]",99591,15.0,8,2.28523
cf8aa15e,busy_wait_anomaly,"import time
def poll_sensor(target_time, N):
    start = time.time()
    # ANOMALY: No sleep, pinning the CPU core to 100%
    while time.time() - start < (N / 100000):
        pass",4581,45.0,2,0.051001
9c54bf07,bubble_sort,"def bubble_sort(arr):
    n = len(arr)
    for i in range(n):
        for j in range(0, n-i-1):
            if arr[j] > arr[j+1]:
                arr[j], arr[j+1] = arr[j+1], arr[j]",10418,45.0,16,0.035482
c3b3a73c,quick_sort,"def quick_sort(arr):
    if len(arr) <= 1:
        return arr
    pivot = arr[len(arr) // 2]
    left = [x for x in arr if x < pivot]
    middle = [x for x in arr if x == pivot]
    right = [x for x in arr if x > pivot]
    return quick_sort(left) + middle + quick_sort(right)",10279,15.0,4,0.074505
f259381d,bubble_sort,"def bubble_sort(arr):
    n = len(arr)
    for i in range(n):
        for j in range(0, n-i-1):
            if arr[j] > arr[j+1]:
                arr[j], arr[j+1] = arr[j+1], arr[j]",583,65.0,2,0.001349
7330f70a,quick_sort,"def quick_sort(arr):
    if len(arr) <= 1:
        return arr
    pivot = arr[len(arr) // 2]
    left = [x for x in arr if x < pivot]
    middle = [x for x in arr if x == pivot]
    right = [x for x in arr if x > pivot]
    return quick_sort(left) + middle + quick_sort(right)",99706,15.0,2,4.381788
4854babd,quick_sort,"def quick_sort(arr):
    if len(arr) <= 1:
        return arr
    pivot = arr[len(arr) // 2]
    left = [x for x in arr if x < pivot]
    middle = [x for x in arr if x == pivot]
    right = [x for x in arr if x > pivot]
    return quick_sort(left) + middle + quick_sort(right)",1481,65.0,8,0.008409
490f6dca,bubble_sort,"def bubble_sort(arr):
    n = len(arr)
    for i in range(n):
        for j in range(0, n-i-1):
            if arr[j] > arr[j+1]:
                arr[j], arr[j+1] = arr[j+1], arr[j]",10215,65.0,2,0.398815
3260da3f,matrix_mult_optimized,"import numpy as np
def matrix_multiply_opt(A, B):
    return np.dot(A, B)",1133,15.0,2,0.002209
3e6aa0c2,quick_sort,"def quick_sort(arr):
    if len(arr) <= 1:
        return arr
    pivot = arr[len(arr) // 2]
    left = [x for x in arr if x < pivot]
    middle = [x for x in arr if x == pivot]
    right = [x for x in arr if x > pivot]
    return quick_sort(left) + middle + quick_sort(right)",100383,45.0,8,3.382341
720887e2,matrix_mult_optimized,"import numpy as np
def matrix_multiply_opt(A, B):
    return np.dot(A, B)",1136,65.0,8,0.002259
5bfb10d6,bubble_sort,"def bubble_sort(arr):
    n = len(arr)
    for i in range(n):
        for j in range(0, n-i-1):
            if arr[j] > arr[j+1]:
                arr[j], arr[j+1] = arr[j+1], arr[j]",10128,125.0,16,0.094028
049f9347,matrix_mult_optimized,"import numpy as np
def matrix_multiply_opt(A, B):
    return np.dot(A, B)",49923,15.0,16,10.211581
0666c14e,matrix_mult_optimized,"import numpy as np
def matrix_multiply_opt(A, B):
    return np.dot(A, B)",1305,45.0,2,0.009428
b13cacfc,matrix_mult_naive,"def matrix_multiply(A, B, N):
    C = [[0 for _ in range(N)] for _ in range(N)]
    for i in range(N):
        for j in range(N):
            for k in range(N):
                C[i][j] += A[i][k] * B[k][j]
    return C",99885,65.0,8,3990.37258
6c75c5ca,busy_wait_anomaly,"import time
def poll_sensor(target_time, N):
    start = time.time()
    # ANOMALY: No sleep, pinning the CPU core to 100%
    while time.time() - start < (N / 100000):
        pass",4544,15.0,2,0.017805
c4bc0bae,quick_sort,"def quick_sort(arr):
    if len(arr) <= 1:
        return arr
    pivot = arr[len(arr) // 2]
    left = [x for x in arr if x < pivot]
    middle = [x for x in arr if x == pivot]
    right = [x for x in arr if x > pivot]
    return quick_sort(left) + middle + quick_sort(right)",4991,125.0,4,0.206783
c44107fa,quick_sort,"def quick_sort(arr):
    if len(arr) <= 1:
        return arr
    pivot = arr[len(arr) // 2]
    left = [x for x in arr if x < pivot]
    middle = [x for x in arr if x == pivot]
    right = [x for x in arr if x > pivot]
    return quick_sort(left) + middle + quick_sort(right)",99984,125.0,2,38.915283
e70bba32,busy_wait_anomaly,"import time
def poll_sensor(target_time, N):
    start = time.time()
    # ANOMALY: No sleep, pinning the CPU core to 100%
    while time.time() - start < (N / 100000):
        pass",1434,125.0,4,0.021514
ca17e197,quick_sort,"def quick_sort(arr):
    if len(arr) <= 1:
        return arr
    pivot = arr[len(arr) // 2]
    left = [x for x in arr if x < pivot]
    middle = [x for x in arr if x == pivot]
    right = [x for x in arr if x > pivot]
    return quick_sort(left) + middle + quick_sort(right)",9603,45.0,4,0.19414
bb0b16f2,matrix_mult_optimized,"import numpy as np
def matrix_multiply_opt(A, B):
    return np.dot(A, B)",49617,125.0,4,348.724398
c6546d87,matrix_mult_naive,"def matrix_multiply(A, B, N):
    C = [[0 for _ in range(N)] for _ in range(N)]
    for i in range(N):
        for j in range(N):
            for k in range(N):
                C[i][j] += A[i][k] * B[k][j]
    return C",5158,45.0,16,0.195967
35c9b9af,busy_wait_anomaly,"import time
def poll_sensor(target_time, N):
    start = time.time()
    # ANOMALY: No sleep, pinning the CPU core to 100%
    while time.time() - start < (N / 100000):
        pass",49820,15.0,4,0.094938
cb3bac6e,busy_wait_anomaly,"import time
def poll_sensor(target_time, N):
    start = time.time()
    # ANOMALY: No sleep, pinning the CPU core to 100%
    while time.time() - start < (N / 100000):
        pass",99560,125.0,4,1.509203
468aa7d9,bubble_sort,"def bubble_sort(arr):
    n = len(arr)
    for i in range(n):
        for j in range(0, n-i-1):
            if arr[j] > arr[j+1]:
                arr[j], arr[j+1] = arr[j+1], arr[j]",10326,65.0,4,0.206387
559606b5,matrix_mult_naive,"def matrix_multiply(A, B, N):
    C = [[0 for _ in range(N)] for _ in range(N)]
    for i in range(N):
        for j in range(N):
            for k in range(N):
                C[i][j] += A[i][k] * B[k][j]
    return C",10065,65.0,8,4.017209
9df739f9,busy_wait_anomaly,"import time
def poll_sensor(target_time, N):
    start = time.time()
    # ANOMALY: No sleep, pinning the CPU core to 100%
    while time.time() - start < (N / 100000):
        pass",9635,45.0,8,0.02706
e9d3471e,busy_wait_anomaly,"import time
def poll_sensor(target_time, N):
    start = time.time()
    # ANOMALY: No sleep, pinning the CPU core to 100%
    while time.time() - start < (N / 100000):
        pass",842,125.0,16,0.003137
89c6c5f0,matrix_mult_optimized,"import numpy as np
def matrix_multiply_opt(A, B):
    return np.dot(A, B)",5481,15.0,8,0.041789
ab88c905,quick_sort,"def quick_sort(arr):
    if len(arr) <= 1:
        return arr
    pivot = arr[len(arr) // 2]
    left = [x for x in arr if x < pivot]
    middle = [x for x in arr if x == pivot]
    right = [x for x in arr if x > pivot]
    return quick_sort(left) + middle + quick_sort(right)",1382,15.0,4,0.003659
9d710490,quick_sort,"def quick_sort(arr):
    if len(arr) <= 1:
        return arr
    pivot = arr[len(arr) // 2]
    left = [x for x in arr if x < pivot]
    middle = [x for x in arr if x == pivot]
    right = [x for x in arr if x > pivot]
    return quick_sort(left) + middle + quick_sort(right)",49521,125.0,4,6.575243
90eee514,quick_sort,"def quick_sort(arr):
    if len(arr) <= 1:
        return arr
    pivot = arr[len(arr) // 2]
    left = [x for x in arr if x < pivot]
    middle = [x for x in arr if x == pivot]
    right = [x for x in arr if x > pivot]
    return quick_sort(left) + middle + quick_sort(right)",1035,15.0,4,0.002295
995e8937,bubble_sort,"def bubble_sort(arr):
    n = len(arr)
    for i in range(n):
        for j in range(0, n-i-1):
            if arr[j] > arr[j+1]:
                arr[j], arr[j+1] = arr[j+1], arr[j]",10073,45.0,2,0.279078
efd1f745,quick_sort,"def quick_sort(arr):
    if len(arr) <= 1:
        return arr
    pivot = arr[len(arr) // 2]
    left = [x for x in arr if x < pivot]
    middle = [x for x in arr if x == pivot]
    right = [x for x in arr if x > pivot]
    return quick_sort(left) + middle + quick_sort(right)",1422,125.0,8,0.016004
4a423704,matrix_mult_naive,"def matrix_multiply(A, B, N):
    C = [[0 for _ in range(N)] for _ in range(N)]
    for i in range(N):
        for j in range(N):
            for k in range(N):
                C[i][j] += A[i][k] * B[k][j]
    return C",9849,65.0,8,3.825804
7a6158e5,matrix_mult_optimized,"import numpy as np
def matrix_multiply_opt(A, B):
    return np.dot(A, B)",50422,65.0,2,362.519005
f7001f37,busy_wait_anomaly,"import time
def poll_sensor(target_time, N):
    start = time.time()
    # ANOMALY: No sleep, pinning the CPU core to 100%
    while time.time() - start < (N / 100000):
        pass",969,65.0,8,0.00384
b4079bcc,quick_sort,"def quick_sort(arr):
    if len(arr) <= 1:
        return arr
    pivot = arr[len(arr) // 2]
    left = [x for x in arr if x < pivot]
    middle = [x for x in arr if x == pivot]
    right = [x for x in arr if x > pivot]
    return quick_sort(left) + middle + quick_sort(right)",10387,45.0,16,0.05645
27711b54,quick_sort,"def quick_sort(arr):
    if len(arr) <= 1:
        return arr
    pivot = arr[len(arr) // 2]
    left = [x for x in arr if x < pivot]
    middle = [x for x in arr if x == pivot]
    right = [x for x in arr if x > pivot]
    return quick_sort(left) + middle + quick_sort(right)",50017,125.0,8,3.168061
7742a076,matrix_mult_optimized,"import numpy as np
def matrix_multiply_opt(A, B):
    return np.dot(A, B)",1116,125.0,4,0.008569
a66a8348,matrix_mult_optimized,"import numpy as np
def matrix_multiply_opt(A, B):
    return np.dot(A, B)",99568,45.0,4,880.951332
eb4147b6,bubble_sort,"def bubble_sort(arr):
    n = len(arr)
    for i in range(n):
        for j in range(0, n-i-1):
            if arr[j] > arr[j+1]:
                arr[j], arr[j+1] = arr[j+1], arr[j]",4641,125.0,4,0.080425
3dea757a,quick_sort,"def quick_sort(arr):
    if len(arr) <= 1:
        return arr
    pivot = arr[len(arr) // 2]
    left = [x for x in arr if x < pivot]
    middle = [x for x in arr if x == pivot]
    right = [x for x in arr if x > pivot]
    return quick_sort(left) + middle + quick_sort(right)",4783,65.0,8,0.052028
7a6222c7,matrix_mult_naive,"def matrix_multiply(A, B, N):
    C = [[0 for _ in range(N)] for _ in range(N)]
    for i in range(N):
        for j in range(N):
            for k in range(N):
                C[i][j] += A[i][k] * B[k][j]
    return C",50195,15.0,8,119.495328
f3cbc7e2,busy_wait_anomaly,"import time
def poll_sensor(target_time, N):
    start = time.time()
    # ANOMALY: No sleep, pinning the CPU core to 100%
    while time.time() - start < (N / 100000):
        pass",49750,65.0,2,0.792104
db1dc22a,matrix_mult_naive,"def matrix_multiply(A, B, N):
    C = [[0 for _ in range(N)] for _ in range(N)]
    for i in range(N):
        for j in range(N):
            for k in range(N):
                C[i][j] += A[i][k] * B[k][j]
    return C",49781,45.0,8,346.224102
ab885388,matrix_mult_optimized,"import numpy as np
def matrix_multiply_opt(A, B):
    return np.dot(A, B)",1122,65.0,2,0.009191
65c2bfd0,matrix_mult_optimized,"import numpy as np
def matrix_multiply_opt(A, B):
    return np.dot(A, B)",10154,15.0,16,0.129041
10b17508,busy_wait_anomaly,"import time
def poll_sensor(target_time, N):
    start = time.time()
    # ANOMALY: No sleep, pinning the CPU core to 100%
    while time.time() - start < (N / 100000):
        pass",5169,15.0,8,0.004985
cfa4158f,bubble_sort,"def bubble_sort(arr):
    n = len(arr)
    for i in range(n):
        for j in range(0, n-i-1):
            if arr[j] > arr[j+1]:
                arr[j], arr[j+1] = arr[j+1], arr[j]",50102,45.0,4,3.413583
04071f0e,bubble_sort,"def bubble_sort(arr):
    n = len(arr)
    for i in range(n):
        for j in range(0, n-i-1):
            if arr[j] > arr[j+1]:
                arr[j], arr[j+1] = arr[j+1], arr[j]",501,65.0,2,0.000976
feec5e58,quick_sort,"def quick_sort(arr):
    if len(arr) <= 1:
        return arr
    pivot = arr[len(arr) // 2]
    left = [x for x in arr if x < pivot]
    middle = [x for x in arr if x == pivot]
    right = [x for x in arr if x > pivot]
    return quick_sort(left) + middle + quick_sort(right)",99645,15.0,4,2.285541
15862afc,matrix_mult_optimized,"import numpy as np
def matrix_multiply_opt(A, B):
    return np.dot(A, B)",10178,65.0,16,0.527579
a77429ff,bubble_sort,"def bubble_sort(arr):
    n = len(arr)
    for i in range(n):
        for j in range(0, n-i-1):
            if arr[j] > arr[j+1]:
                arr[j], arr[j+1] = arr[j+1], arr[j]",9718,125.0,4,0.33973
d7643d08,matrix_mult_naive,"def matrix_multiply(A, B, N):
    C = [[0 for _ in range(N)] for _ in range(N)]
    for i in range(N):
        for j in range(N):
            for k in range(N):
                C[i][j] += A[i][k] * B[k][j]
    return C",50272,15.0,4,232.654365
a0f044e1,matrix_mult_optimized,"import numpy as np
def matrix_multiply_opt(A, B):
    return np.dot(A, B)",9903,15.0,8,0.222293
8cbfedb6,matrix_mult_optimized,"import numpy as np
def matrix_multiply_opt(A, B):
    return np.dot(A, B)",800,15.0,2,0.000781
7f501701,busy_wait_anomaly,"import time
def poll_sensor(target_time, N):
    start = time.time()
    # ANOMALY: No sleep, pinning the CPU core to 100%
    while time.time() - start < (N / 100000):
        pass",10391,15.0,4,0.019646
9c50cae5,matrix_mult_naive,"def matrix_multiply(A, B, N):
    C = [[0 for _ in range(N)] for _ in range(N)]
    for i in range(N):
        for j in range(N):
            for k in range(N):
                C[i][j] += A[i][k] * B[k][j]
    return C",100467,125.0,2,31556.891565
6dbfdf8b,matrix_mult_optimized,"import numpy as np
def matrix_multiply_opt(A, B):
    return np.dot(A, B)",99560,125.0,16,595.321288
bcd95878,matrix_mult_optimized,"import numpy as np
def matrix_multiply_opt(A, B):
    return np.dot(A, B)",10458,45.0,4,1.643867
be623ed9,quick_sort,"def quick_sort(arr):
    if len(arr) <= 1:
        return arr
    pivot = arr[len(arr) // 2]
    left = [x for x in arr if x < pivot]
    middle = [x for x in arr if x == pivot]
    right = [x for x in arr if x > pivot]
    return quick_sort(left) + middle + quick_sort(right)",99812,45.0,4,6.575468
470df163,bubble_sort,"def bubble_sort(arr):
    n = len(arr)
    for i in range(n):
        for j in range(0, n-i-1):
            if arr[j] > arr[j+1]:
                arr[j], arr[j+1] = arr[j+1], arr[j]",99898,65.0,16,5.001004
6b9ddac5,quick_sort,"def quick_sort(arr):
    if len(arr) <= 1:
        return arr
    pivot = arr[len(arr) // 2]
    left = [x for x in arr if x < pivot]
    middle = [x for x in arr if x == pivot]
    right = [x for x in arr if x > pivot]
    return quick_sort(left) + middle + quick_sort(right)",9549,15.0,4,0.066873
c035465a,matrix_mult_optimized,"import numpy as np
def matrix_multiply_opt(A, B):
    return np.dot(A, B)",1051,65.0,8,0.001871
51cb5bf0,quick_sort,"def quick_sort(arr):
    if len(arr) <= 1:
        return arr
    pivot = arr[len(arr) // 2]
    left = [x for x in arr if x < pivot]
    middle = [x for x in arr if x == pivot]
    right = [x for x in arr if x > pivot]
    return quick_sort(left) + middle + quick_sort(right)",100313,65.0,16,2.502796
4817c93c,matrix_mult_naive,"def matrix_multiply(A, B, N):
    C = [[0 for _ in range(N)] for _ in range(N)]
    for i in range(N):
        for j in range(N):
            for k in range(N):
                C[i][j] += A[i][k] * B[k][j]
    return C",50297,125.0,8,948.611798
d43993b0,busy_wait_anomaly,"import time
def poll_sensor(target_time, N):
    start = time.time()
    # ANOMALY: No sleep, pinning the CPU core to 100%
    while time.time() - start < (N / 100000):
        pass",49932,15.0,16,0.023133
a5456335,quick_sort,"def quick_sort(arr):
    if len(arr) <= 1:
        return arr
    pivot = arr[len(arr) // 2]
    left = [x for x in arr if x < pivot]
    middle = [x for x in arr if x == pivot]
    right = [x for x in arr if x > pivot]
    return quick_sort(left) + middle + quick_sort(right)",49766,65.0,2,6.728823
4f70063b,bubble_sort,"def bubble_sort(arr):
    n = len(arr)
    for i in range(n):
        for j in range(0, n-i-1):
            if arr[j] > arr[j+1]:
                arr[j], arr[j+1] = arr[j+1], arr[j]",100351,45.0,4,13.164429
a44649cc,matrix_mult_naive,"def matrix_multiply(A, B, N):
    C = [[0 for _ in range(N)] for _ in range(N)]
    for i in range(N):
        for j in range(N):
            for k in range(N):
                C[i][j] += A[i][k] * B[k][j]
    return C",99556,125.0,2,31121.126739
a3b26b96,matrix_mult_naive,"def matrix_multiply(A, B, N):
    C = [[0 for _ in range(N)] for _ in range(N)]
    for i in range(N):
        for j in range(N):
            for k in range(N):
                C[i][j] += A[i][k] * B[k][j]
    return C",983,15.0,2,0.003451
0f1f931e,quick_sort,"def quick_sort(arr):
    if len(arr) <= 1:
        return arr
    pivot = arr[len(arr) // 2]
    left = [x for x in arr if x < pivot]
    middle = [x for x in arr if x == pivot]
    right = [x for x in arr if x > pivot]
    return quick_sort(left) + middle + quick_sort(right)",100359,45.0,4,6.722394
b731c412,busy_wait_anomaly,"import time
def poll_sensor(target_time, N):
    start = time.time()
    # ANOMALY: No sleep, pinning the CPU core to 100%
    while time.time() - start < (N / 100000):
        pass",10290,15.0,2,0.037066
8be30579,bubble_sort,"def bubble_sort(arr):
    n = len(arr)
    for i in range(n):
        for j in range(0, n-i-1):
            if arr[j] > arr[j+1]:
                arr[j], arr[j+1] = arr[j+1], arr[j]",1484,15.0,8,0.000508
595d80a6,bubble_sort,"def bubble_sort(arr):
    n = len(arr)
    for i in range(n):
        for j in range(0, n-i-1):
            if arr[j] > arr[j+1]:
                arr[j], arr[j+1] = arr[j+1], arr[j]",5012,45.0,2,0.070858
416063b8,matrix_mult_naive,"def matrix_multiply(A, B, N):
    C = [[0 for _ in range(N)] for _ in range(N)]
    for i in range(N):
        for j in range(N):
            for k in range(N):
                C[i][j] += A[i][k] * B[k][j]
    return C",4585,15.0,2,0.360646
77a65bd1,matrix_mult_naive,"def matrix_multiply(A, B, N):
    C = [[0 for _ in range(N)] for _ in range(N)]
    for i in range(N):
        for j in range(N):
            for k in range(N):
                C[i][j] += A[i][k] * B[k][j]
    return C",99512,45.0,16,1413.459983
886744e8,matrix_mult_optimized,"import numpy as np
def matrix_multiply_opt(A, B):
    return np.dot(A, B)",1026,65.0,8,0.001817
0a253c33,quick_sort,"def quick_sort(arr):
    if len(arr) <= 1:
        return arr
    pivot = arr[len(arr) // 2]
    left = [x for x in arr if x < pivot]
    middle = [x for x in arr if x == pivot]
    right = [x for x in arr if x > pivot]
    return quick_sort(left) + middle + quick_sort(right)",4511,45.0,16,0.015441
58b96b26,bubble_sort,"def bubble_sort(arr):
    n = len(arr)
    for i in range(n):
        for j in range(0, n-i-1):
            if arr[j] > arr[j+1]:
                arr[j], arr[j+1] = arr[j+1], arr[j]",1470,65.0,4,0.004184
b6aeb6c1,bubble_sort,"def bubble_sort(arr):
    n = len(arr)
    for i in range(n):
        for j in range(0, n-i-1):
            if arr[j] > arr[j+1]:
                arr[j], arr[j+1] = arr[j+1], arr[j]",49747,15.0,2,2.338156
aead4ea0,matrix_mult_naive,"def matrix_multiply(A, B, N):
    C = [[0 for _ in range(N)] for _ in range(N)]
    for i in range(N):
        for j in range(N):
            for k in range(N):
                C[i][j] += A[i][k] * B[k][j]
    return C",5334,125.0,4,2.388211
1c8554f9,busy_wait_anomaly,"import time
def poll_sensor(target_time, N):
    start = time.time()
    # ANOMALY: No sleep, pinning the CPU core to 100%
    while time.time() - start < (N / 100000):
        pass",4769,45.0,4,0.027578
67460015,busy_wait_anomaly,"import time
def poll_sensor(target_time, N):
    start = time.time()
    # ANOMALY: No sleep, pinning the CPU core to 100%
    while time.time() - start < (N / 100000):
        pass",1006,45.0,16,0.001404
0c52b97e,busy_wait_anomaly,"import time
def poll_sensor(target_time, N):
    start = time.time()
    # ANOMALY: No sleep, pinning the CPU core to 100%
    while time.time() - start < (N / 100000):
        pass",5442,45.0,2,0.05903
983d6ed9,bubble_sort,"def bubble_sort(arr):
    n = len(arr)
    for i in range(n):
        for j in range(0, n-i-1):
            if arr[j] > arr[j+1]:
                arr[j], arr[j+1] = arr[j+1], arr[j]",99603,125.0,2,74.407888
0dd651be,bubble_sort,"def bubble_sort(arr):
    n = len(arr)
    for i in range(n):
        for j in range(0, n-i-1):
            if arr[j] > arr[j+1]:
                arr[j], arr[j+1] = arr[j+1], arr[j]",5168,125.0,4,0.096046
18dd64a0,matrix_mult_optimized,"import numpy as np
def matrix_multiply_opt(A, B):
    return np.dot(A, B)",1091,125.0,2,0.015309
8b62b929,busy_wait_anomaly,"import time
def poll_sensor(target_time, N):
    start = time.time()
    # ANOMALY: No sleep, pinning the CPU core to 100%
    while time.time() - start < (N / 100000):
        pass",99887,125.0,2,3.042748
4865204e,busy_wait_anomaly,"import time
def poll_sensor(target_time, N):
    start = time.time()
    # ANOMALY: No sleep, pinning the CPU core to 100%
    while time.time() - start < (N / 100000):
        pass",100285,65.0,4,0.816098
bacd9d20,quick_sort,"def quick_sort(arr):
    if len(arr) <= 1:
        return arr
    pivot = arr[len(arr) // 2]
    left = [x for x in arr if x < pivot]
    middle = [x for x in arr if x == pivot]
    right = [x for x in arr if x > pivot]
    return quick_sort(left) + middle + quick_sort(right)",4993,15.0,8,0.012185
c4454333,quick_sort,"def quick_sort(arr):
    if len(arr) <= 1:
        return arr
    pivot = arr[len(arr) // 2]
    left = [x for x in arr if x < pivot]
    middle = [x for x in arr if x == pivot]
    right = [x for x in arr if x > pivot]
    return quick_sort(left) + middle + quick_sort(right)",1255,125.0,8,0.013346
5bd38735,busy_wait_anomaly,"import time
def poll_sensor(target_time, N):
    start = time.time()
    # ANOMALY: No sleep, pinning the CPU core to 100%
    while time.time() - start < (N / 100000):
        pass",49951,45.0,8,0.137166
0293a697,matrix_mult_optimized,"import numpy as np
def matrix_multiply_opt(A, B):
    return np.dot(A, B)",49859,65.0,16,45.538029
63959330,matrix_mult_naive,"def matrix_multiply(A, B, N):
    C = [[0 for _ in range(N)] for _ in range(N)]
    for i in range(N):
        for j in range(N):
            for k in range(N):
                C[i][j] += A[i][k] * B[k][j]
    return C",708,45.0,8,0.001027
7e6d433d,quick_sort,"def quick_sort(arr):
    if len(arr) <= 1:
        return arr
    pivot = arr[len(arr) // 2]
    left = [x for x in arr if x < pivot]
    middle = [x for x in arr if x == pivot]
    right = [x for x in arr if x > pivot]
    return quick_sort(left) + middle + quick_sort(right)",49683,45.0,8,1.221233
c16d20b6,quick_sort,"def quick_sort(arr):
    if len(arr) <= 1:
        return arr
    pivot = arr[len(arr) // 2]
    left = [x for x in arr if x < pivot]
    middle = [x for x in arr if x == pivot]
    right = [x for x in arr if x > pivot]
    return quick_sort(left) + middle + quick_sort(right)",100124,65.0,2,19.578558
1612ad5d,bubble_sort,"def bubble_sort(arr):
    n = len(arr)
    for i in range(n):
        for j in range(0, n-i-1):
            if arr[j] > arr[j+1]:
                arr[j], arr[j+1] = arr[j+1], arr[j]",1429,15.0,2,0.001907
4d27989d,bubble_sort,"def bubble_sort(arr):
    n = len(arr)
    for i in range(n):
        for j in range(0, n-i-1):
            if arr[j] > arr[j+1]:
                arr[j], arr[j+1] = arr[j+1], arr[j]",100375,45.0,8,7.074561
e872cdff,bubble_sort,"def bubble_sort(arr):
    n = len(arr)
    for i in range(n):
        for j in range(0, n-i-1):
            if arr[j] > arr[j+1]:
                arr[j], arr[j+1] = arr[j+1], arr[j]",50159,65.0,2,9.979993
b526182c,matrix_mult_optimized,"import numpy as np
def matrix_multiply_opt(A, B):
    return np.dot(A, B)",10398,45.0,4,1.568039
39be0247,busy_wait_anomaly,"import time
def poll_sensor(target_time, N):
    start = time.time()
    # ANOMALY: No sleep, pinning the CPU core to 100%
    while time.time() - start < (N / 100000):
        pass",99938,15.0,2,0.365939
22764ed3,busy_wait_anomaly,"import time
def poll_sensor(target_time, N):
    start = time.time()
    # ANOMALY: No sleep, pinning the CPU core to 100%
    while time.time() - start < (N / 100000):
        pass",50337,125.0,2,1.637246
3560fd14,quick_sort,"def quick_sort(arr):
    if len(arr) <= 1:
        return arr
    pivot = arr[len(arr) // 2]
    left = [x for x in arr if x < pivot]
    middle = [x for x in arr if x == pivot]
    right = [x for x in arr if x > pivot]
    return quick_sort(left) + middle + quick_sort(right)",1101,65.0,4,0.011299
697adae2,busy_wait_anomaly,"import time
def poll_sensor(target_time, N):
    start = time.time()
    # ANOMALY: No sleep, pinning the CPU core to 100%
    while time.time() - start < (N / 100000):
        pass",1499,65.0,16,0.002986
6cd8e78e,matrix_mult_naive,"def matrix_multiply(A, B, N):
    C = [[0 for _ in range(N)] for _ in range(N)]
    for i in range(N):
        for j in range(N):
            for k in range(N):
                C[i][j] += A[i][k] * B[k][j]
    return C",10442,45.0,2,12.713163
f86514e8,bubble_sort,"def bubble_sort(arr):
    n = len(arr)
    for i in range(n):
        for j in range(0, n-i-1):
            if arr[j] > arr[j+1]:
                arr[j], arr[j+1] = arr[j+1], arr[j]",4569,125.0,4,0.076156
a0842a8b,matrix_mult_naive,"def matrix_multiply(A, B, N):
    C = [[0 for _ in range(N)] for _ in range(N)]
    for i in range(N):
        for j in range(N):
            for k in range(N):
                C[i][j] += A[i][k] * B[k][j]
    return C",10049,45.0,2,11.598244
cccb436d,bubble_sort,"def bubble_sort(arr):
    n = len(arr)
    for i in range(n):
        for j in range(0, n-i-1):
            if arr[j] > arr[j+1]:
                arr[j], arr[j+1] = arr[j+1], arr[j]",4696,15.0,2,0.019267
8fd8228c,matrix_mult_naive,"def matrix_multiply(A, B, N):
    C = [[0 for _ in range(N)] for _ in range(N)]
    for i in range(N):
        for j in range(N):
            for k in range(N):
                C[i][j] += A[i][k] * B[k][j]
    return C",50307,45.0,4,683.069129
9d4b3e7c,quick_sort,"def quick_sort(arr):
    if len(arr) <= 1:
        return arr
    pivot = arr[len(arr) // 2]
    left = [x for x in arr if x < pivot]
    middle = [x for x in arr if x == pivot]
    right = [x for x in arr if x > pivot]
    return quick_sort(left) + middle + quick_sort(right)",5441,15.0,16,0.007144
4a13955e,quick_sort,"def quick_sort(arr):
    if len(arr) <= 1:
        return arr
    pivot = arr[len(arr) // 2]
    left = [x for x in arr if x < pivot]
    middle = [x for x in arr if x == pivot]
    right = [x for x in arr if x > pivot]
    return quick_sort(left) + middle + quick_sort(right)",4936,65.0,8,0.055636
8adb33d3,busy_wait_anomaly,"import time
def poll_sensor(target_time, N):
    start = time.time()
    # ANOMALY: No sleep, pinning the CPU core to 100%
    while time.time() - start < (N / 100000):
        pass",10104,65.0,4,0.083823
1778472d,matrix_mult_naive,"def matrix_multiply(A, B, N):
    C = [[0 for _ in range(N)] for _ in range(N)]
    for i in range(N):
        for j in range(N):
            for k in range(N):
                C[i][j] += A[i][k] * B[k][j]
    return C",1049,15.0,16,0.000542
8c598c8e,busy_wait_anomaly,"import time
def poll_sensor(target_time, N):
    start = time.time()
    # ANOMALY: No sleep, pinning the CPU core to 100%
    while time.time() - start < (N / 100000):
        pass",869,15.0,4,0.001708
44332c76,matrix_mult_optimized,"import numpy as np
def matrix_multiply_opt(A, B):
    return np.dot(A, B)",10012,15.0,4,0.473307
194f943a,bubble_sort,"def bubble_sort(arr):
    n = len(arr)
    for i in range(n):
        for j in range(0, n-i-1):
            if arr[j] > arr[j+1]:
                arr[j], arr[j+1] = arr[j+1], arr[j]",10073,45.0,2,0.281067
65721e5d,matrix_mult_naive,"def matrix_multiply(A, B, N):
    C = [[0 for _ in range(N)] for _ in range(N)]
    for i in range(N):
        for j in range(N):
            for k in range(N):
                C[i][j] += A[i][k] * B[k][j]
    return C",578,65.0,4,0.001544
f66da8ea,busy_wait_anomaly,"import time
def poll_sensor(target_time, N):
    start = time.time()
    # ANOMALY: No sleep, pinning the CPU core to 100%
    while time.time() - start < (N / 100000):
        pass",100069,45.0,8,0.267967
de731987,quick_sort,"def quick_sort(arr):
    if len(arr) <= 1:
        return arr
    pivot = arr[len(arr) // 2]
    left = [x for x in arr if x < pivot]
    middle = [x for x in arr if x == pivot]
    right = [x for x in arr if x > pivot]
    return quick_sort(left) + middle + quick_sort(right)",1316,15.0,4,0.003252
89062700,matrix_mult_naive,"def matrix_multiply(A, B, N):
    C = [[0 for _ in range(N)] for _ in range(N)]
    for i in range(N):
        for j in range(N):
            for k in range(N):
                C[i][j] += A[i][k] * B[k][j]
    return C",5181,65.0,2,2.148273
94fffd98,busy_wait_anomaly,"import time
def poll_sensor(target_time, N):
    start = time.time()
    # ANOMALY: No sleep, pinning the CPU core to 100%
    while time.time() - start < (N / 100000):
        pass",9759,15.0,8,0.009491
5061d7c7,quick_sort,"def quick_sort(arr):
    if len(arr) <= 1:
        return arr
    pivot = arr[len(arr) // 2]
    left = [x for x in arr if x < pivot]
    middle = [x for x in arr if x == pivot]
    right = [x for x in arr if x > pivot]
    return quick_sort(left) + middle + quick_sort(right)",50160,65.0,8,1.737043
07a1d0cf,quick_sort,"def quick_sort(arr):
    if len(arr) <= 1:
        return arr
    pivot = arr[len(arr) // 2]
    left = [x for x in arr if x < pivot]
    middle = [x for x in arr if x == pivot]
    right = [x for x in arr if x > pivot]
    return quick_sort(left) + middle + quick_sort(right)",9534,125.0,4,0.578746
3aea9584,quick_sort,"def quick_sort(arr):
    if len(arr) <= 1:
        return arr
    pivot = arr[len(arr) // 2]
    left = [x for x in arr if x < pivot]
    middle = [x for x in arr if x == pivot]
    right = [x for x in arr if x > pivot]
    return quick_sort(left) + middle + quick_sort(right)",937,45.0,8,0.003163
2b8450cb,bubble_sort,"def bubble_sort(arr):
    n = len(arr)
    for i in range(n):
        for j in range(0, n-i-1):
            if arr[j] > arr[j+1]:
                arr[j], arr[j+1] = arr[j+1], arr[j]",100340,125.0,2,73.019103
8c457ac1,quick_sort,"def quick_sort(arr):
    if len(arr) <= 1:
        return arr
    pivot = arr[len(arr) // 2]
    left = [x for x in arr if x < pivot]
    middle = [x for x in arr if x == pivot]
    right = [x for x in arr if x > pivot]
    return quick_sort(left) + middle + quick_sort(right)",4557,65.0,8,0.045486
f7e33719,busy_wait_anomaly,"import time
def poll_sensor(target_time, N):
    start = time.time()
    # ANOMALY: No sleep, pinning the CPU core to 100%
    while time.time() - start < (N / 100000):
        pass",49514,45.0,8,0.136816
6f48ca8e,busy_wait_anomaly,"import time
def poll_sensor(target_time, N):
    start = time.time()
    # ANOMALY: No sleep, pinning the CPU core to 100%
    while time.time() - start < (N / 100000):
        pass",100426,125.0,8,0.753679
5eabf13e,bubble_sort,"def bubble_sort(arr):
    n = len(arr)
    for i in range(n):
        for j in range(0, n-i-1):
            if arr[j] > arr[j+1]:
                arr[j], arr[j+1] = arr[j+1], arr[j]",5085,15.0,2,0.023161
b67a1748,quick_sort,"def quick_sort(arr):
    if len(arr) <= 1:
        return arr
    pivot = arr[len(arr) // 2]
    left = [x for x in arr if x < pivot]
    middle = [x for x in arr if x == pivot]
    right = [x for x in arr if x > pivot]
    return quick_sort(left) + middle + quick_sort(right)",5131,45.0,16,0.019775
b288dbc5,matrix_mult_optimized,"import numpy as np
def matrix_multiply_opt(A, B):
    return np.dot(A, B)",5104,15.0,8,0.036949
a788ecfb,quick_sort,"def quick_sort(arr):
    if len(arr) <= 1:
        return arr
    pivot = arr[len(arr) // 2]
    left = [x for x in arr if x < pivot]
    middle = [x for x in arr if x == pivot]
    right = [x for x in arr if x > pivot]
    return quick_sort(left) + middle + quick_sort(right)",50454,125.0,4,6.947322
3b6158f5,matrix_mult_naive,"def matrix_multiply(A, B, N):
    C = [[0 for _ in range(N)] for _ in range(N)]
    for i in range(N):
        for j in range(N):
            for k in range(N):
                C[i][j] += A[i][k] * B[k][j]
    return C",1256,15.0,16,0.000935
4173e427,quick_sort,"def quick_sort(arr):
    if len(arr) <= 1:
        return arr
    pivot = arr[len(arr) // 2]
    left = [x for x in arr if x < pivot]
    middle = [x for x in arr if x == pivot]
    right = [x for x in arr if x > pivot]
    return quick_sort(left) + middle + quick_sort(right)",49678,125.0,2,13.236556
a4576a20,quick_sort,"def quick_sort(arr):
    if len(arr) <= 1:
        return arr
    pivot = arr[len(arr) // 2]
    left = [x for x in arr if x < pivot]
    middle = [x for x in arr if x == pivot]
    right = [x for x in arr if x > pivot]
    return quick_sort(left) + middle + quick_sort(right)",50119,65.0,4,3.53783
a722149b,matrix_mult_optimized,"import numpy as np
def matrix_multiply_opt(A, B):
    return np.dot(A, B)",99952,125.0,16,635.781473
ee1cc5f3,busy_wait_anomaly,"import time
def poll_sensor(target_time, N):
    start = time.time()
    # ANOMALY: No sleep, pinning the CPU core to 100%
    while time.time() - start < (N / 100000):
        pass",780,65.0,8,0.003289
9697a8a6,matrix_mult_naive,"def matrix_multiply(A, B, N):
    C = [[0 for _ in range(N)] for _ in range(N)]
    for i in range(N):
        for j in range(N):
            for k in range(N):
                C[i][j] += A[i][k] * B[k][j]
    return C",100452,65.0,16,2113.942966
6235e5cd,busy_wait_anomaly,"import time
def poll_sensor(target_time, N):
    start = time.time()
    # ANOMALY: No sleep, pinning the CPU core to 100%
    while time.time() - start < (N / 100000):
        pass",520,65.0,4,0.004241
6ca775fe,busy_wait_anomaly,"import time
def poll_sensor(target_time, N):
    start = time.time()
    # ANOMALY: No sleep, pinning the CPU core to 100%
    while time.time() - start < (N / 100000):
        pass",9523,15.0,2,0.037171
906033ac,matrix_mult_naive,"def matrix_multiply(A, B, N):
    C = [[0 for _ in range(N)] for _ in range(N)]
    for i in range(N):
        for j in range(N):
            for k in range(N):
                C[i][j] += A[i][k] * B[k][j]
    return C",100494,125.0,8,7855.498563
1fa5c741,busy_wait_anomaly,"import time
def poll_sensor(target_time, N):
    start = time.time()
    # ANOMALY: No sleep, pinning the CPU core to 100%
    while time.time() - start < (N / 100000):
        pass",9603,45.0,2,0.104762
657483dd,busy_wait_anomaly,"import time
def poll_sensor(target_time, N):
    start = time.time()
    # ANOMALY: No sleep, pinning the CPU core to 100%
    while time.time() - start < (N / 100000):
        pass",9702,65.0,4,0.082616
8bea1043,matrix_mult_naive,"def matrix_multiply(A, B, N):
    C = [[0 for _ in range(N)] for _ in range(N)]
    for i in range(N):
        for j in range(N):
            for k in range(N):
                C[i][j] += A[i][k] * B[k][j]
    return C",49927,45.0,8,337.385775
5df887c7,busy_wait_anomaly,"import time
def poll_sensor(target_time, N):
    start = time.time()
    # ANOMALY: No sleep, pinning the CPU core to 100%
    while time.time() - start < (N / 100000):
        pass",9605,15.0,8,0.008874
fe65e141,bubble_sort,"def bubble_sort(arr):
    n = len(arr)
    for i in range(n):
        for j in range(0, n-i-1):
            if arr[j] > arr[j+1]:
                arr[j], arr[j+1] = arr[j+1], arr[j]",9540,15.0,4,0.042031
850b472c,quick_sort,"def quick_sort(arr):
    if len(arr) <= 1:
        return arr
    pivot = arr[len(arr) // 2]
    left = [x for x in arr if x < pivot]
    middle = [x for x in arr if x == pivot]
    right = [x for x in arr if x > pivot]
    return quick_sort(left) + middle + quick_sort(right)",844,15.0,4,0.001723
8841c6ad,matrix_mult_naive,"def matrix_multiply(A, B, N):
    C = [[0 for _ in range(N)] for _ in range(N)]
    for i in range(N):
        for j in range(N):
            for k in range(N):
                C[i][j] += A[i][k] * B[k][j]
    return C",4676,65.0,4,0.815239
3dd96c61,matrix_mult_optimized,"import numpy as np
def matrix_multiply_opt(A, B):
    return np.dot(A, B)",5346,65.0,8,0.171784
e88a8f8d,quick_sort,"def quick_sort(arr):
    if len(arr) <= 1:
        return arr
    pivot = arr[len(arr) // 2]
    left = [x for x in arr if x < pivot]
    middle = [x for x in arr if x == pivot]
    right = [x for x in arr if x > pivot]
    return quick_sort(left) + middle + quick_sort(right)",5255,15.0,16,0.006957
43056992,matrix_mult_optimized,"import numpy as np
def matrix_multiply_opt(A, B):
    return np.dot(A, B)",920,125.0,2,0.010162
bd387207,matrix_mult_optimized,"import numpy as np
def matrix_multiply_opt(A, B):
    return np.dot(A, B)",9704,65.0,2,3.649297
5820b1db,busy_wait_anomaly,"import time
def poll_sensor(target_time, N):
    start = time.time()
    # ANOMALY: No sleep, pinning the CPU core to 100%
    while time.time() - start < (N / 100000):
        pass",4520,125.0,8,0.035871
19d3b0d8,quick_sort,"def quick_sort(arr):
    if len(arr) <= 1:
        return arr
    pivot = arr[len(arr) // 2]
    left = [x for x in arr if x < pivot]
    middle = [x for x in arr if x == pivot]
    right = [x for x in arr if x > pivot]
    return quick_sort(left) + middle + quick_sort(right)",50024,65.0,16,0.84456
27d1c4c4,matrix_mult_naive,"def matrix_multiply(A, B, N):
    C = [[0 for _ in range(N)] for _ in range(N)]
    for i in range(N):
        for j in range(N):
            for k in range(N):
                C[i][j] += A[i][k] * B[k][j]
    return C",5286,125.0,4,2.205228
ccbe2c43,matrix_mult_optimized,"import numpy as np
def matrix_multiply_opt(A, B):
    return np.dot(A, B)",10481,45.0,16,0.41536
e48926a0,quick_sort,"def quick_sort(arr):
    if len(arr) <= 1:
        return arr
    pivot = arr[len(arr) // 2]
    left = [x for x in arr if x < pivot]
    middle = [x for x in arr if x == pivot]
    right = [x for x in arr if x > pivot]
    return quick_sort(left) + middle + quick_sort(right)",5104,15.0,2,0.051231
ae4f5a60,bubble_sort,"def bubble_sort(arr):
    n = len(arr)
    for i in range(n):
        for j in range(0, n-i-1):
            if arr[j] > arr[j+1]:
                arr[j], arr[j+1] = arr[j+1], arr[j]",4718,125.0,2,0.162911
517b7f2d,quick_sort,"def quick_sort(arr):
    if len(arr) <= 1:
        return arr
    pivot = arr[len(arr) // 2]
    left = [x for x in arr if x < pivot]
    middle = [x for x in arr if x == pivot]
    right = [x for x in arr if x > pivot]
    return quick_sort(left) + middle + quick_sort(right)",10281,125.0,16,0.158609
6446f0d7,busy_wait_anomaly,"import time
def poll_sensor(target_time, N):
    start = time.time()
    # ANOMALY: No sleep, pinning the CPU core to 100%
    while time.time() - start < (N / 100000):
        pass",99942,45.0,2,1.12242
3cddb46d,busy_wait_anomaly,"import time
def poll_sensor(target_time, N):
    start = time.time()
    # ANOMALY: No sleep, pinning the CPU core to 100%
    while time.time() - start < (N / 100000):
        pass",1189,65.0,16,0.002301
9d39cffb,busy_wait_anomaly,"import time
def poll_sensor(target_time, N):
    start = time.time()
    # ANOMALY: No sleep, pinning the CPU core to 100%
    while time.time() - start < (N / 100000):
        pass",4624,125.0,2,0.147625
39543757,busy_wait_anomaly,"import time
def poll_sensor(target_time, N):
    start = time.time()
    # ANOMALY: No sleep, pinning the CPU core to 100%
    while time.time() - start < (N / 100000):
        pass",49950,125.0,4,0.745999
045c8c46,quick_sort,"def quick_sort(arr):
    if len(arr) <= 1:
        return arr
    pivot = arr[len(arr) // 2]
    left = [x for x in arr if x < pivot]
    middle = [x for x in arr if x == pivot]
    right = [x for x in arr if x > pivot]
    return quick_sort(left) + middle + quick_sort(right)",5218,45.0,16,0.021072
0b2ccb4d,busy_wait_anomaly,"import time
def poll_sensor(target_time, N):
    start = time.time()
    # ANOMALY: No sleep, pinning the CPU core to 100%
    while time.time() - start < (N / 100000):
        pass",10201,65.0,16,0.019829
9684f9ca,matrix_mult_naive,"def matrix_multiply(A, B, N):
    C = [[0 for _ in range(N)] for _ in range(N)]
    for i in range(N):
        for j in range(N):
            for k in range(N):
                C[i][j] += A[i][k] * B[k][j]
    return C",99641,125.0,4,16000.769389
83ea8b7e,matrix_mult_naive,"def matrix_multiply(A, B, N):
    C = [[0 for _ in range(N)] for _ in range(N)]
    for i in range(N):
        for j in range(N):
            for k in range(N):
                C[i][j] += A[i][k] * B[k][j]
    return C",4890,15.0,8,0.113379
242af407,busy_wait_anomaly,"import time
def poll_sensor(target_time, N):
    start = time.time()
    # ANOMALY: No sleep, pinning the CPU core to 100%
    while time.time() - start < (N / 100000):
        pass",5421,125.0,2,0.171057
1db9a7b1,matrix_mult_optimized,"import numpy as np
def matrix_multiply_opt(A, B):
    return np.dot(A, B)",5295,125.0,16,0.163806
30a365d5,bubble_sort,"def bubble_sort(arr):
    n = len(arr)
    for i in range(n):
        for j in range(0, n-i-1):
            if arr[j] > arr[j+1]:
                arr[j], arr[j+1] = arr[j+1], arr[j]",9835,65.0,2,0.371952
ea7b1c2f,matrix_mult_optimized,"import numpy as np
def matrix_multiply_opt(A, B):
    return np.dot(A, B)",9697,125.0,2,7.329765
e40146e9,matrix_mult_naive,"def matrix_multiply(A, B, N):
    C = [[0 for _ in range(N)] for _ in range(N)]
    for i in range(N):
        for j in range(N):
            for k in range(N):
                C[i][j] += A[i][k] * B[k][j]
    return C",99656,65.0,2,16028.420263
718044e6,matrix_mult_optimized,"import numpy as np
def matrix_multiply_opt(A, B):
    return np.dot(A, B)",5042,125.0,2,1.123138
35057d95,matrix_mult_naive,"def matrix_multiply(A, B, N):
    C = [[0 for _ in range(N)] for _ in range(N)]
    for i in range(N):
        for j in range(N):
            for k in range(N):
                C[i][j] += A[i][k] * B[k][j]
    return C",99503,125.0,16,3657.353866
82bf2f08,busy_wait_anomaly,"import time
def poll_sensor(target_time, N):
    start = time.time()
    # ANOMALY: No sleep, pinning the CPU core to 100%
    while time.time() - start < (N / 100000):
        pass",50050,65.0,8,0.195115
d5682790,matrix_mult_optimized,"import numpy as np
def matrix_multiply_opt(A, B):
    return np.dot(A, B)",4792,65.0,2,0.543886
86b0f59b,matrix_mult_naive,"def matrix_multiply(A, B, N):
    C = [[0 for _ in range(N)] for _ in range(N)]
    for i in range(N):
        for j in range(N):
            for k in range(N):
                C[i][j] += A[i][k] * B[k][j]
    return C",50095,15.0,16,59.407931
3c233ad1,matrix_mult_naive,"def matrix_multiply(A, B, N):
    C = [[0 for _ in range(N)] for _ in range(N)]
    for i in range(N):
        for j in range(N):
            for k in range(N):
                C[i][j] += A[i][k] * B[k][j]
    return C",4760,125.0,2,3.217274
3d6bab7b,quick_sort,"def quick_sort(arr):
    if len(arr) <= 1:
        return arr
    pivot = arr[len(arr) // 2]
    left = [x for x in arr if x < pivot]
    middle = [x for x in arr if x == pivot]
    right = [x for x in arr if x > pivot]
    return quick_sort(left) + middle + quick_sort(right)",4926,45.0,2,0.140501
fc7987e5,quick_sort,"def quick_sort(arr):
    if len(arr) <= 1:
        return arr
    pivot = arr[len(arr) // 2]
    left = [x for x in arr if x < pivot]
    middle = [x for x in arr if x == pivot]
    right = [x for x in arr if x > pivot]
    return quick_sort(left) + middle + quick_sort(right)",49922,45.0,16,0.618789
f3c04fbd,matrix_mult_naive,"def matrix_multiply(A, B, N):
    C = [[0 for _ in range(N)] for _ in range(N)]
    for i in range(N):
        for j in range(N):
            for k in range(N):
                C[i][j] += A[i][k] * B[k][j]
    return C",622,45.0,2,0.002694
5db9ac2b,matrix_mult_naive,"def matrix_multiply(A, B, N):
    C = [[0 for _ in range(N)] for _ in range(N)]
    for i in range(N):
        for j in range(N):
            for k in range(N):
                C[i][j] += A[i][k] * B[k][j]
    return C",100324,125.0,8,7594.262432
db134163,quick_sort,"def quick_sort(arr):
    if len(arr) <= 1:
        return arr
    pivot = arr[len(arr) // 2]
    left = [x for x in arr if x < pivot]
    middle = [x for x in arr if x == pivot]
    right = [x for x in arr if x > pivot]
    return quick_sort(left) + middle + quick_sort(right)",672,65.0,2,0.010463
67fd4074,matrix_mult_optimized,"import numpy as np
def matrix_multiply_opt(A, B):
    return np.dot(A, B)",1093,45.0,2,0.005712
a75b61ea,busy_wait_anomaly,"import time
def poll_sensor(target_time, N):
    start = time.time()
    # ANOMALY: No sleep, pinning the CPU core to 100%
    while time.time() - start < (N / 100000):
        pass",808,65.0,16,0.001585
e49b4655,matrix_mult_naive,"def matrix_multiply(A, B, N):
    C = [[0 for _ in range(N)] for _ in range(N)]
    for i in range(N):
        for j in range(N):
            for k in range(N):
                C[i][j] += A[i][k] * B[k][j]
    return C",49993,125.0,4,1899.628047
82372095,quick_sort,"def quick_sort(arr):
    if len(arr) <= 1:
        return arr
    pivot = arr[len(arr) // 2]
    left = [x for x in arr if x < pivot]
    middle = [x for x in arr if x == pivot]
    right = [x for x in arr if x > pivot]
    return quick_sort(left) + middle + quick_sort(right)",49730,45.0,2,4.542513
7f1cd1bb,quick_sort,"def quick_sort(arr):
    if len(arr) <= 1:
        return arr
    pivot = arr[len(arr) // 2]
    left = [x for x in arr if x < pivot]
    middle = [x for x in arr if x == pivot]
    right = [x for x in arr if x > pivot]
    return quick_sort(left) + middle + quick_sort(right)",4679,125.0,16,0.048424
ddda90f3,busy_wait_anomaly,"import time
def poll_sensor(target_time, N):
    start = time.time()
    # ANOMALY: No sleep, pinning the CPU core to 100%
    while time.time() - start < (N / 100000):
        pass",99843,45.0,2,1.158167
8b67eb9f,quick_sort,"def quick_sort(arr):
    if len(arr) <= 1:
        return arr
    pivot = arr[len(arr) // 2]
    left = [x for x in arr if x < pivot]
    middle = [x for x in arr if x == pivot]
    right = [x for x in arr if x > pivot]
    return quick_sort(left) + middle + quick_sort(right)",50254,125.0,16,1.752467
25e6149d,matrix_mult_optimized,"import numpy as np
def matrix_multiply_opt(A, B):
    return np.dot(A, B)",10033,65.0,8,0.988615
367c4b95,bubble_sort,"def bubble_sort(arr):
    n = len(arr)
    for i in range(n):
        for j in range(0, n-i-1):
            if arr[j] > arr[j+1]:
                arr[j], arr[j+1] = arr[j+1], arr[j]",10381,65.0,16,0.050907
ecd26fc9,matrix_mult_naive,"def matrix_multiply(A, B, N):
    C = [[0 for _ in range(N)] for _ in range(N)]
    for i in range(N):
        for j in range(N):
            for k in range(N):
                C[i][j] += A[i][k] * B[k][j]
    return C",4552,45.0,2,1.108005
47d5d075,matrix_mult_naive,"def matrix_multiply(A, B, N):
    C = [[0 for _ in range(N)] for _ in range(N)]
    for i in range(N):
        for j in range(N):
            for k in range(N):
                C[i][j] += A[i][k] * B[k][j]
    return C",10181,125.0,2,32.926169
1108c34c,matrix_mult_naive,"def matrix_multiply(A, B, N):
    C = [[0 for _ in range(N)] for _ in range(N)]
    for i in range(N):
        for j in range(N):
            for k in range(N):
                C[i][j] += A[i][k] * B[k][j]
    return C",10169,45.0,2,12.102582
b5d34998,matrix_mult_naive,"def matrix_multiply(A, B, N):
    C = [[0 for _ in range(N)] for _ in range(N)]
    for i in range(N):
        for j in range(N):
            for k in range(N):
                C[i][j] += A[i][k] * B[k][j]
    return C",4570,125.0,4,1.494927
4104fbd8,quick_sort,"def quick_sort(arr):
    if len(arr) <= 1:
        return arr
    pivot = arr[len(arr) // 2]
    left = [x for x in arr if x < pivot]
    middle = [x for x in arr if x == pivot]
    right = [x for x in arr if x > pivot]
    return quick_sort(left) + middle + quick_sort(right)",100327,125.0,4,17.966169
6626c428,matrix_mult_naive,"def matrix_multiply(A, B, N):
    C = [[0 for _ in range(N)] for _ in range(N)]
    for i in range(N):
        for j in range(N):
            for k in range(N):
                C[i][j] += A[i][k] * B[k][j]
    return C",99702,65.0,2,16020.721245
e8369a15,quick_sort,"def quick_sort(arr):
    if len(arr) <= 1:
        return arr
    pivot = arr[len(arr) // 2]
    left = [x for x in arr if x < pivot]
    middle = [x for x in arr if x == pivot]
    right = [x for x in arr if x > pivot]
    return quick_sort(left) + middle + quick_sort(right)",99530,125.0,2,36.501427
fe169a6f,busy_wait_anomaly,"import time
def poll_sensor(target_time, N):
    start = time.time()
    # ANOMALY: No sleep, pinning the CPU core to 100%
    while time.time() - start < (N / 100000):
        pass",100219,45.0,2,1.118393
6b7f69ef,matrix_mult_optimized,"import numpy as np
def matrix_multiply_opt(A, B):
    return np.dot(A, B)",10179,125.0,2,8.696479
4066720f,bubble_sort,"def bubble_sort(arr):
    n = len(arr)
    for i in range(n):
        for j in range(0, n-i-1):
            if arr[j] > arr[j+1]:
                arr[j], arr[j+1] = arr[j+1], arr[j]",10181,15.0,8,0.023054
069e16dc,busy_wait_anomaly,"import time
def poll_sensor(target_time, N):
    start = time.time()
    # ANOMALY: No sleep, pinning the CPU core to 100%
    while time.time() - start < (N / 100000):
        pass",670,15.0,4,0.001234
63e2c2b6,busy_wait_anomaly,"import time
def poll_sensor(target_time, N):
    start = time.time()
    # ANOMALY: No sleep, pinning the CPU core to 100%
    while time.time() - start < (N / 100000):
        pass",49921,15.0,16,0.024277
d034e7cb,busy_wait_anomaly,"import time
def poll_sensor(target_time, N):
    start = time.time()
    # ANOMALY: No sleep, pinning the CPU core to 100%
    while time.time() - start < (N / 100000):
        pass",100490,45.0,4,0.5599
8728bc74,matrix_mult_optimized,"import numpy as np
def matrix_multiply_opt(A, B):
    return np.dot(A, B)",10341,65.0,4,2.255514
22cab843,busy_wait_anomaly,"import time
def poll_sensor(target_time, N):
    start = time.time()
    # ANOMALY: No sleep, pinning the CPU core to 100%
    while time.time() - start < (N / 100000):
        pass",99547,15.0,4,0.190059
ad9ab467,matrix_mult_naive,"def matrix_multiply(A, B, N):
    C = [[0 for _ in range(N)] for _ in range(N)]
    for i in range(N):
        for j in range(N):
            for k in range(N):
                C[i][j] += A[i][k] * B[k][j]
    return C",49822,45.0,8,336.925053
9874c681,matrix_mult_optimized,"import numpy as np
def matrix_multiply_opt(A, B):
    return np.dot(A, B)",5222,125.0,8,0.307262
e996ba30,busy_wait_anomaly,"import time
def poll_sensor(target_time, N):
    start = time.time()
    # ANOMALY: No sleep, pinning the CPU core to 100%
    while time.time() - start < (N / 100000):
        pass",5352,45.0,2,0.058159
6713e706,quick_sort,"def quick_sort(arr):
    if len(arr) <= 1:
        return arr
    pivot = arr[len(arr) // 2]
    left = [x for x in arr if x < pivot]
    middle = [x for x in arr if x == pivot]
    right = [x for x in arr if x > pivot]
    return quick_sort(left) + middle + quick_sort(right)",10339,15.0,16,0.01922
b5af5cd5,quick_sort,"def quick_sort(arr):
    if len(arr) <= 1:
        return arr
    pivot = arr[len(arr) // 2]
    left = [x for x in arr if x < pivot]
    middle = [x for x in arr if x == pivot]
    right = [x for x in arr if x > pivot]
    return quick_sort(left) + middle + quick_sort(right)",9694,125.0,8,0.279151
ac7728fe,matrix_mult_naive,"def matrix_multiply(A, B, N):
    C = [[0 for _ in range(N)] for _ in range(N)]
    for i in range(N):
        for j in range(N):
            for k in range(N):
                C[i][j] += A[i][k] * B[k][j]
    return C",99628,65.0,2,16695.820283
d33b8521,quick_sort,"def quick_sort(arr):
    if len(arr) <= 1:
        return arr
    pivot = arr[len(arr) // 2]
    left = [x for x in arr if x < pivot]
    middle = [x for x in arr if x == pivot]
    right = [x for x in arr if x > pivot]
    return quick_sort(left) + middle + quick_sort(right)",5461,45.0,16,0.021282
2eaf3c89,matrix_mult_naive,"def matrix_multiply(A, B, N):
    C = [[0 for _ in range(N)] for _ in range(N)]
    for i in range(N):
        for j in range(N):
            for k in range(N):
                C[i][j] += A[i][k] * B[k][j]
    return C",1465,125.0,2,0.095356
12c352cc,quick_sort,"def quick_sort(arr):
    if len(arr) <= 1:
        return arr
    pivot = arr[len(arr) // 2]
    left = [x for x in arr if x < pivot]
    middle = [x for x in arr if x == pivot]
    right = [x for x in arr if x > pivot]
    return quick_sort(left) + middle + quick_sort(right)",619,125.0,2,0.018056
1e155a11,busy_wait_anomaly,"import time
def poll_sensor(target_time, N):
    start = time.time()
    # ANOMALY: No sleep, pinning the CPU core to 100%
    while time.time() - start < (N / 100000):
        pass",724,15.0,8,0.000661
cb368f79,quick_sort,"def quick_sort(arr):
    if len(arr) <= 1:
        return arr
    pivot = arr[len(arr) // 2]
    left = [x for x in arr if x < pivot]
    middle = [x for x in arr if x == pivot]
    right = [x for x in arr if x > pivot]
    return quick_sort(left) + middle + quick_sort(right)",9716,45.0,2,0.397982
7e4bfb96,matrix_mult_naive,"def matrix_multiply(A, B, N):
    C = [[0 for _ in range(N)] for _ in range(N)]
    for i in range(N):
        for j in range(N):
            for k in range(N):
                C[i][j] += A[i][k] * B[k][j]
    return C",10309,45.0,8,3.117974
67676777,busy_wait_anomaly,"import time
def poll_sensor(target_time, N):
    start = time.time()
    # ANOMALY: No sleep, pinning the CPU core to 100%
    while time.time() - start < (N / 100000):
        pass",4884,15.0,2,0.018427
e252ca2d,bubble_sort,"def bubble_sort(arr):
    n = len(arr)
    for i in range(n):
        for j in range(0, n-i-1):
            if arr[j] > arr[j+1]:
                arr[j], arr[j+1] = arr[j+1], arr[j]",4611,45.0,2,0.057959
8237c746,matrix_mult_optimized,"import numpy as np
def matrix_multiply_opt(A, B):
    return np.dot(A, B)",100332,65.0,16,337.816655
49d3676a,quick_sort,"def quick_sort(arr):
    if len(arr) <= 1:
        return arr
    pivot = arr[len(arr) // 2]
    left = [x for x in arr if x < pivot]
    middle = [x for x in arr if x == pivot]
    right = [x for x in arr if x > pivot]
    return quick_sort(left) + middle + quick_sort(right)",9943,45.0,8,0.100849
dab1ce5d,quick_sort,"def quick_sort(arr):
    if len(arr) <= 1:
        return arr
    pivot = arr[len(arr) // 2]
    left = [x for x in arr if x < pivot]
    middle = [x for x in arr if x == pivot]
    right = [x for x in arr if x > pivot]
    return quick_sort(left) + middle + quick_sort(right)",99596,15.0,4,2.136431
65b10be0,matrix_mult_optimized,"import numpy as np
def matrix_multiply_opt(A, B):
    return np.dot(A, B)",49696,45.0,4,125.046478
d6bd6453,bubble_sort,"def bubble_sort(arr):
    n = len(arr)
    for i in range(n):
        for j in range(0, n-i-1):
            if arr[j] > arr[j+1]:
                arr[j], arr[j+1] = arr[j+1], arr[j]",99964,65.0,8,9.483519
95488357,quick_sort,"def quick_sort(arr):
    if len(arr) <= 1:
        return arr
    pivot = arr[len(arr) // 2]
    left = [x for x in arr if x < pivot]
    middle = [x for x in arr if x == pivot]
    right = [x for x in arr if x > pivot]
    return quick_sort(left) + middle + quick_sort(right)",4665,45.0,16,0.017457
4040a6f6,matrix_mult_naive,"def matrix_multiply(A, B, N):
    C = [[0 for _ in range(N)] for _ in range(N)]
    for i in range(N):
        for j in range(N):
            for k in range(N):
                C[i][j] += A[i][k] * B[k][j]
    return C",49872,65.0,16,249.446708
7f0133fb,quick_sort,"def quick_sort(arr):
    if len(arr) <= 1:
        return arr
    pivot = arr[len(arr) // 2]
    left = [x for x in arr if x < pivot]
    middle = [x for x in arr if x == pivot]
    right = [x for x in arr if x > pivot]
    return quick_sort(left) + middle + quick_sort(right)",50127,45.0,16,0.600705
699284d7,bubble_sort,"def bubble_sort(arr):
    n = len(arr)
    for i in range(n):
        for j in range(0, n-i-1):
            if arr[j] > arr[j+1]:
                arr[j], arr[j+1] = arr[j+1], arr[j]",4869,45.0,2,0.065561
8c2104df,bubble_sort,"def bubble_sort(arr):
    n = len(arr)
    for i in range(n):
        for j in range(0, n-i-1):
            if arr[j] > arr[j+1]:
                arr[j], arr[j+1] = arr[j+1], arr[j]",10030,15.0,2,0.088552
6657f5ac,busy_wait_anomaly,"import time
def poll_sensor(target_time, N):
    start = time.time()
    # ANOMALY: No sleep, pinning the CPU core to 100%
    while time.time() - start < (N / 100000):
        pass",100239,125.0,4,1.58814
02206f7b,matrix_mult_optimized,"import numpy as np
def matrix_multiply_opt(A, B):
    return np.dot(A, B)",1366,125.0,4,0.014245
3cb49fd4,bubble_sort,"def bubble_sort(arr):
    n = len(arr)
    for i in range(n):
        for j in range(0, n-i-1):
            if arr[j] > arr[j+1]:
                arr[j], arr[j+1] = arr[j+1], arr[j]",99971,125.0,16,9.265682
8298879a,bubble_sort,"def bubble_sort(arr):
    n = len(arr)
    for i in range(n):
        for j in range(0, n-i-1):
            if arr[j] > arr[j+1]:
                arr[j], arr[j+1] = arr[j+1], arr[j]",10018,45.0,8,0.069632
e59f6706,matrix_mult_optimized,"import numpy as np
def matrix_multiply_opt(A, B):
    return np.dot(A, B)",4682,15.0,16,0.014008
5140e639,matrix_mult_optimized,"import numpy as np
def matrix_multiply_opt(A, B):
    return np.dot(A, B)",837,45.0,4,0.001394
3ea40583,quick_sort,"def quick_sort(arr):
    if len(arr) <= 1:
        return arr
    pivot = arr[len(arr) // 2]
    left = [x for x in arr if x < pivot]
    middle = [x for x in arr if x == pivot]
    right = [x for x in arr if x > pivot]
    return quick_sort(left) + middle + quick_sort(right)",10047,15.0,2,0.141438
a1e730c1,matrix_mult_optimized,"import numpy as np
def matrix_multiply_opt(A, B):
    return np.dot(A, B)",4877,15.0,2,0.126742
1a729ec1,busy_wait_anomaly,"import time
def poll_sensor(target_time, N):
    start = time.time()
    # ANOMALY: No sleep, pinning the CPU core to 100%
    while time.time() - start < (N / 100000):
        pass",10115,125.0,16,0.040948
cdd20b22,matrix_mult_optimized,"import numpy as np
def matrix_multiply_opt(A, B):
    return np.dot(A, B)",5045,45.0,16,0.05134
e66e3c3a,bubble_sort,"def bubble_sort(arr):
    n = len(arr)
    for i in range(n):
        for j in range(0, n-i-1):
            if arr[j] > arr[j+1]:
                arr[j], arr[j+1] = arr[j+1], arr[j]",99950,65.0,8,9.789668
31fc0db1,busy_wait_anomaly,"import time
def poll_sensor(target_time, N):
    start = time.time()
    # ANOMALY: No sleep, pinning the CPU core to 100%
    while time.time() - start < (N / 100000):
        pass",50025,15.0,2,0.196328
5eb0e118,matrix_mult_naive,"def matrix_multiply(A, B, N):
    C = [[0 for _ in range(N)] for _ in range(N)]
    for i in range(N):
        for j in range(N):
            for k in range(N):
                C[i][j] += A[i][k] * B[k][j]
    return C",5360,15.0,2,0.594755
476fd19f,quick_sort,"def quick_sort(arr):
    if len(arr) <= 1:
        return arr
    pivot = arr[len(arr) // 2]
    left = [x for x in arr if x < pivot]
    middle = [x for x in arr if x == pivot]
    right = [x for x in arr if x > pivot]
    return quick_sort(left) + middle + quick_sort(right)",49994,125.0,2,12.955611
1ef48f57,matrix_mult_naive,"def matrix_multiply(A, B, N):
    C = [[0 for _ in range(N)] for _ in range(N)]
    for i in range(N):
        for j in range(N):
            for k in range(N):
                C[i][j] += A[i][k] * B[k][j]
    return C",4702,45.0,16,0.147458
1219165d,matrix_mult_naive,"def matrix_multiply(A, B, N):
    C = [[0 for _ in range(N)] for _ in range(N)]
    for i in range(N):
        for j in range(N):
            for k in range(N):
                C[i][j] += A[i][k] * B[k][j]
    return C",50082,15.0,16,61.325837
60dd685f,busy_wait_anomaly,"import time
def poll_sensor(target_time, N):
    start = time.time()
    # ANOMALY: No sleep, pinning the CPU core to 100%
    while time.time() - start < (N / 100000):
        pass",926,15.0,4,0.001704
4e562ffe,bubble_sort,"def bubble_sort(arr):
    n = len(arr)
    for i in range(n):
        for j in range(0, n-i-1):
            if arr[j] > arr[j+1]:
                arr[j], arr[j+1] = arr[j+1], arr[j]",100348,15.0,2,9.462127
367aee84,matrix_mult_optimized,"import numpy as np
def matrix_multiply_opt(A, B):
    return np.dot(A, B)",50133,15.0,4,42.791885
d58fa1cd,matrix_mult_naive,"def matrix_multiply(A, B, N):
    C = [[0 for _ in range(N)] for _ in range(N)]
    for i in range(N):
        for j in range(N):
            for k in range(N):
                C[i][j] += A[i][k] * B[k][j]
    return C",5048,125.0,4,1.971229
4c00339a,matrix_mult_naive,"def matrix_multiply(A, B, N):
    C = [[0 for _ in range(N)] for _ in range(N)]
    for i in range(N):
        for j in range(N):
            for k in range(N):
                C[i][j] += A[i][k] * B[k][j]
    return C",779,65.0,8,0.0019
a7b880e9,quick_sort,"def quick_sort(arr):
    if len(arr) <= 1:
        return arr
    pivot = arr[len(arr) // 2]
    left = [x for x in arr if x < pivot]
    middle = [x for x in arr if x == pivot]
    right = [x for x in arr if x > pivot]
    return quick_sort(left) + middle + quick_sort(right)",5199,65.0,16,0.02838
1eedcca9,matrix_mult_naive,"def matrix_multiply(A, B, N):
    C = [[0 for _ in range(N)] for _ in range(N)]
    for i in range(N):
        for j in range(N):
            for k in range(N):
                C[i][j] += A[i][k] * B[k][j]
    return C",775,15.0,8,0.00044
fcb0ff46,matrix_mult_optimized,"import numpy as np
def matrix_multiply_opt(A, B):
    return np.dot(A, B)",49715,15.0,8,20.637326
c4c67d10,quick_sort,"def quick_sort(arr):
    if len(arr) <= 1:
        return arr
    pivot = arr[len(arr) // 2]
    left = [x for x in arr if x < pivot]
    middle = [x for x in arr if x == pivot]
    right = [x for x in arr if x > pivot]
    return quick_sort(left) + middle + quick_sort(right)",9918,45.0,8,0.1033
e86211a8,quick_sort,"def quick_sort(arr):
    if len(arr) <= 1:
        return arr
    pivot = arr[len(arr) // 2]
    left = [x for x in arr if x < pivot]
    middle = [x for x in arr if x == pivot]
    right = [x for x in arr if x > pivot]
    return quick_sort(left) + middle + quick_sort(right)",5315,45.0,16,0.020704
e4c246a4,busy_wait_anomaly,"import time
def poll_sensor(target_time, N):
    start = time.time()
    # ANOMALY: No sleep, pinning the CPU core to 100%
    while time.time() - start < (N / 100000):
        pass",100040,45.0,8,0.279897
87722984,bubble_sort,"def bubble_sort(arr):
    n = len(arr)
    for i in range(n):
        for j in range(0, n-i-1):
            if arr[j] > arr[j+1]:
                arr[j], arr[j+1] = arr[j+1], arr[j]",50045,65.0,16,1.16502
f6190c5c,matrix_mult_naive,"def matrix_multiply(A, B, N):
    C = [[0 for _ in range(N)] for _ in range(N)]
    for i in range(N):
        for j in range(N):
            for k in range(N):
                C[i][j] += A[i][k] * B[k][j]
    return C",707,125.0,8,0.002892
76fd92d4,busy_wait_anomaly,"import time
def poll_sensor(target_time, N):
    start = time.time()
    # ANOMALY: No sleep, pinning the CPU core to 100%
    while time.time() - start < (N / 100000):
        pass",49829,45.0,2,0.56202
c8942d6f,matrix_mult_optimized,"import numpy as np
def matrix_multiply_opt(A, B):
    return np.dot(A, B)",1373,15.0,8,0.000934
4a6afd6e,busy_wait_anomaly,"import time
def poll_sensor(target_time, N):
    start = time.time()
    # ANOMALY: No sleep, pinning the CPU core to 100%
    while time.time() - start < (N / 100000):
        pass",99878,45.0,4,0.572023
66c54860,matrix_mult_optimized,"import numpy as np
def matrix_multiply_opt(A, B):
    return np.dot(A, B)",10124,45.0,4,1.443167
578beb5e,bubble_sort,"def bubble_sort(arr):
    n = len(arr)
    for i in range(n):
        for j in range(0, n-i-1):
            if arr[j] > arr[j+1]:
                arr[j], arr[j+1] = arr[j+1], arr[j]",49995,45.0,8,1.699433
f52ee9bf,bubble_sort,"def bubble_sort(arr):
    n = len(arr)
    for i in range(n):
        for j in range(0, n-i-1):
            if arr[j] > arr[j+1]:
                arr[j], arr[j+1] = arr[j+1], arr[j]",580,45.0,16,0.000116
d1fbb622,bubble_sort,"def bubble_sort(arr):
    n = len(arr)
    for i in range(n):
        for j in range(0, n-i-1):
            if arr[j] > arr[j+1]:
                arr[j], arr[j+1] = arr[j+1], arr[j]",10236,125.0,2,0.760093
d90ea74d,matrix_mult_optimized,"import numpy as np
def matrix_multiply_opt(A, B):
    return np.dot(A, B)",940,65.0,8,0.001423
f0363b61,matrix_mult_optimized,"import numpy as np
def matrix_multiply_opt(A, B):
    return np.dot(A, B)",9991,15.0,2,0.928732
3e0debac,busy_wait_anomaly,"import time
def poll_sensor(target_time, N):
    start = time.time()
    # ANOMALY: No sleep, pinning the CPU core to 100%
    while time.time() - start < (N / 100000):
        pass",4585,15.0,8,0.004503
a55402db,quick_sort,"def quick_sort(arr):
    if len(arr) <= 1:
        return arr
    pivot = arr[len(arr) // 2]
    left = [x for x in arr if x < pivot]
    middle = [x for x in arr if x == pivot]
    right = [x for x in arr if x > pivot]
    return quick_sort(left) + middle + quick_sort(right)",592,15.0,16,0.000266
7b11a3de,matrix_mult_optimized,"import numpy as np
def matrix_multiply_opt(A, B):
    return np.dot(A, B)",99706,125.0,8,1176.280824
e02add4c,matrix_mult_naive,"def matrix_multiply(A, B, N):
    C = [[0 for _ in range(N)] for _ in range(N)]
    for i in range(N):
        for j in range(N):
            for k in range(N):
                C[i][j] += A[i][k] * B[k][j]
    return C",4669,45.0,8,0.272559
a27acf15,matrix_mult_naive,"def matrix_multiply(A, B, N):
    C = [[0 for _ in range(N)] for _ in range(N)]
    for i in range(N):
        for j in range(N):
            for k in range(N):
                C[i][j] += A[i][k] * B[k][j]
    return C",49865,15.0,4,232.545523
90b76ad3,matrix_mult_optimized,"import numpy as np
def matrix_multiply_opt(A, B):
    return np.dot(A, B)",9559,125.0,2,6.694483
800dec4c,bubble_sort,"def bubble_sort(arr):
    n = len(arr)
    for i in range(n):
        for j in range(0, n-i-1):
            if arr[j] > arr[j+1]:
                arr[j], arr[j+1] = arr[j+1], arr[j]",99525,15.0,2,9.288171
2c2be264,bubble_sort,"def bubble_sort(arr):
    n = len(arr)
    for i in range(n):
        for j in range(0, n-i-1):
            if arr[j] > arr[j+1]:
                arr[j], arr[j+1] = arr[j+1], arr[j]",676,45.0,4,0.000629
1cfa5868,busy_wait_anomaly,"import time
def poll_sensor(target_time, N):
    start = time.time()
    # ANOMALY: No sleep, pinning the CPU core to 100%
    while time.time() - start < (N / 100000):
        pass",4953,65.0,4,0.039908
178abf1a,busy_wait_anomaly,"import time
def poll_sensor(target_time, N):
    start = time.time()
    # ANOMALY: No sleep, pinning the CPU core to 100%
    while time.time() - start < (N / 100000):
        pass",886,125.0,4,0.014378
4c4b4b20,matrix_mult_naive,"def matrix_multiply(A, B, N):
    C = [[0 for _ in range(N)] for _ in range(N)]
    for i in range(N):
        for j in range(N):
            for k in range(N):
                C[i][j] += A[i][k] * B[k][j]
    return C",9805,65.0,2,14.92078
9077db1a,matrix_mult_optimized,"import numpy as np
def matrix_multiply_opt(A, B):
    return np.dot(A, B)",100018,45.0,8,432.029567
44eed242,busy_wait_anomaly,"import time
def poll_sensor(target_time, N):
    start = time.time()
    # ANOMALY: No sleep, pinning the CPU core to 100%
    while time.time() - start < (N / 100000):
        pass",99788,125.0,2,3.11018
ec3a90a3,bubble_sort,"def bubble_sort(arr):
    n = len(arr)
    for i in range(n):
        for j in range(0, n-i-1):
            if arr[j] > arr[j+1]:
                arr[j], arr[j+1] = arr[j+1], arr[j]",100082,45.0,4,12.902577
857709f9,matrix_mult_optimized,"import numpy as np
def matrix_multiply_opt(A, B):
    return np.dot(A, B)",50428,125.0,4,370.570381
55615916,busy_wait_anomaly,"import time
def poll_sensor(target_time, N):
    start = time.time()
    # ANOMALY: No sleep, pinning the CPU core to 100%
    while time.time() - start < (N / 100000):
        pass",99914,65.0,2,1.579857
346e2460,quick_sort,"def quick_sort(arr):
    if len(arr) <= 1:
        return arr
    pivot = arr[len(arr) // 2]
    left = [x for x in arr if x < pivot]
    middle = [x for x in arr if x == pivot]
    right = [x for x in arr if x > pivot]
    return quick_sort(left) + middle + quick_sort(right)",50062,45.0,2,4.733068
3346a9c1,bubble_sort,"def bubble_sort(arr):
    n = len(arr)
    for i in range(n):
        for j in range(0, n-i-1):
            if arr[j] > arr[j+1]:
                arr[j], arr[j+1] = arr[j+1], arr[j]",4630,65.0,2,0.084901
05a23573,quick_sort,"def quick_sort(arr):
    if len(arr) <= 1:
        return arr
    pivot = arr[len(arr) // 2]
    left = [x for x in arr if x < pivot]
    middle = [x for x in arr if x == pivot]
    right = [x for x in arr if x > pivot]
    return quick_sort(left) + middle + quick_sort(right)",50458,65.0,4,3.520836
57121474,bubble_sort,"def bubble_sort(arr):
    n = len(arr)
    for i in range(n):
        for j in range(0, n-i-1):
            if arr[j] > arr[j+1]:
                arr[j], arr[j+1] = arr[j+1], arr[j]",100159,65.0,2,37.759872
8493f707,busy_wait_anomaly,"import time
def poll_sensor(target_time, N):
    start = time.time()
    # ANOMALY: No sleep, pinning the CPU core to 100%
    while time.time() - start < (N / 100000):
        pass",5341,125.0,2,0.168919
d987a652,quick_sort,"def quick_sort(arr):
    if len(arr) <= 1:
        return arr
    pivot = arr[len(arr) // 2]
    left = [x for x in arr if x < pivot]
    middle = [x for x in arr if x == pivot]
    right = [x for x in arr if x > pivot]
    return quick_sort(left) + middle + quick_sort(right)",9654,15.0,16,0.017069
33bfa4c8,quick_sort,"def quick_sort(arr):
    if len(arr) <= 1:
        return arr
    pivot = arr[len(arr) // 2]
    left = [x for x in arr if x < pivot]
    middle = [x for x in arr if x == pivot]
    right = [x for x in arr if x > pivot]
    return quick_sort(left) + middle + quick_sort(right)",4973,15.0,4,0.024811
03f6580b,matrix_mult_naive,"def matrix_multiply(A, B, N):
    C = [[0 for _ in range(N)] for _ in range(N)]
    for i in range(N):
        for j in range(N):
            for k in range(N):
                C[i][j] += A[i][k] * B[k][j]
    return C",1386,65.0,4,0.020665
9d2ed59f,busy_wait_anomaly,"import time
def poll_sensor(target_time, N):
    start = time.time()
    # ANOMALY: No sleep, pinning the CPU core to 100%
    while time.time() - start < (N / 100000):
        pass",99509,45.0,4,0.542657
79ec4882,matrix_mult_optimized,"import numpy as np
def matrix_multiply_opt(A, B):
    return np.dot(A, B)",4736,45.0,16,0.043466
4ccd82c3,quick_sort,"def quick_sort(arr):
    if len(arr) <= 1:
        return arr
    pivot = arr[len(arr) // 2]
    left = [x for x in arr if x < pivot]
    middle = [x for x in arr if x == pivot]
    right = [x for x in arr if x > pivot]
    return quick_sort(left) + middle + quick_sort(right)",9987,125.0,16,0.141506
9e5033f2,busy_wait_anomaly,"import time
def poll_sensor(target_time, N):
    start = time.time()
    # ANOMALY: No sleep, pinning the CPU core to 100%
    while time.time() - start < (N / 100000):
        pass",100321,65.0,16,0.198852
a688efe2,matrix_mult_naive,"def matrix_multiply(A, B, N):
    C = [[0 for _ in range(N)] for _ in range(N)]
    for i in range(N):
        for j in range(N):
            for k in range(N):
                C[i][j] += A[i][k] * B[k][j]
    return C",5285,45.0,4,0.851858
9fbadbba,bubble_sort,"def bubble_sort(arr):
    n = len(arr)
    for i in range(n):
        for j in range(0, n-i-1):
            if arr[j] > arr[j+1]:
                arr[j], arr[j+1] = arr[j+1], arr[j]",99990,125.0,8,19.340612
807d169b,matrix_mult_naive,"def matrix_multiply(A, B, N):
    C = [[0 for _ in range(N)] for _ in range(N)]
    for i in range(N):
        for j in range(N):
            for k in range(N):
                C[i][j] += A[i][k] * B[k][j]
    return C",801,15.0,16,0.000252
0769c64b,quick_sort,"def quick_sort(arr):
    if len(arr) <= 1:
        return arr
    pivot = arr[len(arr) // 2]
    left = [x for x in arr if x < pivot]
    middle = [x for x in arr if x == pivot]
    right = [x for x in arr if x > pivot]
    return quick_sort(left) + middle + quick_sort(right)",9588,65.0,16,0.069712
e1515839,busy_wait_anomaly,"import time
def poll_sensor(target_time, N):
    start = time.time()
    # ANOMALY: No sleep, pinning the CPU core to 100%
    while time.time() - start < (N / 100000):
        pass",50402,45.0,16,0.07258
95b8bb03,matrix_mult_optimized,"import numpy as np
def matrix_multiply_opt(A, B):
    return np.dot(A, B)",4925,15.0,16,0.01646
39782dee,matrix_mult_optimized,"import numpy as np
def matrix_multiply_opt(A, B):
    return np.dot(A, B)",50291,125.0,4,356.170376
2ecfe95d,matrix_mult_naive,"def matrix_multiply(A, B, N):
    C = [[0 for _ in range(N)] for _ in range(N)]
    for i in range(N):
        for j in range(N):
            for k in range(N):
                C[i][j] += A[i][k] * B[k][j]
    return C",10295,125.0,16,4.233921
076e3e9e,bubble_sort,"def bubble_sort(arr):
    n = len(arr)
    for i in range(n):
        for j in range(0, n-i-1):
            if arr[j] > arr[j+1]:
                arr[j], arr[j+1] = arr[j+1], arr[j]",748,15.0,2,0.000487
c8a73d8c,quick_sort,"def quick_sort(arr):
    if len(arr) <= 1:
        return arr
    pivot = arr[len(arr) // 2]
    left = [x for x in arr if x < pivot]
    middle = [x for x in arr if x == pivot]
    right = [x for x in arr if x > pivot]
    return quick_sort(left) + middle + quick_sort(right)",5181,65.0,8,0.056156
f389110f,busy_wait_anomaly,"import time
def poll_sensor(target_time, N):
    start = time.time()
    # ANOMALY: No sleep, pinning the CPU core to 100%
    while time.time() - start < (N / 100000):
        pass",5089,15.0,4,0.009513
fcfdb34d,busy_wait_anomaly,"import time
def poll_sensor(target_time, N):
    start = time.time()
    # ANOMALY: No sleep, pinning the CPU core to 100%
    while time.time() - start < (N / 100000):
        pass",4655,65.0,2,0.077796
97e18859,matrix_mult_naive,"def matrix_multiply(A, B, N):
    C = [[0 for _ in range(N)] for _ in range(N)]
    for i in range(N):
        for j in range(N):
            for k in range(N):
                C[i][j] += A[i][k] * B[k][j]
    return C",50317,15.0,16,60.619467
1fe086b5,quick_sort,"def quick_sort(arr):
    if len(arr) <= 1:
        return arr
    pivot = arr[len(arr) // 2]
    left = [x for x in arr if x < pivot]
    middle = [x for x in arr if x == pivot]
    right = [x for x in arr if x > pivot]
    return quick_sort(left) + middle + quick_sort(right)",9651,45.0,2,0.393774
ab757698,quick_sort,"def quick_sort(arr):
    if len(arr) <= 1:
        return arr
    pivot = arr[len(arr) // 2]
    left = [x for x in arr if x < pivot]
    middle = [x for x in arr if x == pivot]
    right = [x for x in arr if x > pivot]
    return quick_sort(left) + middle + quick_sort(right)",100004,65.0,4,9.430274
949adbc8,quick_sort,"def quick_sort(arr):
    if len(arr) <= 1:
        return arr
    pivot = arr[len(arr) // 2]
    left = [x for x in arr if x < pivot]
    middle = [x for x in arr if x == pivot]
    right = [x for x in arr if x > pivot]
    return quick_sort(left) + middle + quick_sort(right)",50050,125.0,4,6.382632
7515b12d,quick_sort,"def quick_sort(arr):
    if len(arr) <= 1:
        return arr
    pivot = arr[len(arr) // 2]
    left = [x for x in arr if x < pivot]
    middle = [x for x in arr if x == pivot]
    right = [x for x in arr if x > pivot]
    return quick_sort(left) + middle + quick_sort(right)",50315,45.0,2,4.712335
230ba0d3,bubble_sort,"def bubble_sort(arr):
    n = len(arr)
    for i in range(n):
        for j in range(0, n-i-1):
            if arr[j] > arr[j+1]:
                arr[j], arr[j+1] = arr[j+1], arr[j]",689,125.0,8,0.000916
098a8865,matrix_mult_optimized,"import numpy as np
def matrix_multiply_opt(A, B):
    return np.dot(A, B)",100179,15.0,16,77.732687
d45ea19f,quick_sort,"def quick_sort(arr):
    if len(arr) <= 1:
        return arr
    pivot = arr[len(arr) // 2]
    left = [x for x in arr if x < pivot]
    middle = [x for x in arr if x == pivot]
    right = [x for x in arr if x > pivot]
    return quick_sort(left) + middle + quick_sort(right)",5322,15.0,8,0.014015
06d19a12,busy_wait_anomaly,"import time
def poll_sensor(target_time, N):
    start = time.time()
    # ANOMALY: No sleep, pinning the CPU core to 100%
    while time.time() - start < (N / 100000):
        pass",9651,125.0,2,0.301238
edc2bc3f,busy_wait_anomaly,"import time
def poll_sensor(target_time, N):
    start = time.time()
    # ANOMALY: No sleep, pinning the CPU core to 100%
    while time.time() - start < (N / 100000):
        pass",972,125.0,4,0.015779
cfbe86fc,bubble_sort,"def bubble_sort(arr):
    n = len(arr)
    for i in range(n):
        for j in range(0, n-i-1):
            if arr[j] > arr[j+1]:
                arr[j], arr[j+1] = arr[j+1], arr[j]",99603,125.0,8,19.463713
00bfa200,quick_sort,"def quick_sort(arr):
    if len(arr) <= 1:
        return arr
    pivot = arr[len(arr) // 2]
    left = [x for x in arr if x < pivot]
    middle = [x for x in arr if x == pivot]
    right = [x for x in arr if x > pivot]
    return quick_sort(left) + middle + quick_sort(right)",561,15.0,2,0.001827
d17e5176,quick_sort,"def quick_sort(arr):
    if len(arr) <= 1:
        return arr
    pivot = arr[len(arr) // 2]
    left = [x for x in arr if x < pivot]
    middle = [x for x in arr if x == pivot]
    right = [x for x in arr if x > pivot]
    return quick_sort(left) + middle + quick_sort(right)",925,65.0,4,0.008701
3d4a7228,quick_sort,"def quick_sort(arr):
    if len(arr) <= 1:
        return arr
    pivot = arr[len(arr) // 2]
    left = [x for x in arr if x < pivot]
    middle = [x for x in arr if x == pivot]
    right = [x for x in arr if x > pivot]
    return quick_sort(left) + middle + quick_sort(right)",49887,45.0,8,1.185444
83d21e93,quick_sort,"def quick_sort(arr):
    if len(arr) <= 1:
        return arr
    pivot = arr[len(arr) // 2]
    left = [x for x in arr if x < pivot]
    middle = [x for x in arr if x == pivot]
    right = [x for x in arr if x > pivot]
    return quick_sort(left) + middle + quick_sort(right)",49936,15.0,2,1.588756
decfa763,quick_sort,"def quick_sort(arr):
    if len(arr) <= 1:
        return arr
    pivot = arr[len(arr) // 2]
    left = [x for x in arr if x < pivot]
    middle = [x for x in arr if x == pivot]
    right = [x for x in arr if x > pivot]
    return quick_sort(left) + middle + quick_sort(right)",99518,125.0,16,4.444738
662dd671,quick_sort,"def quick_sort(arr):
    if len(arr) <= 1:
        return arr
    pivot = arr[len(arr) // 2]
    left = [x for x in arr if x < pivot]
    middle = [x for x in arr if x == pivot]
    right = [x for x in arr if x > pivot]
    return quick_sort(left) + middle + quick_sort(right)",967,15.0,16,0.000549
9eac72e4,quick_sort,"def quick_sort(arr):
    if len(arr) <= 1:
        return arr
    pivot = arr[len(arr) // 2]
    left = [x for x in arr if x < pivot]
    middle = [x for x in arr if x == pivot]
    right = [x for x in arr if x > pivot]
    return quick_sort(left) + middle + quick_sort(right)",100204,15.0,2,4.536756
1fd0a9d8,quick_sort,"def quick_sort(arr):
    if len(arr) <= 1:
        return arr
    pivot = arr[len(arr) // 2]
    left = [x for x in arr if x < pivot]
    middle = [x for x in arr if x == pivot]
    right = [x for x in arr if x > pivot]
    return quick_sort(left) + middle + quick_sort(right)",1175,45.0,8,0.004363
dee735a7,matrix_mult_optimized,"import numpy as np
def matrix_multiply_opt(A, B):
    return np.dot(A, B)",10375,45.0,8,0.795505
c90476b8,busy_wait_anomaly,"import time
def poll_sensor(target_time, N):
    start = time.time()
    # ANOMALY: No sleep, pinning the CPU core to 100%
    while time.time() - start < (N / 100000):
        pass",5047,65.0,4,0.040839
0e1956af,bubble_sort,"def bubble_sort(arr):
    n = len(arr)
    for i in range(n):
        for j in range(0, n-i-1):
            if arr[j] > arr[j+1]:
                arr[j], arr[j+1] = arr[j+1], arr[j]",10162,15.0,4,0.046584
ee76059f,matrix_mult_naive,"def matrix_multiply(A, B, N):
    C = [[0 for _ in range(N)] for _ in range(N)]
    for i in range(N):
        for j in range(N):
            for k in range(N):
                C[i][j] += A[i][k] * B[k][j]
    return C",99761,65.0,16,2098.455067
3cc42723,busy_wait_anomaly,"import time
def poll_sensor(target_time, N):
    start = time.time()
    # ANOMALY: No sleep, pinning the CPU core to 100%
    while time.time() - start < (N / 100000):
        pass",5347,45.0,4,0.029257
07212110,matrix_mult_naive,"def matrix_multiply(A, B, N):
    C = [[0 for _ in range(N)] for _ in range(N)]
    for i in range(N):
        for j in range(N):
            for k in range(N):
                C[i][j] += A[i][k] * B[k][j]
    return C",5454,65.0,16,0.331058
bc9d086c,busy_wait_anomaly,"import time
def poll_sensor(target_time, N):
    start = time.time()
    # ANOMALY: No sleep, pinning the CPU core to 100%
    while time.time() - start < (N / 100000):
        pass",5156,65.0,16,0.010692
d4f14f9a,bubble_sort,"def bubble_sort(arr):
    n = len(arr)
    for i in range(n):
        for j in range(0, n-i-1):
            if arr[j] > arr[j+1]:
                arr[j], arr[j+1] = arr[j+1], arr[j]",9620,125.0,2,0.711837
520e35aa,quick_sort,"def quick_sort(arr):
    if len(arr) <= 1:
        return arr
    pivot = arr[len(arr) // 2]
    left = [x for x in arr if x < pivot]
    middle = [x for x in arr if x == pivot]
    right = [x for x in arr if x > pivot]
    return quick_sort(left) + middle + quick_sort(right)",9976,65.0,16,0.079977
827aba30,busy_wait_anomaly,"import time
def poll_sensor(target_time, N):
    start = time.time()
    # ANOMALY: No sleep, pinning the CPU core to 100%
    while time.time() - start < (N / 100000):
        pass",4901,15.0,8,0.004495
a0716ec2,busy_wait_anomaly,"import time
def poll_sensor(target_time, N):
    start = time.time()
    # ANOMALY: No sleep, pinning the CPU core to 100%
    while time.time() - start < (N / 100000):
        pass",50274,45.0,2,0.549406
32e7adc0,matrix_mult_optimized,"import numpy as np
def matrix_multiply_opt(A, B):
    return np.dot(A, B)",50119,15.0,8,21.427799
8f366444,matrix_mult_naive,"def matrix_multiply(A, B, N):
    C = [[0 for _ in range(N)] for _ in range(N)]
    for i in range(N):
        for j in range(N):
            for k in range(N):
                C[i][j] += A[i][k] * B[k][j]
    return C",49624,65.0,16,243.996559
054b6bc5,bubble_sort,"def bubble_sort(arr):
    n = len(arr)
    for i in range(n):
        for j in range(0, n-i-1):
            if arr[j] > arr[j+1]:
                arr[j], arr[j+1] = arr[j+1], arr[j]",50467,65.0,2,10.051431
91a1932a,quick_sort,"def quick_sort(arr):
    if len(arr) <= 1:
        return arr
    pivot = arr[len(arr) // 2]
    left = [x for x in arr if x < pivot]
    middle = [x for x in arr if x == pivot]
    right = [x for x in arr if x > pivot]
    return quick_sort(left) + middle + quick_sort(right)",5276,65.0,8,0.061751
f4f9f514,busy_wait_anomaly,"import time
def poll_sensor(target_time, N):
    start = time.time()
    # ANOMALY: No sleep, pinning the CPU core to 100%
    while time.time() - start < (N / 100000):
        pass",4786,45.0,8,0.012802
5f0f12c3,bubble_sort,"def bubble_sort(arr):
    n = len(arr)
    for i in range(n):
        for j in range(0, n-i-1):
            if arr[j] > arr[j+1]:
                arr[j], arr[j+1] = arr[j+1], arr[j]",50099,65.0,4,4.99746
7b10b65a,busy_wait_anomaly,"import time
def poll_sensor(target_time, N):
    start = time.time()
    # ANOMALY: No sleep, pinning the CPU core to 100%
    while time.time() - start < (N / 100000):
        pass",99858,65.0,16,0.203809
a75c0480,quick_sort,"def quick_sort(arr):
    if len(arr) <= 1:
        return arr
    pivot = arr[len(arr) // 2]
    left = [x for x in arr if x < pivot]
    middle = [x for x in arr if x == pivot]
    right = [x for x in arr if x > pivot]
    return quick_sort(left) + middle + quick_sort(right)",1482,45.0,2,0.025408
638af523,bubble_sort,"def bubble_sort(arr):
    n = len(arr)
    for i in range(n):
        for j in range(0, n-i-1):
            if arr[j] > arr[j+1]:
                arr[j], arr[j+1] = arr[j+1], arr[j]",99855,125.0,2,78.502232
f9da6b65,bubble_sort,"def bubble_sort(arr):
    n = len(arr)
    for i in range(n):
        for j in range(0, n-i-1):
            if arr[j] > arr[j+1]:
                arr[j], arr[j+1] = arr[j+1], arr[j]",49961,45.0,8,1.741534
ee2d45ce,quick_sort,"def quick_sort(arr):
    if len(arr) <= 1:
        return arr
    pivot = arr[len(arr) // 2]
    left = [x for x in arr if x < pivot]
    middle = [x for x in arr if x == pivot]
    right = [x for x in arr if x > pivot]
    return quick_sort(left) + middle + quick_sort(right)",5434,45.0,2,0.170944
3003aea5,busy_wait_anomaly,"import time
def poll_sensor(target_time, N):
    start = time.time()
    # ANOMALY: No sleep, pinning the CPU core to 100%
    while time.time() - start < (N / 100000):
        pass",10427,45.0,8,0.029732
bc3afbe4,quick_sort,"def quick_sort(arr):
    if len(arr) <= 1:
        return arr
    pivot = arr[len(arr) // 2]
    left = [x for x in arr if x < pivot]
    middle = [x for x in arr if x == pivot]
    right = [x for x in arr if x > pivot]
    return quick_sort(left) + middle + quick_sort(right)",49506,15.0,2,1.523323
db189556,busy_wait_anomaly,"import time
def poll_sensor(target_time, N):
    start = time.time()
    # ANOMALY: No sleep, pinning the CPU core to 100%
    while time.time() - start < (N / 100000):
        pass",50425,15.0,4,0.09559
dc57cbb3,matrix_mult_naive,"def matrix_multiply(A, B, N):
    C = [[0 for _ in range(N)] for _ in range(N)]
    for i in range(N):
        for j in range(N):
            for k in range(N):
                C[i][j] += A[i][k] * B[k][j]
    return C",9833,65.0,8,3.764338
d769eebc,busy_wait_anomaly,"import time
def poll_sensor(target_time, N):
    start = time.time()
    # ANOMALY: No sleep, pinning the CPU core to 100%
    while time.time() - start < (N / 100000):
        pass",9690,15.0,4,0.018936
957f281b,matrix_mult_naive,"def matrix_multiply(A, B, N):
    C = [[0 for _ in range(N)] for _ in range(N)]
    for i in range(N):
        for j in range(N):
            for k in range(N):
                C[i][j] += A[i][k] * B[k][j]
    return C",49763,45.0,2,1410.894092
9dfe0701,busy_wait_anomaly,"import time
def poll_sensor(target_time, N):
    start = time.time()
    # ANOMALY: No sleep, pinning the CPU core to 100%
    while time.time() - start < (N / 100000):
        pass",49555,125.0,4,0.751918
96eef683,matrix_mult_optimized,"import numpy as np
def matrix_multiply_opt(A, B):
    return np.dot(A, B)",99569,125.0,8,1241.615353
5bb746fc,matrix_mult_optimized,"import numpy as np
def matrix_multiply_opt(A, B):
    return np.dot(A, B)",99504,125.0,4,2498.90475
5f652375,matrix_mult_naive,"def matrix_multiply(A, B, N):
    C = [[0 for _ in range(N)] for _ in range(N)]
    for i in range(N):
        for j in range(N):
            for k in range(N):
                C[i][j] += A[i][k] * B[k][j]
    return C",841,45.0,8,0.001655
3106b91a,matrix_mult_naive,"def matrix_multiply(A, B, N):
    C = [[0 for _ in range(N)] for _ in range(N)]
    for i in range(N):
        for j in range(N):
            for k in range(N):
                C[i][j] += A[i][k] * B[k][j]
    return C",50344,45.0,16,182.150519
16f0b4a8,matrix_mult_optimized,"import numpy as np
def matrix_multiply_opt(A, B):
    return np.dot(A, B)",99960,125.0,16,605.265642
6f91e620,matrix_mult_optimized,"import numpy as np
def matrix_multiply_opt(A, B):
    return np.dot(A, B)",99737,45.0,8,433.839769
f0eb89ca,matrix_mult_optimized,"import numpy as np
def matrix_multiply_opt(A, B):
    return np.dot(A, B)",10009,15.0,2,0.961454
e4e1be05,matrix_mult_optimized,"import numpy as np
def matrix_multiply_opt(A, B):
    return np.dot(A, B)",1384,45.0,8,0.002713
fb012d35,bubble_sort,"def bubble_sort(arr):
    n = len(arr)
    for i in range(n):
        for j in range(0, n-i-1):
            if arr[j] > arr[j+1]:
                arr[j], arr[j+1] = arr[j+1], arr[j]",100045,65.0,4,19.3563
64018a49,busy_wait_anomaly,"import time
def poll_sensor(target_time, N):
    start = time.time()
    # ANOMALY: No sleep, pinning the CPU core to 100%
    while time.time() - start < (N / 100000):
        pass",870,125.0,2,0.027986
2911a817,busy_wait_anomaly,"import time
def poll_sensor(target_time, N):
    start = time.time()
    # ANOMALY: No sleep, pinning the CPU core to 100%
    while time.time() - start < (N / 100000):
        pass",100046,15.0,16,0.046018
3ceaab73,bubble_sort,"def bubble_sort(arr):
    n = len(arr)
    for i in range(n):
        for j in range(0, n-i-1):
            if arr[j] > arr[j+1]:
                arr[j], arr[j+1] = arr[j+1], arr[j]",49520,65.0,8,2.466607
e8c464fc,matrix_mult_optimized,"import numpy as np
def matrix_multiply_opt(A, B):
    return np.dot(A, B)",678,65.0,2,0.00213
d7b7bd0e,quick_sort,"def quick_sort(arr):
    if len(arr) <= 1:
        return arr
    pivot = arr[len(arr) // 2]
    left = [x for x in arr if x < pivot]
    middle = [x for x in arr if x == pivot]
    right = [x for x in arr if x > pivot]
    return quick_sort(left) + middle + quick_sort(right)",894,15.0,16,0.000468
8fc2c6d3,busy_wait_anomaly,"import time
def poll_sensor(target_time, N):
    start = time.time()
    # ANOMALY: No sleep, pinning the CPU core to 100%
    while time.time() - start < (N / 100000):
        pass",49536,45.0,2,0.578968
10fa5cf9,busy_wait_anomaly,"import time
def poll_sensor(target_time, N):
    start = time.time()
    # ANOMALY: No sleep, pinning the CPU core to 100%
    while time.time() - start < (N / 100000):
        pass",9789,125.0,4,0.152513
87163e77,matrix_mult_naive,"def matrix_multiply(A, B, N):
    C = [[0 for _ in range(N)] for _ in range(N)]
    for i in range(N):
        for j in range(N):
            for k in range(N):
                C[i][j] += A[i][k] * B[k][j]
    return C",50324,45.0,16,176.325951
ee5151bd,busy_wait_anomaly,"import time
def poll_sensor(target_time, N):
    start = time.time()
    # ANOMALY: No sleep, pinning the CPU core to 100%
    while time.time() - start < (N / 100000):
        pass",50291,65.0,4,0.39563
d156b9ad,bubble_sort,"def bubble_sort(arr):
    n = len(arr)
    for i in range(n):
        for j in range(0, n-i-1):
            if arr[j] > arr[j+1]:
                arr[j], arr[j+1] = arr[j+1], arr[j]",4847,45.0,16,0.007761
f56076f6,quick_sort,"def quick_sort(arr):
    if len(arr) <= 1:
        return arr
    pivot = arr[len(arr) // 2]
    left = [x for x in arr if x < pivot]
    middle = [x for x in arr if x == pivot]
    right = [x for x in arr if x > pivot]
    return quick_sort(left) + middle + quick_sort(right)",5106,125.0,16,0.053497
5dad621c,matrix_mult_optimized,"import numpy as np
def matrix_multiply_opt(A, B):
    return np.dot(A, B)",5007,45.0,16,0.05284
3d892619,quick_sort,"def quick_sort(arr):
    if len(arr) <= 1:
        return arr
    pivot = arr[len(arr) // 2]
    left = [x for x in arr if x < pivot]
    middle = [x for x in arr if x == pivot]
    right = [x for x in arr if x > pivot]
    return quick_sort(left) + middle + quick_sort(right)",4804,65.0,8,0.051622
6d74f53a,busy_wait_anomaly,"import time
def poll_sensor(target_time, N):
    start = time.time()
    # ANOMALY: No sleep, pinning the CPU core to 100%
    while time.time() - start < (N / 100000):
        pass",50337,45.0,16,0.069123
3e1320e7,busy_wait_anomaly,"import time
def poll_sensor(target_time, N):
    start = time.time()
    # ANOMALY: No sleep, pinning the CPU core to 100%
    while time.time() - start < (N / 100000):
        pass",99921,65.0,8,0.399202
77cc1311,bubble_sort,"def bubble_sort(arr):
    n = len(arr)
    for i in range(n):
        for j in range(0, n-i-1):
            if arr[j] > arr[j+1]:
                arr[j], arr[j+1] = arr[j+1], arr[j]",5459,65.0,4,0.058807
2ebb6550,matrix_mult_optimized,"import numpy as np
def matrix_multiply_opt(A, B):
    return np.dot(A, B)",9649,125.0,8,1.786236
b12286e6,busy_wait_anomaly,"import time
def poll_sensor(target_time, N):
    start = time.time()
    # ANOMALY: No sleep, pinning the CPU core to 100%
    while time.time() - start < (N / 100000):
        pass",49708,65.0,4,0.386744
62dc94f4,busy_wait_anomaly,"import time
def poll_sensor(target_time, N):
    start = time.time()
    # ANOMALY: No sleep, pinning the CPU core to 100%
    while time.time() - start < (N / 100000):
        pass",4828,65.0,8,0.020225
f4c04263,matrix_mult_naive,"def matrix_multiply(A, B, N):
    C = [[0 for _ in range(N)] for _ in range(N)]
    for i in range(N):
        for j in range(N):
            for k in range(N):
                C[i][j] += A[i][k] * B[k][j]
    return C",1493,15.0,8,0.003121
b8dcea6e,quick_sort,"def quick_sort(arr):
    if len(arr) <= 1:
        return arr
    pivot = arr[len(arr) // 2]
    left = [x for x in arr if x < pivot]
    middle = [x for x in arr if x == pivot]
    right = [x for x in arr if x > pivot]
    return quick_sort(left) + middle + quick_sort(right)",1070,15.0,4,0.002603
19ebee9e,bubble_sort,"def bubble_sort(arr):
    n = len(arr)
    for i in range(n):
        for j in range(0, n-i-1):
            if arr[j] > arr[j+1]:
                arr[j], arr[j+1] = arr[j+1], arr[j]",9676,15.0,2,0.080686
64d00421,busy_wait_anomaly,"import time
def poll_sensor(target_time, N):
    start = time.time()
    # ANOMALY: No sleep, pinning the CPU core to 100%
    while time.time() - start < (N / 100000):
        pass",100252,65.0,2,1.694677
9b385379,busy_wait_anomaly,"import time
def poll_sensor(target_time, N):
    start = time.time()
    # ANOMALY: No sleep, pinning the CPU core to 100%
    while time.time() - start < (N / 100000):
        pass",1090,15.0,8,0.001047
a71bfb76,matrix_mult_naive,"def matrix_multiply(A, B, N):
    C = [[0 for _ in range(N)] for _ in range(N)]
    for i in range(N):
        for j in range(N):
            for k in range(N):
                C[i][j] += A[i][k] * B[k][j]
    return C",5122,125.0,4,2.124093
790e0553,quick_sort,"def quick_sort(arr):
    if len(arr) <= 1:
        return arr
    pivot = arr[len(arr) // 2]
    left = [x for x in arr if x < pivot]
    middle = [x for x in arr if x == pivot]
    right = [x for x in arr if x > pivot]
    return quick_sort(left) + middle + quick_sort(right)",10020,15.0,16,0.018285
1c840a8b,bubble_sort,"def bubble_sort(arr):
    n = len(arr)
    for i in range(n):
        for j in range(0, n-i-1):
            if arr[j] > arr[j+1]:
                arr[j], arr[j+1] = arr[j+1], arr[j]",10347,15.0,2,0.092881
576bd01b,bubble_sort,"def bubble_sort(arr):
    n = len(arr)
    for i in range(n):
        for j in range(0, n-i-1):
            if arr[j] > arr[j+1]:
                arr[j], arr[j+1] = arr[j+1], arr[j]",10343,15.0,16,0.012276
1637fea4,bubble_sort,"def bubble_sort(arr):
    n = len(arr)
    for i in range(n):
        for j in range(0, n-i-1):
            if arr[j] > arr[j+1]:
                arr[j], arr[j+1] = arr[j+1], arr[j]",50012,65.0,2,9.919369
ad6499ae,quick_sort,"def quick_sort(arr):
    if len(arr) <= 1:
        return arr
    pivot = arr[len(arr) // 2]
    left = [x for x in arr if x < pivot]
    middle = [x for x in arr if x == pivot]
    right = [x for x in arr if x > pivot]
    return quick_sort(left) + middle + quick_sort(right)",49536,45.0,4,2.237332
87680177,bubble_sort,"def bubble_sort(arr):
    n = len(arr)
    for i in range(n):
        for j in range(0, n-i-1):
            if arr[j] > arr[j+1]:
                arr[j], arr[j+1] = arr[j+1], arr[j]",504,15.0,2,0.000228
8ffcf4e6,quick_sort,"def quick_sort(arr):
    if len(arr) <= 1:
        return arr
    pivot = arr[len(arr) // 2]
    left = [x for x in arr if x < pivot]
    middle = [x for x in arr if x == pivot]
    right = [x for x in arr if x > pivot]
    return quick_sort(left) + middle + quick_sort(right)",9559,15.0,8,0.034582
62b898c8,matrix_mult_optimized,"import numpy as np
def matrix_multiply_opt(A, B):
    return np.dot(A, B)",1286,45.0,2,0.008771
1e695640,matrix_mult_optimized,"import numpy as np
def matrix_multiply_opt(A, B):
    return np.dot(A, B)",5219,45.0,4,0.236404
4c35fa76,matrix_mult_optimized,"import numpy as np
def matrix_multiply_opt(A, B):
    return np.dot(A, B)",9559,15.0,8,0.214796
384f3462,matrix_mult_naive,"def matrix_multiply(A, B, N):
    C = [[0 for _ in range(N)] for _ in range(N)]
    for i in range(N):
        for j in range(N):
            for k in range(N):
                C[i][j] += A[i][k] * B[k][j]
    return C",50341,65.0,2,1978.680404
2e932eaa,quick_sort,"def quick_sort(arr):
    if len(arr) <= 1:
        return arr
    pivot = arr[len(arr) // 2]
    left = [x for x in arr if x < pivot]
    middle = [x for x in arr if x == pivot]
    right = [x for x in arr if x > pivot]
    return quick_sort(left) + middle + quick_sort(right)",50086,65.0,4,3.43979
a2fa1e32,quick_sort,"def quick_sort(arr):
    if len(arr) <= 1:
        return arr
    pivot = arr[len(arr) // 2]
    left = [x for x in arr if x < pivot]
    middle = [x for x in arr if x == pivot]
    right = [x for x in arr if x > pivot]
    return quick_sort(left) + middle + quick_sort(right)",100198,125.0,2,38.062079
3610af52,bubble_sort,"def bubble_sort(arr):
    n = len(arr)
    for i in range(n):
        for j in range(0, n-i-1):
            if arr[j] > arr[j+1]:
                arr[j], arr[j+1] = arr[j+1], arr[j]",99775,65.0,16,4.955021
3cdcc7e4,matrix_mult_naive,"def matrix_multiply(A, B, N):
    C = [[0 for _ in range(N)] for _ in range(N)]
    for i in range(N):
        for j in range(N):
            for k in range(N):
                C[i][j] += A[i][k] * B[k][j]
    return C",4791,65.0,16,0.225819
17a09c08,matrix_mult_naive,"def matrix_multiply(A, B, N):
    C = [[0 for _ in range(N)] for _ in range(N)]
    for i in range(N):
        for j in range(N):
            for k in range(N):
                C[i][j] += A[i][k] * B[k][j]
    return C",527,125.0,4,0.002363
a6a86848,bubble_sort,"def bubble_sort(arr):
    n = len(arr)
    for i in range(n):
        for j in range(0, n-i-1):
            if arr[j] > arr[j+1]:
                arr[j], arr[j+1] = arr[j+1], arr[j]",50097,15.0,4,1.1577
e02c72c1,quick_sort,"def quick_sort(arr):
    if len(arr) <= 1:
        return arr
    pivot = arr[len(arr) // 2]
    left = [x for x in arr if x < pivot]
    middle = [x for x in arr if x == pivot]
    right = [x for x in arr if x > pivot]
    return quick_sort(left) + middle + quick_sort(right)",4969,65.0,8,0.053911
40b9b7f6,bubble_sort,"def bubble_sort(arr):
    n = len(arr)
    for i in range(n):
        for j in range(0, n-i-1):
            if arr[j] > arr[j+1]:
                arr[j], arr[j+1] = arr[j+1], arr[j]",9830,15.0,4,0.042362
05949848,matrix_mult_naive,"def matrix_multiply(A, B, N):
    C = [[0 for _ in range(N)] for _ in range(N)]
    for i in range(N):
        for j in range(N):
            for k in range(N):
                C[i][j] += A[i][k] * B[k][j]
    return C",49673,125.0,2,4001.169909
5f142acb,matrix_mult_optimized,"import numpy as np
def matrix_multiply_opt(A, B):
    return np.dot(A, B)",100098,125.0,16,631.313133
c92e936f,quick_sort,"def quick_sort(arr):
    if len(arr) <= 1:
        return arr
    pivot = arr[len(arr) // 2]
    left = [x for x in arr if x < pivot]
    middle = [x for x in arr if x == pivot]
    right = [x for x in arr if x > pivot]
    return quick_sort(left) + middle + quick_sort(right)",1264,45.0,2,0.01848
fa2cf529,quick_sort,"def quick_sort(arr):
    if len(arr) <= 1:
        return arr
    pivot = arr[len(arr) // 2]
    left = [x for x in arr if x < pivot]
    middle = [x for x in arr if x == pivot]
    right = [x for x in arr if x > pivot]
    return quick_sort(left) + middle + quick_sort(right)",100018,65.0,2,18.650448
c2f1f80e,bubble_sort,"def bubble_sort(arr):
    n = len(arr)
    for i in range(n):
        for j in range(0, n-i-1):
            if arr[j] > arr[j+1]:
                arr[j], arr[j+1] = arr[j+1], arr[j]",1309,15.0,16,0.000195
abae8215,bubble_sort,"def bubble_sort(arr):
    n = len(arr)
    for i in range(n):
        for j in range(0, n-i-1):
            if arr[j] > arr[j+1]:
                arr[j], arr[j+1] = arr[j+1], arr[j]",4751,65.0,2,0.089518
31ec1df7,matrix_mult_optimized,"import numpy as np
def matrix_multiply_opt(A, B):
    return np.dot(A, B)",10434,65.0,16,0.566644
0cac38f7,matrix_mult_optimized,"import numpy as np
def matrix_multiply_opt(A, B):
    return np.dot(A, B)",1379,45.0,8,0.002773
82e0b603,matrix_mult_naive,"def matrix_multiply(A, B, N):
    C = [[0 for _ in range(N)] for _ in range(N)]
    for i in range(N):
        for j in range(N):
            for k in range(N):
                C[i][j] += A[i][k] * B[k][j]
    return C",10425,65.0,2,17.824141
9bb59621,matrix_mult_naive,"def matrix_multiply(A, B, N):
    C = [[0 for _ in range(N)] for _ in range(N)]
    for i in range(N):
        for j in range(N):
            for k in range(N):
                C[i][j] += A[i][k] * B[k][j]
    return C",9691,65.0,8,3.798619
d55248e7,busy_wait_anomaly,"import time
def poll_sensor(target_time, N):
    start = time.time()
    # ANOMALY: No sleep, pinning the CPU core to 100%
    while time.time() - start < (N / 100000):
        pass",99800,65.0,4,0.783917
b4dea024,matrix_mult_naive,"def matrix_multiply(A, B, N):
    C = [[0 for _ in range(N)] for _ in range(N)]
    for i in range(N):
        for j in range(N):
            for k in range(N):
                C[i][j] += A[i][k] * B[k][j]
    return C",100449,125.0,2,31084.860133
2a8207ef,matrix_mult_optimized,"import numpy as np
def matrix_multiply_opt(A, B):
    return np.dot(A, B)",99649,15.0,8,146.976587
0d37fe8d,matrix_mult_optimized,"import numpy as np
def matrix_multiply_opt(A, B):
    return np.dot(A, B)",10349,15.0,16,0.131546
693244ff,quick_sort,"def quick_sort(arr):
    if len(arr) <= 1:
        return arr
    pivot = arr[len(arr) // 2]
    left = [x for x in arr if x < pivot]
    middle = [x for x in arr if x == pivot]
    right = [x for x in arr if x > pivot]
    return quick_sort(left) + middle + quick_sort(right)",1241,15.0,8,0.001501
079a2098,bubble_sort,"def bubble_sort(arr):
    n = len(arr)
    for i in range(n):
        for j in range(0, n-i-1):
            if arr[j] > arr[j+1]:
                arr[j], arr[j+1] = arr[j+1], arr[j]",1067,65.0,2,0.004381
1c56e7b1,quick_sort,"def quick_sort(arr):
    if len(arr) <= 1:
        return arr
    pivot = arr[len(arr) // 2]
    left = [x for x in arr if x < pivot]
    middle = [x for x in arr if x == pivot]
    right = [x for x in arr if x > pivot]
    return quick_sort(left) + middle + quick_sort(right)",5487,65.0,8,0.064633
83983fac,busy_wait_anomaly,"import time
def poll_sensor(target_time, N):
    start = time.time()
    # ANOMALY: No sleep, pinning the CPU core to 100%
    while time.time() - start < (N / 100000):
        pass",645,45.0,4,0.003682
9070afb4,busy_wait_anomaly,"import time
def poll_sensor(target_time, N):
    start = time.time()
    # ANOMALY: No sleep, pinning the CPU core to 100%
    while time.time() - start < (N / 100000):
        pass",753,125.0,4,0.011891
25ba1822,bubble_sort,"def bubble_sort(arr):
    n = len(arr)
    for i in range(n):
        for j in range(0, n-i-1):
            if arr[j] > arr[j+1]:
                arr[j], arr[j+1] = arr[j+1], arr[j]",10330,15.0,4,0.047818
b9b10466,busy_wait_anomaly,"import time
def poll_sensor(target_time, N):
    start = time.time()
    # ANOMALY: No sleep, pinning the CPU core to 100%
    while time.time() - start < (N / 100000):
        pass",49930,65.0,2,0.777806
b1aad298,matrix_mult_naive,"def matrix_multiply(A, B, N):
    C = [[0 for _ in range(N)] for _ in range(N)]
    for i in range(N):
        for j in range(N):
            for k in range(N):
                C[i][j] += A[i][k] * B[k][j]
    return C",10122,65.0,8,4.253654
4599a2c0,busy_wait_anomaly,"import time
def poll_sensor(target_time, N):
    start = time.time()
    # ANOMALY: No sleep, pinning the CPU core to 100%
    while time.time() - start < (N / 100000):
        pass",100471,15.0,16,0.049313
5d0fcc00,matrix_mult_naive,"def matrix_multiply(A, B, N):
    C = [[0 for _ in range(N)] for _ in range(N)]
    for i in range(N):
        for j in range(N):
            for k in range(N):
                C[i][j] += A[i][k] * B[k][j]
    return C",49699,125.0,4,1981.906988
861ad621,matrix_mult_naive,"def matrix_multiply(A, B, N):
    C = [[0 for _ in range(N)] for _ in range(N)]
    for i in range(N):
        for j in range(N):
            for k in range(N):
                C[i][j] += A[i][k] * B[k][j]
    return C",4611,45.0,4,0.562305
8e015c41,busy_wait_anomaly,"import time
def poll_sensor(target_time, N):
    start = time.time()
    # ANOMALY: No sleep, pinning the CPU core to 100%
    while time.time() - start < (N / 100000):
        pass",9875,125.0,2,0.308207
c620bc89,matrix_mult_optimized,"import numpy as np
def matrix_multiply_opt(A, B):
    return np.dot(A, B)",4718,45.0,16,0.042011
d9d432de,busy_wait_anomaly,"import time
def poll_sensor(target_time, N):
    start = time.time()
    # ANOMALY: No sleep, pinning the CPU core to 100%
    while time.time() - start < (N / 100000):
        pass",100291,65.0,4,0.811649
aa36c5e2,busy_wait_anomaly,"import time
def poll_sensor(target_time, N):
    start = time.time()
    # ANOMALY: No sleep, pinning the CPU core to 100%
    while time.time() - start < (N / 100000):
        pass",5337,45.0,8,0.014425
211c0443,busy_wait_anomaly,"import time
def poll_sensor(target_time, N):
    start = time.time()
    # ANOMALY: No sleep, pinning the CPU core to 100%
    while time.time() - start < (N / 100000):
        pass",100070,15.0,4,0.185901
01fdc073,matrix_mult_naive,"def matrix_multiply(A, B, N):
    C = [[0 for _ in range(N)] for _ in range(N)]
    for i in range(N):
        for j in range(N):
            for k in range(N):
                C[i][j] += A[i][k] * B[k][j]
    return C",4504,15.0,4,0.16518
fe3b3e53,busy_wait_anomaly,"import time
def poll_sensor(target_time, N):
    start = time.time()
    # ANOMALY: No sleep, pinning the CPU core to 100%
    while time.time() - start < (N / 100000):
        pass",4619,45.0,8,0.013208
8116bf2d,matrix_mult_naive,"def matrix_multiply(A, B, N):
    C = [[0 for _ in range(N)] for _ in range(N)]
    for i in range(N):
        for j in range(N):
            for k in range(N):
                C[i][j] += A[i][k] * B[k][j]
    return C",99845,125.0,16,3892.747055
249f5f18,quick_sort,"def quick_sort(arr):
    if len(arr) <= 1:
        return arr
    pivot = arr[len(arr) // 2]
    left = [x for x in arr if x < pivot]
    middle = [x for x in arr if x == pivot]
    right = [x for x in arr if x > pivot]
    return quick_sort(left) + middle + quick_sort(right)",10074,65.0,16,0.076236
ef34d560,quick_sort,"def quick_sort(arr):
    if len(arr) <= 1:
        return arr
    pivot = arr[len(arr) // 2]
    left = [x for x in arr if x < pivot]
    middle = [x for x in arr if x == pivot]
    right = [x for x in arr if x > pivot]
    return quick_sort(left) + middle + quick_sort(right)",4604,15.0,8,0.010651
ddd8d5e6,busy_wait_anomaly,"import time
def poll_sensor(target_time, N):
    start = time.time()
    # ANOMALY: No sleep, pinning the CPU core to 100%
    while time.time() - start < (N / 100000):
        pass",4819,125.0,2,0.153165
24b44439,busy_wait_anomaly,"import time
def poll_sensor(target_time, N):
    start = time.time()
    # ANOMALY: No sleep, pinning the CPU core to 100%
    while time.time() - start < (N / 100000):
        pass",100383,45.0,8,0.296075
cb36fc1e,matrix_mult_naive,"def matrix_multiply(A, B, N):
    C = [[0 for _ in range(N)] for _ in range(N)]
    for i in range(N):
        for j in range(N):
            for k in range(N):
                C[i][j] += A[i][k] * B[k][j]
    return C",5118,65.0,8,0.523607
e8e84276,busy_wait_anomaly,"import time
def poll_sensor(target_time, N):
    start = time.time()
    # ANOMALY: No sleep, pinning the CPU core to 100%
    while time.time() - start < (N / 100000):
        pass",1181,15.0,16,0.00055
15055454,quick_sort,"def quick_sort(arr):
    if len(arr) <= 1:
        return arr
    pivot = arr[len(arr) // 2]
    left = [x for x in arr if x < pivot]
    middle = [x for x in arr if x == pivot]
    right = [x for x in arr if x > pivot]
    return quick_sort(left) + middle + quick_sort(right)",49679,65.0,8,1.753739
66ac22e4,matrix_mult_naive,"def matrix_multiply(A, B, N):
    C = [[0 for _ in range(N)] for _ in range(N)]
    for i in range(N):
        for j in range(N):
            for k in range(N):
                C[i][j] += A[i][k] * B[k][j]
    return C",4957,15.0,2,0.474594
39997aa0,bubble_sort,"def bubble_sort(arr):
    n = len(arr)
    for i in range(n):
        for j in range(0, n-i-1):
            if arr[j] > arr[j+1]:
                arr[j], arr[j+1] = arr[j+1], arr[j]",50417,45.0,8,1.640164
b337a6a7,busy_wait_anomaly,"import time
def poll_sensor(target_time, N):
    start = time.time()
    # ANOMALY: No sleep, pinning the CPU core to 100%
    while time.time() - start < (N / 100000):
        pass",897,45.0,16,0.001309
818b4d76,matrix_mult_naive,"def matrix_multiply(A, B, N):
    C = [[0 for _ in range(N)] for _ in range(N)]
    for i in range(N):
        for j in range(N):
            for k in range(N):
                C[i][j] += A[i][k] * B[k][j]
    return C",559,125.0,4,0.002851
4dc0a563,busy_wait_anomaly,"import time
def poll_sensor(target_time, N):
    start = time.time()
    # ANOMALY: No sleep, pinning the CPU core to 100%
    while time.time() - start < (N / 100000):
        pass",10203,15.0,4,0.019616
0b2896e9,matrix_mult_naive,"def matrix_multiply(A, B, N):
    C = [[0 for _ in range(N)] for _ in range(N)]
    for i in range(N):
        for j in range(N):
            for k in range(N):
                C[i][j] += A[i][k] * B[k][j]
    return C",10400,45.0,4,6.026479
dbac2d52,quick_sort,"def quick_sort(arr):
    if len(arr) <= 1:
        return arr
    pivot = arr[len(arr) // 2]
    left = [x for x in arr if x < pivot]
    middle = [x for x in arr if x == pivot]
    right = [x for x in arr if x > pivot]
    return quick_sort(left) + middle + quick_sort(right)",50019,125.0,8,3.236386
c000d14b,bubble_sort,"def bubble_sort(arr):
    n = len(arr)
    for i in range(n):
        for j in range(0, n-i-1):
            if arr[j] > arr[j+1]:
                arr[j], arr[j+1] = arr[j+1], arr[j]",10189,125.0,8,0.192121
2271afa2,matrix_mult_naive,"def matrix_multiply(A, B, N):
    C = [[0 for _ in range(N)] for _ in range(N)]
    for i in range(N):
        for j in range(N):
            for k in range(N):
                C[i][j] += A[i][k] * B[k][j]
    return C",50429,15.0,2,502.232811
403dde82,bubble_sort,"def bubble_sort(arr):
    n = len(arr)
    for i in range(n):
        for j in range(0, n-i-1):
            if arr[j] > arr[j+1]:
                arr[j], arr[j+1] = arr[j+1], arr[j]",5205,45.0,8,0.017728
438da368,matrix_mult_naive,"def matrix_multiply(A, B, N):
    C = [[0 for _ in range(N)] for _ in range(N)]
    for i in range(N):
        for j in range(N):
            for k in range(N):
                C[i][j] += A[i][k] * B[k][j]
    return C",99528,125.0,16,3838.573143
66cc4920,matrix_mult_optimized,"import numpy as np
def matrix_multiply_opt(A, B):
    return np.dot(A, B)",4660,15.0,8,0.028949
c30143c5,matrix_mult_naive,"def matrix_multiply(A, B, N):
    C = [[0 for _ in range(N)] for _ in range(N)]
    for i in range(N):
        for j in range(N):
            for k in range(N):
                C[i][j] += A[i][k] * B[k][j]
    return C",521,45.0,16,0.000192
1d6fb7b7,busy_wait_anomaly,"import time
def poll_sensor(target_time, N):
    start = time.time()
    # ANOMALY: No sleep, pinning the CPU core to 100%
    while time.time() - start < (N / 100000):
        pass",100390,45.0,4,0.552968
ab257d5e,matrix_mult_naive,"def matrix_multiply(A, B, N):
    C = [[0 for _ in range(N)] for _ in range(N)]
    for i in range(N):
        for j in range(N):
            for k in range(N):
                C[i][j] += A[i][k] * B[k][j]
    return C",10089,45.0,16,1.402664
05cf5d96,busy_wait_anomaly,"import time
def poll_sensor(target_time, N):
    start = time.time()
    # ANOMALY: No sleep, pinning the CPU core to 100%
    while time.time() - start < (N / 100000):
        pass",9564,15.0,2,0.037558
e051a580,bubble_sort,"def bubble_sort(arr):
    n = len(arr)
    for i in range(n):
        for j in range(0, n-i-1):
            if arr[j] > arr[j+1]:
                arr[j], arr[j+1] = arr[j+1], arr[j]",880,65.0,2,0.003067
b8d577cd,quick_sort,"def quick_sort(arr):
    if len(arr) <= 1:
        return arr
    pivot = arr[len(arr) // 2]
    left = [x for x in arr if x < pivot]
    middle = [x for x in arr if x == pivot]
    right = [x for x in arr if x > pivot]
    return quick_sort(left) + middle + quick_sort(right)",99980,45.0,8,3.296067
b34f4159,busy_wait_anomaly,"import time
def poll_sensor(target_time, N):
    start = time.time()
    # ANOMALY: No sleep, pinning the CPU core to 100%
    while time.time() - start < (N / 100000):
        pass",100049,45.0,8,0.28034
bb6e92eb,quick_sort,"def quick_sort(arr):
    if len(arr) <= 1:
        return arr
    pivot = arr[len(arr) // 2]
    left = [x for x in arr if x < pivot]
    middle = [x for x in arr if x == pivot]
    right = [x for x in arr if x > pivot]
    return quick_sort(left) + middle + quick_sort(right)",1365,65.0,2,0.029708
25d1d55e,busy_wait_anomaly,"import time
def poll_sensor(target_time, N):
    start = time.time()
    # ANOMALY: No sleep, pinning the CPU core to 100%
    while time.time() - start < (N / 100000):
        pass",1100,15.0,4,0.002015
83692055,quick_sort,"def quick_sort(arr):
    if len(arr) <= 1:
        return arr
    pivot = arr[len(arr) // 2]
    left = [x for x in arr if x < pivot]
    middle = [x for x in arr if x == pivot]
    right = [x for x in arr if x > pivot]
    return quick_sort(left) + middle + quick_sort(right)",99548,65.0,8,4.972566
184640ca,busy_wait_anomaly,"import time
def poll_sensor(target_time, N):
    start = time.time()
    # ANOMALY: No sleep, pinning the CPU core to 100%
    while time.time() - start < (N / 100000):
        pass",4632,65.0,8,0.018766
f05aa53c,busy_wait_anomaly,"import time
def poll_sensor(target_time, N):
    start = time.time()
    # ANOMALY: No sleep, pinning the CPU core to 100%
    while time.time() - start < (N / 100000):
        pass",50344,45.0,16,0.073945
ecade4db,matrix_mult_optimized,"import numpy as np
def matrix_multiply_opt(A, B):
    return np.dot(A, B)",1321,125.0,8,0.006633
71e41ec1,busy_wait_anomaly,"import time
def poll_sensor(target_time, N):
    start = time.time()
    # ANOMALY: No sleep, pinning the CPU core to 100%
    while time.time() - start < (N / 100000):
        pass",9941,15.0,16,0.004518
a23528f2,busy_wait_anomaly,"import time
def poll_sensor(target_time, N):
    start = time.time()
    # ANOMALY: No sleep, pinning the CPU core to 100%
    while time.time() - start < (N / 100000):
        pass",4719,65.0,8,0.019907
8e5fa12f,matrix_mult_naive,"def matrix_multiply(A, B, N):
    C = [[0 for _ in range(N)] for _ in range(N)]
    for i in range(N):
        for j in range(N):
            for k in range(N):
                C[i][j] += A[i][k] * B[k][j]
    return C",1272,45.0,16,0.002826
d67a5e9f,busy_wait_anomaly,"import time
def poll_sensor(target_time, N):
    start = time.time()
    # ANOMALY: No sleep, pinning the CPU core to 100%
    while time.time() - start < (N / 100000):
        pass",1388,125.0,16,0.005325
641c6cf3,bubble_sort,"def bubble_sort(arr):
    n = len(arr)
    for i in range(n):
        for j in range(0, n-i-1):
            if arr[j] > arr[j+1]:
                arr[j], arr[j+1] = arr[j+1], arr[j]",897,125.0,8,0.001527
5fffe4f8,busy_wait_anomaly,"import time
def poll_sensor(target_time, N):
    start = time.time()
    # ANOMALY: No sleep, pinning the CPU core to 100%
    while time.time() - start < (N / 100000):
        pass",4872,45.0,8,0.013611
e14468cc,bubble_sort,"def bubble_sort(arr):
    n = len(arr)
    for i in range(n):
        for j in range(0, n-i-1):
            if arr[j] > arr[j+1]:
                arr[j], arr[j+1] = arr[j+1], arr[j]",4834,15.0,2,0.021802
0ad066d5,busy_wait_anomaly,"import time
def poll_sensor(target_time, N):
    start = time.time()
    # ANOMALY: No sleep, pinning the CPU core to 100%
    while time.time() - start < (N / 100000):
        pass",99920,125.0,8,0.801763
02c542dd,matrix_mult_optimized,"import numpy as np
def matrix_multiply_opt(A, B):
    return np.dot(A, B)",4829,15.0,4,0.060944
88a97aaf,bubble_sort,"def bubble_sort(arr):
    n = len(arr)
    for i in range(n):
        for j in range(0, n-i-1):
            if arr[j] > arr[j+1]:
                arr[j], arr[j+1] = arr[j+1], arr[j]",584,45.0,2,0.000947
6354ceda,busy_wait_anomaly,"import time
def poll_sensor(target_time, N):
    start = time.time()
    # ANOMALY: No sleep, pinning the CPU core to 100%
    while time.time() - start < (N / 100000):
        pass",100058,15.0,4,0.191145
a4b6f298,matrix_mult_optimized,"import numpy as np
def matrix_multiply_opt(A, B):
    return np.dot(A, B)",858,125.0,2,0.00807
13b8c1b6,quick_sort,"def quick_sort(arr):
    if len(arr) <= 1:
        return arr
    pivot = arr[len(arr) // 2]
    left = [x for x in arr if x < pivot]
    middle = [x for x in arr if x == pivot]
    right = [x for x in arr if x > pivot]
    return quick_sort(left) + middle + quick_sort(right)",4779,125.0,16,0.046678
e8c9908f,bubble_sort,"def bubble_sort(arr):
    n = len(arr)
    for i in range(n):
        for j in range(0, n-i-1):
            if arr[j] > arr[j+1]:
                arr[j], arr[j+1] = arr[j+1], arr[j]",100299,65.0,8,9.446581
245de8b9,quick_sort,"def quick_sort(arr):
    if len(arr) <= 1:
        return arr
    pivot = arr[len(arr) // 2]
    left = [x for x in arr if x < pivot]
    middle = [x for x in arr if x == pivot]
    right = [x for x in arr if x > pivot]
    return quick_sort(left) + middle + quick_sort(right)",10113,125.0,16,0.153305
433802a8,matrix_mult_optimized,"import numpy as np
def matrix_multiply_opt(A, B):
    return np.dot(A, B)",1087,45.0,4,0.002955
9a6ae886,matrix_mult_optimized,"import numpy as np
def matrix_multiply_opt(A, B):
    return np.dot(A, B)",5004,65.0,8,0.150339
ca3f4de0,matrix_mult_naive,"def matrix_multiply(A, B, N):
    C = [[0 for _ in range(N)] for _ in range(N)]
    for i in range(N):
        for j in range(N):
            for k in range(N):
                C[i][j] += A[i][k] * B[k][j]
    return C",9716,45.0,8,2.59599
9b43c39d,matrix_mult_naive,"def matrix_multiply(A, B, N):
    C = [[0 for _ in range(N)] for _ in range(N)]
    for i in range(N):
        for j in range(N):
            for k in range(N):
                C[i][j] += A[i][k] * B[k][j]
    return C",50400,45.0,2,1386.153416
7e40bfa8,matrix_mult_naive,"def matrix_multiply(A, B, N):
    C = [[0 for _ in range(N)] for _ in range(N)]
    for i in range(N):
        for j in range(N):
            for k in range(N):
                C[i][j] += A[i][k] * B[k][j]
    return C",4732,65.0,4,0.841145
baf09b58,matrix_mult_naive,"def matrix_multiply(A, B, N):
    C = [[0 for _ in range(N)] for _ in range(N)]
    for i in range(N):
        for j in range(N):
            for k in range(N):
                C[i][j] += A[i][k] * B[k][j]
    return C",49833,125.0,4,1956.056405
6585f12d,busy_wait_anomaly,"import time
def poll_sensor(target_time, N):
    start = time.time()
    # ANOMALY: No sleep, pinning the CPU core to 100%
    while time.time() - start < (N / 100000):
        pass",100028,125.0,8,0.770958
5d530118,quick_sort,"def quick_sort(arr):
    if len(arr) <= 1:
        return arr
    pivot = arr[len(arr) // 2]
    left = [x for x in arr if x < pivot]
    middle = [x for x in arr if x == pivot]
    right = [x for x in arr if x > pivot]
    return quick_sort(left) + middle + quick_sort(right)",9668,65.0,8,0.15221
0bf8ce9a,busy_wait_anomaly,"import time
def poll_sensor(target_time, N):
    start = time.time()
    # ANOMALY: No sleep, pinning the CPU core to 100%
    while time.time() - start < (N / 100000):
        pass",9561,45.0,4,0.055223
58534839,quick_sort,"def quick_sort(arr):
    if len(arr) <= 1:
        return arr
    pivot = arr[len(arr) // 2]
    left = [x for x in arr if x < pivot]
    middle = [x for x in arr if x == pivot]
    right = [x for x in arr if x > pivot]
    return quick_sort(left) + middle + quick_sort(right)",4937,65.0,8,0.052065
33942d5a,matrix_mult_optimized,"import numpy as np
def matrix_multiply_opt(A, B):
    return np.dot(A, B)",50165,45.0,8,67.823159
71016b30,busy_wait_anomaly,"import time
def poll_sensor(target_time, N):
    start = time.time()
    # ANOMALY: No sleep, pinning the CPU core to 100%
    while time.time() - start < (N / 100000):
        pass",10383,45.0,4,0.059395
c365cdac,matrix_mult_optimized,"import numpy as np
def matrix_multiply_opt(A, B):
    return np.dot(A, B)",546,125.0,8,0.000594
97476008,matrix_mult_optimized,"import numpy as np
def matrix_multiply_opt(A, B):
    return np.dot(A, B)",10109,45.0,8,0.718148
b69bbe5b,matrix_mult_optimized,"import numpy as np
def matrix_multiply_opt(A, B):
    return np.dot(A, B)",1402,45.0,2,0.011313
4df6f626,bubble_sort,"def bubble_sort(arr):
    n = len(arr)
    for i in range(n):
        for j in range(0, n-i-1):
            if arr[j] > arr[j+1]:
                arr[j], arr[j+1] = arr[j+1], arr[j]",10038,15.0,2,0.09146
25db7fb4,quick_sort,"def quick_sort(arr):
    if len(arr) <= 1:
        return arr
    pivot = arr[len(arr) // 2]
    left = [x for x in arr if x < pivot]
    middle = [x for x in arr if x == pivot]
    right = [x for x in arr if x > pivot]
    return quick_sort(left) + middle + quick_sort(right)",100381,45.0,8,3.41674
8b561ad7,bubble_sort,"def bubble_sort(arr):
    n = len(arr)
    for i in range(n):
        for j in range(0, n-i-1):
            if arr[j] > arr[j+1]:
                arr[j], arr[j+1] = arr[j+1], arr[j]",99907,125.0,4,36.45742
455986cd,matrix_mult_optimized,"import numpy as np
def matrix_multiply_opt(A, B):
    return np.dot(A, B)",100386,125.0,4,2544.68628
7d32b5a0,bubble_sort,"def bubble_sort(arr):
    n = len(arr)
    for i in range(n):
        for j in range(0, n-i-1):
            if arr[j] > arr[j+1]:
                arr[j], arr[j+1] = arr[j+1], arr[j]",4842,15.0,8,0.005015
8f262b74,busy_wait_anomaly,"import time
def poll_sensor(target_time, N):
    start = time.time()
    # ANOMALY: No sleep, pinning the CPU core to 100%
    while time.time() - start < (N / 100000):
        pass",4773,65.0,2,0.076395
a6f26131,busy_wait_anomaly,"import time
def poll_sensor(target_time, N):
    start = time.time()
    # ANOMALY: No sleep, pinning the CPU core to 100%
    while time.time() - start < (N / 100000):
        pass",50486,65.0,16,0.098255
ac7fa069,busy_wait_anomaly,"import time
def poll_sensor(target_time, N):
    start = time.time()
    # ANOMALY: No sleep, pinning the CPU core to 100%
    while time.time() - start < (N / 100000):
        pass",10233,125.0,16,0.04055
0e777abb,quick_sort,"def quick_sort(arr):
    if len(arr) <= 1:
        return arr
    pivot = arr[len(arr) // 2]
    left = [x for x in arr if x < pivot]
    middle = [x for x in arr if x == pivot]
    right = [x for x in arr if x > pivot]
    return quick_sort(left) + middle + quick_sort(right)",4877,15.0,2,0.049343
5722fcda,quick_sort,"def quick_sort(arr):
    if len(arr) <= 1:
        return arr
    pivot = arr[len(arr) // 2]
    left = [x for x in arr if x < pivot]
    middle = [x for x in arr if x == pivot]
    right = [x for x in arr if x > pivot]
    return quick_sort(left) + middle + quick_sort(right)",1476,125.0,2,0.069768
2f5eb73d,matrix_mult_naive,"def matrix_multiply(A, B, N):
    C = [[0 for _ in range(N)] for _ in range(N)]
    for i in range(N):
        for j in range(N):
            for k in range(N):
                C[i][j] += A[i][k] * B[k][j]
    return C",50337,15.0,2,479.010672
dce95b23,matrix_mult_optimized,"import numpy as np
def matrix_multiply_opt(A, B):
    return np.dot(A, B)",50030,125.0,16,91.202902
3d1937ec,busy_wait_anomaly,"import time
def poll_sensor(target_time, N):
    start = time.time()
    # ANOMALY: No sleep, pinning the CPU core to 100%
    while time.time() - start < (N / 100000):
        pass",50304,15.0,4,0.091628
f1b5d45c,quick_sort,"def quick_sort(arr):
    if len(arr) <= 1:
        return arr
    pivot = arr[len(arr) // 2]
    left = [x for x in arr if x < pivot]
    middle = [x for x in arr if x == pivot]
    right = [x for x in arr if x > pivot]
    return quick_sort(left) + middle + quick_sort(right)",49808,45.0,8,1.164956
ea72acd7,busy_wait_anomaly,"import time
def poll_sensor(target_time, N):
    start = time.time()
    # ANOMALY: No sleep, pinning the CPU core to 100%
    while time.time() - start < (N / 100000):
        pass",5307,125.0,16,0.021672
c650b983,matrix_mult_naive,"def matrix_multiply(A, B, N):
    C = [[0 for _ in range(N)] for _ in range(N)]
    for i in range(N):
        for j in range(N):
            for k in range(N):
                C[i][j] += A[i][k] * B[k][j]
    return C",1360,15.0,2,0.009782
dba77eec,bubble_sort,"def bubble_sort(arr):
    n = len(arr)
    for i in range(n):
        for j in range(0, n-i-1):
            if arr[j] > arr[j+1]:
                arr[j], arr[j+1] = arr[j+1], arr[j]",4802,125.0,2,0.167022
a80dbe4d,bubble_sort,"def bubble_sort(arr):
    n = len(arr)
    for i in range(n):
        for j in range(0, n-i-1):
            if arr[j] > arr[j+1]:
                arr[j], arr[j+1] = arr[j+1], arr[j]",1095,45.0,8,0.000829
c0ea6552,quick_sort,"def quick_sort(arr):
    if len(arr) <= 1:
        return arr
    pivot = arr[len(arr) // 2]
    left = [x for x in arr if x < pivot]
    middle = [x for x in arr if x == pivot]
    right = [x for x in arr if x > pivot]
    return quick_sort(left) + middle + quick_sort(right)",100097,125.0,16,4.569917
a3c908dd,quick_sort,"def quick_sort(arr):
    if len(arr) <= 1:
        return arr
    pivot = arr[len(arr) // 2]
    left = [x for x in arr if x < pivot]
    middle = [x for x in arr if x == pivot]
    right = [x for x in arr if x > pivot]
    return quick_sort(left) + middle + quick_sort(right)",50383,65.0,8,1.783598
ccedc82d,matrix_mult_naive,"def matrix_multiply(A, B, N):
    C = [[0 for _ in range(N)] for _ in range(N)]
    for i in range(N):
        for j in range(N):
            for k in range(N):
                C[i][j] += A[i][k] * B[k][j]
    return C",99545,125.0,4,14677.917703
ae30fc3d,matrix_mult_optimized,"import numpy as np
def matrix_multiply_opt(A, B):
    return np.dot(A, B)",1189,65.0,4,0.005043
4446c215,matrix_mult_naive,"def matrix_multiply(A, B, N):
    C = [[0 for _ in range(N)] for _ in range(N)]
    for i in range(N):
        for j in range(N):
            for k in range(N):
                C[i][j] += A[i][k] * B[k][j]
    return C",4626,65.0,4,0.811165
900268e9,matrix_mult_naive,"def matrix_multiply(A, B, N):
    C = [[0 for _ in range(N)] for _ in range(N)]
    for i in range(N):
        for j in range(N):
            for k in range(N):
                C[i][j] += A[i][k] * B[k][j]
    return C",100129,45.0,2,11661.020658
84f775d2,matrix_mult_naive,"def matrix_multiply(A, B, N):
    C = [[0 for _ in range(N)] for _ in range(N)]
    for i in range(N):
        for j in range(N):
            for k in range(N):
                C[i][j] += A[i][k] * B[k][j]
    return C",100052,125.0,2,32686.434415
e41d320e,busy_wait_anomaly,"import time
def poll_sensor(target_time, N):
    start = time.time()
    # ANOMALY: No sleep, pinning the CPU core to 100%
    while time.time() - start < (N / 100000):
        pass",5144,45.0,8,0.014268
fff2f00e,busy_wait_anomaly,"import time
def poll_sensor(target_time, N):
    start = time.time()
    # ANOMALY: No sleep, pinning the CPU core to 100%
    while time.time() - start < (N / 100000):
        pass",4943,45.0,2,0.058305
c02af476,bubble_sort,"def bubble_sort(arr):
    n = len(arr)
    for i in range(n):
        for j in range(0, n-i-1):
            if arr[j] > arr[j+1]:
                arr[j], arr[j+1] = arr[j+1], arr[j]",50468,45.0,4,3.408261
1fc65082,quick_sort,"def quick_sort(arr):
    if len(arr) <= 1:
        return arr
    pivot = arr[len(arr) // 2]
    left = [x for x in arr if x < pivot]
    middle = [x for x in arr if x == pivot]
    right = [x for x in arr if x > pivot]
    return quick_sort(left) + middle + quick_sort(right)",10262,125.0,8,0.309044
b8f55d62,quick_sort,"def quick_sort(arr):
    if len(arr) <= 1:
        return arr
    pivot = arr[len(arr) // 2]
    left = [x for x in arr if x < pivot]
    middle = [x for x in arr if x == pivot]
    right = [x for x in arr if x > pivot]
    return quick_sort(left) + middle + quick_sort(right)",5279,45.0,16,0.019846
824f73e6,busy_wait_anomaly,"import time
def poll_sensor(target_time, N):
    start = time.time()
    # ANOMALY: No sleep, pinning the CPU core to 100%
    while time.time() - start < (N / 100000):
        pass",4657,15.0,8,0.004301
94ac40e9,matrix_mult_naive,"def matrix_multiply(A, B, N):
    C = [[0 for _ in range(N)] for _ in range(N)]
    for i in range(N):
        for j in range(N):
            for k in range(N):
                C[i][j] += A[i][k] * B[k][j]
    return C",50252,125.0,16,509.998557
401c4558,matrix_mult_optimized,"import numpy as np
def matrix_multiply_opt(A, B):
    return np.dot(A, B)",1024,65.0,8,0.001749
f5086c41,matrix_mult_optimized,"import numpy as np
def matrix_multiply_opt(A, B):
    return np.dot(A, B)",99828,15.0,4,311.003745
266824b8,matrix_mult_naive,"def matrix_multiply(A, B, N):
    C = [[0 for _ in range(N)] for _ in range(N)]
    for i in range(N):
        for j in range(N):
            for k in range(N):
                C[i][j] += A[i][k] * B[k][j]
    return C",10294,15.0,2,4.049064
f2d383d2,matrix_mult_optimized,"import numpy as np
def matrix_multiply_opt(A, B):
    return np.dot(A, B)",9586,65.0,8,0.922356
7dd9bbd0,matrix_mult_optimized,"import numpy as np
def matrix_multiply_opt(A, B):
    return np.dot(A, B)",784,15.0,4,0.000385
c687e682,matrix_mult_optimized,"import numpy as np
def matrix_multiply_opt(A, B):
    return np.dot(A, B)",50409,45.0,4,130.196513
03b5f69a,busy_wait_anomaly,"import time
def poll_sensor(target_time, N):
    start = time.time()
    # ANOMALY: No sleep, pinning the CPU core to 100%
    while time.time() - start < (N / 100000):
        pass",49918,45.0,4,0.267169
2f2e89bf,busy_wait_anomaly,"import time
def poll_sensor(target_time, N):
    start = time.time()
    # ANOMALY: No sleep, pinning the CPU core to 100%
    while time.time() - start < (N / 100000):
        pass",1470,65.0,16,0.003124
a9aa0022,matrix_mult_naive,"def matrix_multiply(A, B, N):
    C = [[0 for _ in range(N)] for _ in range(N)]
    for i in range(N):
        for j in range(N):
            for k in range(N):
                C[i][j] += A[i][k] * B[k][j]
    return C",50351,45.0,8,363.402225
0fb348d6,matrix_mult_optimized,"import numpy as np
def matrix_multiply_opt(A, B):
    return np.dot(A, B)",10222,125.0,2,8.663181
a7c30992,bubble_sort,"def bubble_sort(arr):
    n = len(arr)
    for i in range(n):
        for j in range(0, n-i-1):
            if arr[j] > arr[j+1]:
                arr[j], arr[j+1] = arr[j+1], arr[j]",100413,65.0,2,39.622065
17e425db,matrix_mult_naive,"def matrix_multiply(A, B, N):
    C = [[0 for _ in range(N)] for _ in range(N)]
    for i in range(N):
        for j in range(N):
            for k in range(N):
                C[i][j] += A[i][k] * B[k][j]
    return C",4590,15.0,2,0.356847
c42d6788,busy_wait_anomaly,"import time
def poll_sensor(target_time, N):
    start = time.time()
    # ANOMALY: No sleep, pinning the CPU core to 100%
    while time.time() - start < (N / 100000):
        pass",1461,65.0,16,0.003061
4d97ff6c,quick_sort,"def quick_sort(arr):
    if len(arr) <= 1:
        return arr
    pivot = arr[len(arr) // 2]
    left = [x for x in arr if x < pivot]
    middle = [x for x in arr if x == pivot]
    right = [x for x in arr if x > pivot]
    return quick_sort(left) + middle + quick_sort(right)",5049,15.0,2,0.052049
9f9ec0fd,quick_sort,"def quick_sort(arr):
    if len(arr) <= 1:
        return arr
    pivot = arr[len(arr) // 2]
    left = [x for x in arr if x < pivot]
    middle = [x for x in arr if x == pivot]
    right = [x for x in arr if x > pivot]
    return quick_sort(left) + middle + quick_sort(right)",10351,45.0,4,0.226857
9d1fcec1,busy_wait_anomaly,"import time
def poll_sensor(target_time, N):
    start = time.time()
    # ANOMALY: No sleep, pinning the CPU core to 100%
    while time.time() - start < (N / 100000):
        pass",49895,45.0,8,0.146919
7d4749ed,quick_sort,"def quick_sort(arr):
    if len(arr) <= 1:
        return arr
    pivot = arr[len(arr) // 2]
    left = [x for x in arr if x < pivot]
    middle = [x for x in arr if x == pivot]
    right = [x for x in arr if x > pivot]
    return quick_sort(left) + middle + quick_sort(right)",49996,45.0,2,4.586804
36e3ccad,busy_wait_anomaly,"import time
def poll_sensor(target_time, N):
    start = time.time()
    # ANOMALY: No sleep, pinning the CPU core to 100%
    while time.time() - start < (N / 100000):
        pass",100156,45.0,4,0.566826
8f956eba,bubble_sort,"def bubble_sort(arr):
    n = len(arr)
    for i in range(n):
        for j in range(0, n-i-1):
            if arr[j] > arr[j+1]:
                arr[j], arr[j+1] = arr[j+1], arr[j]",676,45.0,16,0.000161
6ffd5cb8,busy_wait_anomaly,"import time
def poll_sensor(target_time, N):
    start = time.time()
    # ANOMALY: No sleep, pinning the CPU core to 100%
    while time.time() - start < (N / 100000):
        pass",49630,15.0,16,0.022252
be950f56,bubble_sort,"def bubble_sort(arr):
    n = len(arr)
    for i in range(n):
        for j in range(0, n-i-1):
            if arr[j] > arr[j+1]:
                arr[j], arr[j+1] = arr[j+1], arr[j]",100153,15.0,4,4.441997
358b8b30,matrix_mult_naive,"def matrix_multiply(A, B, N):
    C = [[0 for _ in range(N)] for _ in range(N)]
    for i in range(N):
        for j in range(N):
            for k in range(N):
                C[i][j] += A[i][k] * B[k][j]
    return C",5187,15.0,4,0.261777
5ddae1bb,matrix_mult_optimized,"import numpy as np
def matrix_multiply_opt(A, B):
    return np.dot(A, B)",50028,45.0,8,67.395357
6aa3be55,matrix_mult_optimized,"import numpy as np
def matrix_multiply_opt(A, B):
    return np.dot(A, B)",100209,15.0,8,148.916659
36ec5057,quick_sort,"def quick_sort(arr):
    if len(arr) <= 1:
        return arr
    pivot = arr[len(arr) // 2]
    left = [x for x in arr if x < pivot]
    middle = [x for x in arr if x == pivot]
    right = [x for x in arr if x > pivot]
    return quick_sort(left) + middle + quick_sort(right)",9797,125.0,4,0.581907
fb282969,matrix_mult_naive,"def matrix_multiply(A, B, N):
    C = [[0 for _ in range(N)] for _ in range(N)]
    for i in range(N):
        for j in range(N):
            for k in range(N):
                C[i][j] += A[i][k] * B[k][j]
    return C",4903,15.0,4,0.220836
50061bca,busy_wait_anomaly,"import time
def poll_sensor(target_time, N):
    start = time.time()
    # ANOMALY: No sleep, pinning the CPU core to 100%
    while time.time() - start < (N / 100000):
        pass",49834,45.0,16,0.068658
2eae2591,busy_wait_anomaly,"import time
def poll_sensor(target_time, N):
    start = time.time()
    # ANOMALY: No sleep, pinning the CPU core to 100%
    while time.time() - start < (N / 100000):
        pass",10343,125.0,2,0.312427
437aa6d9,matrix_mult_optimized,"import numpy as np
def matrix_multiply_opt(A, B):
    return np.dot(A, B)",10159,15.0,8,0.239277
fca9ac96,matrix_mult_naive,"def matrix_multiply(A, B, N):
    C = [[0 for _ in range(N)] for _ in range(N)]
    for i in range(N):
        for j in range(N):
            for k in range(N):
                C[i][j] += A[i][k] * B[k][j]
    return C",4949,65.0,16,0.242382
158588c4,bubble_sort,"def bubble_sort(arr):
    n = len(arr)
    for i in range(n):
        for j in range(0, n-i-1):
            if arr[j] > arr[j+1]:
                arr[j], arr[j+1] = arr[j+1], arr[j]",50229,45.0,16,0.864127
0da47af2,bubble_sort,"def bubble_sort(arr):
    n = len(arr)
    for i in range(n):
        for j in range(0, n-i-1):
            if arr[j] > arr[j+1]:
                arr[j], arr[j+1] = arr[j+1], arr[j]",1214,15.0,4,0.00064
073fe11f,busy_wait_anomaly,"import time
def poll_sensor(target_time, N):
    start = time.time()
    # ANOMALY: No sleep, pinning the CPU core to 100%
    while time.time() - start < (N / 100000):
        pass",4808,125.0,2,0.150611
f10f6c79,quick_sort,"def quick_sort(arr):
    if len(arr) <= 1:
        return arr
    pivot = arr[len(arr) // 2]
    left = [x for x in arr if x < pivot]
    middle = [x for x in arr if x == pivot]
    right = [x for x in arr if x > pivot]
    return quick_sort(left) + middle + quick_sort(right)",10173,65.0,2,0.60654
263328c3,bubble_sort,"def bubble_sort(arr):
    n = len(arr)
    for i in range(n):
        for j in range(0, n-i-1):
            if arr[j] > arr[j+1]:
                arr[j], arr[j+1] = arr[j+1], arr[j]",99580,15.0,16,1.153667
a347b844,quick_sort,"def quick_sort(arr):
    if len(arr) <= 1:
        return arr
    pivot = arr[len(arr) // 2]
    left = [x for x in arr if x < pivot]
    middle = [x for x in arr if x == pivot]
    right = [x for x in arr if x > pivot]
    return quick_sort(left) + middle + quick_sort(right)",9576,45.0,8,0.09623
37462b9f,matrix_mult_naive,"def matrix_multiply(A, B, N):
    C = [[0 for _ in range(N)] for _ in range(N)]
    for i in range(N):
        for j in range(N):
            for k in range(N):
                C[i][j] += A[i][k] * B[k][j]
    return C",10006,125.0,2,32.505616
c6afa9a0,matrix_mult_naive,"def matrix_multiply(A, B, N):
    C = [[0 for _ in range(N)] for _ in range(N)]
    for i in range(N):
        for j in range(N):
            for k in range(N):
                C[i][j] += A[i][k] * B[k][j]
    return C",5477,65.0,16,0.324048
db2971ab,busy_wait_anomaly,"import time
def poll_sensor(target_time, N):
    start = time.time()
    # ANOMALY: No sleep, pinning the CPU core to 100%
    while time.time() - start < (N / 100000):
        pass",100265,15.0,2,0.38399
57fee078,quick_sort,"def quick_sort(arr):
    if len(arr) <= 1:
        return arr
    pivot = arr[len(arr) // 2]
    left = [x for x in arr if x < pivot]
    middle = [x for x in arr if x == pivot]
    right = [x for x in arr if x > pivot]
    return quick_sort(left) + middle + quick_sort(right)",5013,15.0,4,0.026154
07da98b6,quick_sort,"def quick_sort(arr):
    if len(arr) <= 1:
        return arr
    pivot = arr[len(arr) // 2]
    left = [x for x in arr if x < pivot]
    middle = [x for x in arr if x == pivot]
    right = [x for x in arr if x > pivot]
    return quick_sort(left) + middle + quick_sort(right)",10032,65.0,16,0.076778
e7b854a4,busy_wait_anomaly,"import time
def poll_sensor(target_time, N):
    start = time.time()
    # ANOMALY: No sleep, pinning the CPU core to 100%
    while time.time() - start < (N / 100000):
        pass",50438,45.0,16,0.073874
c5e2dcac,quick_sort,"def quick_sort(arr):
    if len(arr) <= 1:
        return arr
    pivot = arr[len(arr) // 2]
    left = [x for x in arr if x < pivot]
    middle = [x for x in arr if x == pivot]
    right = [x for x in arr if x > pivot]
    return quick_sort(left) + middle + quick_sort(right)",859,125.0,8,0.00783
c88db797,matrix_mult_optimized,"import numpy as np
def matrix_multiply_opt(A, B):
    return np.dot(A, B)",1229,125.0,8,0.005776
994a5d2a,matrix_mult_optimized,"import numpy as np
def matrix_multiply_opt(A, B):
    return np.dot(A, B)",10049,15.0,4,0.474283
8d9fadb6,matrix_mult_optimized,"import numpy as np
def matrix_multiply_opt(A, B):
    return np.dot(A, B)",5008,45.0,16,0.050912
c9d2395a,matrix_mult_naive,"def matrix_multiply(A, B, N):
    C = [[0 for _ in range(N)] for _ in range(N)]
    for i in range(N):
        for j in range(N):
            for k in range(N):
                C[i][j] += A[i][k] * B[k][j]
    return C",766,45.0,2,0.005171
efe746b4,bubble_sort,"def bubble_sort(arr):
    n = len(arr)
    for i in range(n):
        for j in range(0, n-i-1):
            if arr[j] > arr[j+1]:
                arr[j], arr[j+1] = arr[j+1], arr[j]",1313,65.0,16,0.000861
959df8a9,busy_wait_anomaly,"import time
def poll_sensor(target_time, N):
    start = time.time()
    # ANOMALY: No sleep, pinning the CPU core to 100%
    while time.time() - start < (N / 100000):
        pass",1223,15.0,8,0.001106
142c673d,quick_sort,"def quick_sort(arr):
    if len(arr) <= 1:
        return arr
    pivot = arr[len(arr) // 2]
    left = [x for x in arr if x < pivot]
    middle = [x for x in arr if x == pivot]
    right = [x for x in arr if x > pivot]
    return quick_sort(left) + middle + quick_sort(right)",49982,125.0,8,3.366046
343418cb,matrix_mult_naive,"def matrix_multiply(A, B, N):
    C = [[0 for _ in range(N)] for _ in range(N)]
    for i in range(N):
        for j in range(N):
            for k in range(N):
                C[i][j] += A[i][k] * B[k][j]
    return C",100353,45.0,4,5765.790849
bf480f6b,matrix_mult_optimized,"import numpy as np
def matrix_multiply_opt(A, B):
    return np.dot(A, B)",99558,125.0,2,4750.507257
27a96835,busy_wait_anomaly,"import time
def poll_sensor(target_time, N):
    start = time.time()
    # ANOMALY: No sleep, pinning the CPU core to 100%
    while time.time() - start < (N / 100000):
        pass",10192,65.0,16,0.021258
fa8f4a80,bubble_sort,"def bubble_sort(arr):
    n = len(arr)
    for i in range(n):
        for j in range(0, n-i-1):
            if arr[j] > arr[j+1]:
                arr[j], arr[j+1] = arr[j+1], arr[j]",5358,15.0,4,0.013544
d5b17e8a,matrix_mult_optimized,"import numpy as np
def matrix_multiply_opt(A, B):
    return np.dot(A, B)",4795,125.0,4,0.482928
b2fa0111,matrix_mult_naive,"def matrix_multiply(A, B, N):
    C = [[0 for _ in range(N)] for _ in range(N)]
    for i in range(N):
        for j in range(N):
            for k in range(N):
                C[i][j] += A[i][k] * B[k][j]
    return C",1432,65.0,16,0.005764
a116003a,matrix_mult_optimized,"import numpy as np
def matrix_multiply_opt(A, B):
    return np.dot(A, B)",49580,15.0,8,21.830839
0e5c40da,matrix_mult_optimized,"import numpy as np
def matrix_multiply_opt(A, B):
    return np.dot(A, B)",1043,125.0,4,0.007194
9faa1d1b,busy_wait_anomaly,"import time
def poll_sensor(target_time, N):
    start = time.time()
    # ANOMALY: No sleep, pinning the CPU core to 100%
    while time.time() - start < (N / 100000):
        pass",9730,65.0,8,0.039924
a3e27b23,busy_wait_anomaly,"import time
def poll_sensor(target_time, N):
    start = time.time()
    # ANOMALY: No sleep, pinning the CPU core to 100%
    while time.time() - start < (N / 100000):
        pass",50064,125.0,2,1.490909
db98d36c,matrix_mult_optimized,"import numpy as np
def matrix_multiply_opt(A, B):
    return np.dot(A, B)",99902,15.0,4,287.425909
c0e30faa,quick_sort,"def quick_sort(arr):
    if len(arr) <= 1:
        return arr
    pivot = arr[len(arr) // 2]
    left = [x for x in arr if x < pivot]
    middle = [x for x in arr if x == pivot]
    right = [x for x in arr if x > pivot]
    return quick_sort(left) + middle + quick_sort(right)",10350,125.0,4,0.60759
0aa8a32f,matrix_mult_optimized,"import numpy as np
def matrix_multiply_opt(A, B):
    return np.dot(A, B)",776,125.0,16,0.000738
fceb7807,quick_sort,"def quick_sort(arr):
    if len(arr) <= 1:
        return arr
    pivot = arr[len(arr) // 2]
    left = [x for x in arr if x < pivot]
    middle = [x for x in arr if x == pivot]
    right = [x for x in arr if x > pivot]
    return quick_sort(left) + middle + quick_sort(right)",49972,45.0,8,1.155026
ffea8ae2,matrix_mult_naive,"def matrix_multiply(A, B, N):
    C = [[0 for _ in range(N)] for _ in range(N)]
    for i in range(N):
        for j in range(N):
            for k in range(N):
                C[i][j] += A[i][k] * B[k][j]
    return C",50191,15.0,4,232.098889
143806ed,quick_sort,"def quick_sort(arr):
    if len(arr) <= 1:
        return arr
    pivot = arr[len(arr) // 2]
    left = [x for x in arr if x < pivot]
    middle = [x for x in arr if x == pivot]
    right = [x for x in arr if x > pivot]
    return quick_sort(left) + middle + quick_sort(right)",625,45.0,8,0.001682
0be64e70,matrix_mult_optimized,"import numpy as np
def matrix_multiply_opt(A, B):
    return np.dot(A, B)",4561,45.0,4,0.154137
d2a71de4,quick_sort,"def quick_sort(arr):
    if len(arr) <= 1:
        return arr
    pivot = arr[len(arr) // 2]
    left = [x for x in arr if x < pivot]
    middle = [x for x in arr if x == pivot]
    right = [x for x in arr if x > pivot]
    return quick_sort(left) + middle + quick_sort(right)",1359,65.0,16,0.003772
b72aebc8,busy_wait_anomaly,"import time
def poll_sensor(target_time, N):
    start = time.time()
    # ANOMALY: No sleep, pinning the CPU core to 100%
    while time.time() - start < (N / 100000):
        pass",10206,65.0,2,0.169539
a72ac582,bubble_sort,"def bubble_sort(arr):
    n = len(arr)
    for i in range(n):
        for j in range(0, n-i-1):
            if arr[j] > arr[j+1]:
                arr[j], arr[j+1] = arr[j+1], arr[j]",687,125.0,4,0.001778
dfb5b1a4,bubble_sort,"def bubble_sort(arr):
    n = len(arr)
    for i in range(n):
        for j in range(0, n-i-1):
            if arr[j] > arr[j+1]:
                arr[j], arr[j+1] = arr[j+1], arr[j]",10391,15.0,16,0.012633
7974ca26,bubble_sort,"def bubble_sort(arr):
    n = len(arr)
    for i in range(n):
        for j in range(0, n-i-1):
            if arr[j] > arr[j+1]:
                arr[j], arr[j+1] = arr[j+1], arr[j]",4644,15.0,2,0.018547
cfe41e8a,matrix_mult_naive,"def matrix_multiply(A, B, N):
    C = [[0 for _ in range(N)] for _ in range(N)]
    for i in range(N):
        for j in range(N):
            for k in range(N):
                C[i][j] += A[i][k] * B[k][j]
    return C",871,45.0,8,0.001776
080c1b44,matrix_mult_naive,"def matrix_multiply(A, B, N):
    C = [[0 for _ in range(N)] for _ in range(N)]
    for i in range(N):
        for j in range(N):
            for k in range(N):
                C[i][j] += A[i][k] * B[k][j]
    return C",5400,15.0,8,0.144334
a6fa6306,matrix_mult_naive,"def matrix_multiply(A, B, N):
    C = [[0 for _ in range(N)] for _ in range(N)]
    for i in range(N):
        for j in range(N):
            for k in range(N):
                C[i][j] += A[i][k] * B[k][j]
    return C",50368,65.0,4,1076.26374
8a01a97b,matrix_mult_optimized,"import numpy as np
def matrix_multiply_opt(A, B):
    return np.dot(A, B)",49503,45.0,8,63.56059
b4afabe7,busy_wait_anomaly,"import time
def poll_sensor(target_time, N):
    start = time.time()
    # ANOMALY: No sleep, pinning the CPU core to 100%
    while time.time() - start < (N / 100000):
        pass",4796,125.0,16,0.019074
2cfd8538,busy_wait_anomaly,"import time
def poll_sensor(target_time, N):
    start = time.time()
    # ANOMALY: No sleep, pinning the CPU core to 100%
    while time.time() - start < (N / 100000):
        pass",4898,125.0,4,0.07412
be75ba07,matrix_mult_optimized,"import numpy as np
def matrix_multiply_opt(A, B):
    return np.dot(A, B)",100219,65.0,16,319.077422
159a5c33,quick_sort,"def quick_sort(arr):
    if len(arr) <= 1:
        return arr
    pivot = arr[len(arr) // 2]
    left = [x for x in arr if x < pivot]
    middle = [x for x in arr if x == pivot]
    right = [x for x in arr if x > pivot]
    return quick_sort(left) + middle + quick_sort(right)",9975,125.0,8,0.304585
9b4afd34,busy_wait_anomaly,"import time
def poll_sensor(target_time, N):
    start = time.time()
    # ANOMALY: No sleep, pinning the CPU core to 100%
    while time.time() - start < (N / 100000):
        pass",9746,45.0,4,0.052285
4d9fb5bb,quick_sort,"def quick_sort(arr):
    if len(arr) <= 1:
        return arr
    pivot = arr[len(arr) // 2]
    left = [x for x in arr if x < pivot]
    middle = [x for x in arr if x == pivot]
    right = [x for x in arr if x > pivot]
    return quick_sort(left) + middle + quick_sort(right)",100151,45.0,2,13.758309
994bf5e5,busy_wait_anomaly,"import time
def poll_sensor(target_time, N):
    start = time.time()
    # ANOMALY: No sleep, pinning the CPU core to 100%
    while time.time() - start < (N / 100000):
        pass",5383,45.0,16,0.007494
3a89899d,quick_sort,"def quick_sort(arr):
    if len(arr) <= 1:
        return arr
    pivot = arr[len(arr) // 2]
    left = [x for x in arr if x < pivot]
    middle = [x for x in arr if x == pivot]
    right = [x for x in arr if x > pivot]
    return quick_sort(left) + middle + quick_sort(right)",1213,125.0,8,0.012252
392030d4,matrix_mult_naive,"def matrix_multiply(A, B, N):
    C = [[0 for _ in range(N)] for _ in range(N)]
    for i in range(N):
        for j in range(N):
            for k in range(N):
                C[i][j] += A[i][k] * B[k][j]
    return C",4910,125.0,2,3.810911
3460e28c,bubble_sort,"def bubble_sort(arr):
    n = len(arr)
    for i in range(n):
        for j in range(0, n-i-1):
            if arr[j] > arr[j+1]:
                arr[j], arr[j+1] = arr[j+1], arr[j]",4778,45.0,2,0.062226
cf41ea0c,bubble_sort,"def bubble_sort(arr):
    n = len(arr)
    for i in range(n):
        for j in range(0, n-i-1):
            if arr[j] > arr[j+1]:
                arr[j], arr[j+1] = arr[j+1], arr[j]",99723,45.0,16,3.393749
ecce34d4,quick_sort,"def quick_sort(arr):
    if len(arr) <= 1:
        return arr
    pivot = arr[len(arr) // 2]
    left = [x for x in arr if x < pivot]
    middle = [x for x in arr if x == pivot]
    right = [x for x in arr if x > pivot]
    return quick_sort(left) + middle + quick_sort(right)",9566,65.0,16,0.069531
7dcce33b,matrix_mult_naive,"def matrix_multiply(A, B, N):
    C = [[0 for _ in range(N)] for _ in range(N)]
    for i in range(N):
        for j in range(N):
            for k in range(N):
                C[i][j] += A[i][k] * B[k][j]
    return C",100358,15.0,2,3841.959424
bfbd2002,bubble_sort,"def bubble_sort(arr):
    n = len(arr)
    for i in range(n):
        for j in range(0, n-i-1):
            if arr[j] > arr[j+1]:
                arr[j], arr[j+1] = arr[j+1], arr[j]",588,15.0,4,0.00016
6724727d,busy_wait_anomaly,"import time
def poll_sensor(target_time, N):
    start = time.time()
    # ANOMALY: No sleep, pinning the CPU core to 100%
    while time.time() - start < (N / 100000):
        pass",99818,125.0,16,0.373624
c4417060,matrix_mult_optimized,"import numpy as np
def matrix_multiply_opt(A, B):
    return np.dot(A, B)",100093,65.0,4,1239.900976
d395fa8f,quick_sort,"def quick_sort(arr):
    if len(arr) <= 1:
        return arr
    pivot = arr[len(arr) // 2]
    left = [x for x in arr if x < pivot]
    middle = [x for x in arr if x == pivot]
    right = [x for x in arr if x > pivot]
    return quick_sort(left) + middle + quick_sort(right)",10288,15.0,16,0.017707
cbc3b3e5,busy_wait_anomaly,"import time
def poll_sensor(target_time, N):
    start = time.time()
    # ANOMALY: No sleep, pinning the CPU core to 100%
    while time.time() - start < (N / 100000):
        pass",5235,65.0,4,0.041746
969ec040,quick_sort,"def quick_sort(arr):
    if len(arr) <= 1:
        return arr
    pivot = arr[len(arr) // 2]
    left = [x for x in arr if x < pivot]
    middle = [x for x in arr if x == pivot]
    right = [x for x in arr if x > pivot]
    return quick_sort(left) + middle + quick_sort(right)",100060,45.0,8,3.345816
c729398d,quick_sort,"def quick_sort(arr):
    if len(arr) <= 1:
        return arr
    pivot = arr[len(arr) // 2]
    left = [x for x in arr if x < pivot]
    middle = [x for x in arr if x == pivot]
    right = [x for x in arr if x > pivot]
    return quick_sort(left) + middle + quick_sort(right)",100023,65.0,8,4.658353
9dbff128,busy_wait_anomaly,"import time
def poll_sensor(target_time, N):
    start = time.time()
    # ANOMALY: No sleep, pinning the CPU core to 100%
    while time.time() - start < (N / 100000):
        pass",50210,45.0,2,0.550276
45366a2c,bubble_sort,"def bubble_sort(arr):
    n = len(arr)
    for i in range(n):
        for j in range(0, n-i-1):
            if arr[j] > arr[j+1]:
                arr[j], arr[j+1] = arr[j+1], arr[j]",10173,45.0,16,0.036094
b59b3dee,busy_wait_anomaly,"import time
def poll_sensor(target_time, N):
    start = time.time()
    # ANOMALY: No sleep, pinning the CPU core to 100%
    while time.time() - start < (N / 100000):
        pass",5408,15.0,2,0.019376
d4a5eceb,matrix_mult_naive,"def matrix_multiply(A, B, N):
    C = [[0 for _ in range(N)] for _ in range(N)]
    for i in range(N):
        for j in range(N):
            for k in range(N):
                C[i][j] += A[i][k] * B[k][j]
    return C",9884,15.0,2,3.66205
0796250e,quick_sort,"def quick_sort(arr):
    if len(arr) <= 1:
        return arr
    pivot = arr[len(arr) // 2]
    left = [x for x in arr if x < pivot]
    middle = [x for x in arr if x == pivot]
    right = [x for x in arr if x > pivot]
    return quick_sort(left) + middle + quick_sort(right)",9933,65.0,2,0.602928
5e9e906d,matrix_mult_naive,"def matrix_multiply(A, B, N):
    C = [[0 for _ in range(N)] for _ in range(N)]
    for i in range(N):
        for j in range(N):
            for k in range(N):
                C[i][j] += A[i][k] * B[k][j]
    return C",99687,45.0,2,11338.825697
ee0c879a,quick_sort,"def quick_sort(arr):
    if len(arr) <= 1:
        return arr
    pivot = arr[len(arr) // 2]
    left = [x for x in arr if x < pivot]
    middle = [x for x in arr if x == pivot]
    right = [x for x in arr if x > pivot]
    return quick_sort(left) + middle + quick_sort(right)",510,15.0,8,0.0004
97790400,bubble_sort,"def bubble_sort(arr):
    n = len(arr)
    for i in range(n):
        for j in range(0, n-i-1):
            if arr[j] > arr[j+1]:
                arr[j], arr[j+1] = arr[j+1], arr[j]",720,125.0,16,0.000499
2ed283fc,quick_sort,"def quick_sort(arr):
    if len(arr) <= 1:
        return arr
    pivot = arr[len(arr) // 2]
    left = [x for x in arr if x < pivot]
    middle = [x for x in arr if x == pivot]
    right = [x for x in arr if x > pivot]
    return quick_sort(left) + middle + quick_sort(right)",5069,125.0,4,0.203834
5fd24519,bubble_sort,"def bubble_sort(arr):
    n = len(arr)
    for i in range(n):
        for j in range(0, n-i-1):
            if arr[j] > arr[j+1]:
                arr[j], arr[j+1] = arr[j+1], arr[j]",5090,65.0,4,0.050998
940901f9,matrix_mult_optimized,"import numpy as np
def matrix_multiply_opt(A, B):
    return np.dot(A, B)",49616,45.0,4,131.168706
2ce54f2f,matrix_mult_naive,"def matrix_multiply(A, B, N):
    C = [[0 for _ in range(N)] for _ in range(N)]
    for i in range(N):
        for j in range(N):
            for k in range(N):
                C[i][j] += A[i][k] * B[k][j]
    return C",50466,15.0,4,240.350435
35493169,quick_sort,"def quick_sort(arr):
    if len(arr) <= 1:
        return arr
    pivot = arr[len(arr) // 2]
    left = [x for x in arr if x < pivot]
    middle = [x for x in arr if x == pivot]
    right = [x for x in arr if x > pivot]
    return quick_sort(left) + middle + quick_sort(right)",50057,15.0,8,0.38434
705c1782,bubble_sort,"def bubble_sort(arr):
    n = len(arr)
    for i in range(n):
        for j in range(0, n-i-1):
            if arr[j] > arr[j+1]:
                arr[j], arr[j+1] = arr[j+1], arr[j]",4516,125.0,4,0.073716
6ace4b88,matrix_mult_naive,"def matrix_multiply(A, B, N):
    C = [[0 for _ in range(N)] for _ in range(N)]
    for i in range(N):
        for j in range(N):
            for k in range(N):
                C[i][j] += A[i][k] * B[k][j]
    return C",1432,45.0,16,0.004273
b0a1eaf3,quick_sort,"def quick_sort(arr):
    if len(arr) <= 1:
        return arr
    pivot = arr[len(arr) // 2]
    left = [x for x in arr if x < pivot]
    middle = [x for x in arr if x == pivot]
    right = [x for x in arr if x > pivot]
    return quick_sort(left) + middle + quick_sort(right)",50186,125.0,8,3.420493
7405ee15,matrix_mult_optimized,"import numpy as np
def matrix_multiply_opt(A, B):
    return np.dot(A, B)",49619,65.0,2,374.162503
4cee6c2c,busy_wait_anomaly,"import time
def poll_sensor(target_time, N):
    start = time.time()
    # ANOMALY: No sleep, pinning the CPU core to 100%
    while time.time() - start < (N / 100000):
        pass",1259,65.0,4,0.009887
d18068e0,busy_wait_anomaly,"import time
def poll_sensor(target_time, N):
    start = time.time()
    # ANOMALY: No sleep, pinning the CPU core to 100%
    while time.time() - start < (N / 100000):
        pass",100251,65.0,4,0.779533
f927ff54,matrix_mult_naive,"def matrix_multiply(A, B, N):
    C = [[0 for _ in range(N)] for _ in range(N)]
    for i in range(N):
        for j in range(N):
            for k in range(N):
                C[i][j] += A[i][k] * B[k][j]
    return C",892,65.0,8,0.002861
c1f5172f,matrix_mult_naive,"def matrix_multiply(A, B, N):
    C = [[0 for _ in range(N)] for _ in range(N)]
    for i in range(N):
        for j in range(N):
            for k in range(N):
                C[i][j] += A[i][k] * B[k][j]
    return C",5090,125.0,8,1.016937
017b68be,busy_wait_anomaly,"import time
def poll_sensor(target_time, N):
    start = time.time()
    # ANOMALY: No sleep, pinning the CPU core to 100%
    while time.time() - start < (N / 100000):
        pass",50259,65.0,16,0.09985
106eb944,bubble_sort,"def bubble_sort(arr):
    n = len(arr)
    for i in range(n):
        for j in range(0, n-i-1):
            if arr[j] > arr[j+1]:
                arr[j], arr[j+1] = arr[j+1], arr[j]",9817,125.0,8,0.172019
f49391d8,busy_wait_anomaly,"import time
def poll_sensor(target_time, N):
    start = time.time()
    # ANOMALY: No sleep, pinning the CPU core to 100%
    while time.time() - start < (N / 100000):
        pass",4663,15.0,2,0.017158
04be9015,quick_sort,"def quick_sort(arr):
    if len(arr) <= 1:
        return arr
    pivot = arr[len(arr) // 2]
    left = [x for x in arr if x < pivot]
    middle = [x for x in arr if x == pivot]
    right = [x for x in arr if x > pivot]
    return quick_sort(left) + middle + quick_sort(right)",9911,65.0,8,0.14479
06f0f323,bubble_sort,"def bubble_sort(arr):
    n = len(arr)
    for i in range(n):
        for j in range(0, n-i-1):
            if arr[j] > arr[j+1]:
                arr[j], arr[j+1] = arr[j+1], arr[j]",100214,125.0,4,39.063555
addc32e9,bubble_sort,"def bubble_sort(arr):
    n = len(arr)
    for i in range(n):
        for j in range(0, n-i-1):
            if arr[j] > arr[j+1]:
                arr[j], arr[j+1] = arr[j+1], arr[j]",5086,45.0,2,0.067936
b8284d1f,busy_wait_anomaly,"import time
def poll_sensor(target_time, N):
    start = time.time()
    # ANOMALY: No sleep, pinning the CPU core to 100%
    while time.time() - start < (N / 100000):
        pass",10225,125.0,2,0.308862
b8584e46,quick_sort,"def quick_sort(arr):
    if len(arr) <= 1:
        return arr
    pivot = arr[len(arr) // 2]
    left = [x for x in arr if x < pivot]
    middle = [x for x in arr if x == pivot]
    right = [x for x in arr if x > pivot]
    return quick_sort(left) + middle + quick_sort(right)",99598,15.0,2,4.544585
1d441484,quick_sort,"def quick_sort(arr):
    if len(arr) <= 1:
        return arr
    pivot = arr[len(arr) // 2]
    left = [x for x in arr if x < pivot]
    middle = [x for x in arr if x == pivot]
    right = [x for x in arr if x > pivot]
    return quick_sort(left) + middle + quick_sort(right)",4737,65.0,4,0.095999
08dad6d6,matrix_mult_optimized,"import numpy as np
def matrix_multiply_opt(A, B):
    return np.dot(A, B)",9774,125.0,16,0.951809
571df536,busy_wait_anomaly,"import time
def poll_sensor(target_time, N):
    start = time.time()
    # ANOMALY: No sleep, pinning the CPU core to 100%
    while time.time() - start < (N / 100000):
        pass",4788,15.0,8,0.004311
7bd74afa,matrix_mult_naive,"def matrix_multiply(A, B, N):
    C = [[0 for _ in range(N)] for _ in range(N)]
    for i in range(N):
        for j in range(N):
            for k in range(N):
                C[i][j] += A[i][k] * B[k][j]
    return C",5297,65.0,8,0.628886
5c2b715c,busy_wait_anomaly,"import time
def poll_sensor(target_time, N):
    start = time.time()
    # ANOMALY: No sleep, pinning the CPU core to 100%
    while time.time() - start < (N / 100000):
        pass",99648,65.0,4,0.821549
b2f428a0,matrix_mult_naive,"def matrix_multiply(A, B, N):
    C = [[0 for _ in range(N)] for _ in range(N)]
    for i in range(N):
        for j in range(N):
            for k in range(N):
                C[i][j] += A[i][k] * B[k][j]
    return C",50392,65.0,16,266.295486
a1ff82e0,bubble_sort,"def bubble_sort(arr):
    n = len(arr)
    for i in range(n):
        for j in range(0, n-i-1):
            if arr[j] > arr[j+1]:
                arr[j], arr[j+1] = arr[j+1], arr[j]",1477,45.0,8,0.001532
aafde284,matrix_mult_naive,"def matrix_multiply(A, B, N):
    C = [[0 for _ in range(N)] for _ in range(N)]
    for i in range(N):
        for j in range(N):
            for k in range(N):
                C[i][j] += A[i][k] * B[k][j]
    return C",745,65.0,4,0.003436
d38a7000,matrix_mult_naive,"def matrix_multiply(A, B, N):
    C = [[0 for _ in range(N)] for _ in range(N)]
    for i in range(N):
        for j in range(N):
            for k in range(N):
                C[i][j] += A[i][k] * B[k][j]
    return C",1340,45.0,2,0.028355
54fbf9f6,quick_sort,"def quick_sort(arr):
    if len(arr) <= 1:
        return arr
    pivot = arr[len(arr) // 2]
    left = [x for x in arr if x < pivot]
    middle = [x for x in arr if x == pivot]
    right = [x for x in arr if x > pivot]
    return quick_sort(left) + middle + quick_sort(right)",1040,45.0,2,0.014463
85919e5a,matrix_mult_naive,"def matrix_multiply(A, B, N):
    C = [[0 for _ in range(N)] for _ in range(N)]
    for i in range(N):
        for j in range(N):
            for k in range(N):
                C[i][j] += A[i][k] * B[k][j]
    return C",10020,45.0,8,2.700703
3f3b7c14,quick_sort,"def quick_sort(arr):
    if len(arr) <= 1:
        return arr
    pivot = arr[len(arr) // 2]
    left = [x for x in arr if x < pivot]
    middle = [x for x in arr if x == pivot]
    right = [x for x in arr if x > pivot]
    return quick_sort(left) + middle + quick_sort(right)",5279,15.0,4,0.026435
eca77874,bubble_sort,"def bubble_sort(arr):
    n = len(arr)
    for i in range(n):
        for j in range(0, n-i-1):
            if arr[j] > arr[j+1]:
                arr[j], arr[j+1] = arr[j+1], arr[j]",4930,45.0,2,0.068027
66840173,quick_sort,"def quick_sort(arr):
    if len(arr) <= 1:
        return arr
    pivot = arr[len(arr) // 2]
    left = [x for x in arr if x < pivot]
    middle = [x for x in arr if x == pivot]
    right = [x for x in arr if x > pivot]
    return quick_sort(left) + middle + quick_sort(right)",50268,15.0,4,0.772639
392bbfc1,matrix_mult_naive,"def matrix_multiply(A, B, N):
    C = [[0 for _ in range(N)] for _ in range(N)]
    for i in range(N):
        for j in range(N):
            for k in range(N):
                C[i][j] += A[i][k] * B[k][j]
    return C",879,15.0,8,0.000649
e2a9cbd3,busy_wait_anomaly,"import time
def poll_sensor(target_time, N):
    start = time.time()
    # ANOMALY: No sleep, pinning the CPU core to 100%
    while time.time() - start < (N / 100000):
        pass",5138,65.0,4,0.041069
a6cecb0a,busy_wait_anomaly,"import time
def poll_sensor(target_time, N):
    start = time.time()
    # ANOMALY: No sleep, pinning the CPU core to 100%
    while time.time() - start < (N / 100000):
        pass",9902,125.0,16,0.038773
111840f9,busy_wait_anomaly,"import time
def poll_sensor(target_time, N):
    start = time.time()
    # ANOMALY: No sleep, pinning the CPU core to 100%
    while time.time() - start < (N / 100000):
        pass",99858,65.0,16,0.210766
716acfe8,matrix_mult_optimized,"import numpy as np
def matrix_multiply_opt(A, B):
    return np.dot(A, B)",949,125.0,16,0.001311
80c70a62,matrix_mult_naive,"def matrix_multiply(A, B, N):
    C = [[0 for _ in range(N)] for _ in range(N)]
    for i in range(N):
        for j in range(N):
            for k in range(N):
                C[i][j] += A[i][k] * B[k][j]
    return C",50205,65.0,2,2007.584188
4c241d94,matrix_mult_naive,"def matrix_multiply(A, B, N):
    C = [[0 for _ in range(N)] for _ in range(N)]
    for i in range(N):
        for j in range(N):
            for k in range(N):
                C[i][j] += A[i][k] * B[k][j]
    return C",986,15.0,8,0.000873
4111be66,matrix_mult_naive,"def matrix_multiply(A, B, N):
    C = [[0 for _ in range(N)] for _ in range(N)]
    for i in range(N):
        for j in range(N):
            for k in range(N):
                C[i][j] += A[i][k] * B[k][j]
    return C",99651,15.0,4,1876.087732
2f4cc8f3,matrix_mult_naive,"def matrix_multiply(A, B, N):
    C = [[0 for _ in range(N)] for _ in range(N)]
    for i in range(N):
        for j in range(N):
            for k in range(N):
                C[i][j] += A[i][k] * B[k][j]
    return C",99831,65.0,4,7698.252852
87169f8c,matrix_mult_naive,"def matrix_multiply(A, B, N):
    C = [[0 for _ in range(N)] for _ in range(N)]
    for i in range(N):
        for j in range(N):
            for k in range(N):
                C[i][j] += A[i][k] * B[k][j]
    return C",681,15.0,16,0.000152
26e044f4,quick_sort,"def quick_sort(arr):
    if len(arr) <= 1:
        return arr
    pivot = arr[len(arr) // 2]
    left = [x for x in arr if x < pivot]
    middle = [x for x in arr if x == pivot]
    right = [x for x in arr if x > pivot]
    return quick_sort(left) + middle + quick_sort(right)",9958,125.0,8,0.28048
11960512,bubble_sort,"def bubble_sort(arr):
    n = len(arr)
    for i in range(n):
        for j in range(0, n-i-1):
            if arr[j] > arr[j+1]:
                arr[j], arr[j+1] = arr[j+1], arr[j]",49691,65.0,4,4.584229
b4c68385,quick_sort,"def quick_sort(arr):
    if len(arr) <= 1:
        return arr
    pivot = arr[len(arr) // 2]
    left = [x for x in arr if x < pivot]
    middle = [x for x in arr if x == pivot]
    right = [x for x in arr if x > pivot]
    return quick_sort(left) + middle + quick_sort(right)",9896,15.0,8,0.033924
d30620ab,matrix_mult_optimized,"import numpy as np
def matrix_multiply_opt(A, B):
    return np.dot(A, B)",4534,45.0,16,0.038127
e9f6e726,matrix_mult_naive,"def matrix_multiply(A, B, N):
    C = [[0 for _ in range(N)] for _ in range(N)]
    for i in range(N):
        for j in range(N):
            for k in range(N):
                C[i][j] += A[i][k] * B[k][j]
    return C",4562,45.0,2,1.038141
419d96f3,bubble_sort,"def bubble_sort(arr):
    n = len(arr)
    for i in range(n):
        for j in range(0, n-i-1):
            if arr[j] > arr[j+1]:
                arr[j], arr[j+1] = arr[j+1], arr[j]",10287,45.0,16,0.037243
d07f9452,matrix_mult_naive,"def matrix_multiply(A, B, N):
    C = [[0 for _ in range(N)] for _ in range(N)]
    for i in range(N):
        for j in range(N):
            for k in range(N):
                C[i][j] += A[i][k] * B[k][j]
    return C",9729,65.0,16,1.794114
44880b2d,busy_wait_anomaly,"import time
def poll_sensor(target_time, N):
    start = time.time()
    # ANOMALY: No sleep, pinning the CPU core to 100%
    while time.time() - start < (N / 100000):
        pass",99803,65.0,4,0.845315
2cde8ecf,quick_sort,"def quick_sort(arr):
    if len(arr) <= 1:
        return arr
    pivot = arr[len(arr) // 2]
    left = [x for x in arr if x < pivot]
    middle = [x for x in arr if x == pivot]
    right = [x for x in arr if x > pivot]
    return quick_sort(left) + middle + quick_sort(right)",99985,65.0,16,2.556937
5781ff4d,busy_wait_anomaly,"import time
def poll_sensor(target_time, N):
    start = time.time()
    # ANOMALY: No sleep, pinning the CPU core to 100%
    while time.time() - start < (N / 100000):
        pass",1122,65.0,16,0.002309
b98ba09c,quick_sort,"def quick_sort(arr):
    if len(arr) <= 1:
        return arr
    pivot = arr[len(arr) // 2]
    left = [x for x in arr if x < pivot]
    middle = [x for x in arr if x == pivot]
    right = [x for x in arr if x > pivot]
    return quick_sort(left) + middle + quick_sort(right)",5109,65.0,16,0.028069
be98bad3,busy_wait_anomaly,"import time
def poll_sensor(target_time, N):
    start = time.time()
    # ANOMALY: No sleep, pinning the CPU core to 100%
    while time.time() - start < (N / 100000):
        pass",99609,45.0,4,0.537609
46bd6390,busy_wait_anomaly,"import time
def poll_sensor(target_time, N):
    start = time.time()
    # ANOMALY: No sleep, pinning the CPU core to 100%
    while time.time() - start < (N / 100000):
        pass",1260,125.0,4,0.018828
0da47650,bubble_sort,"def bubble_sort(arr):
    n = len(arr)
    for i in range(n):
        for j in range(0, n-i-1):
            if arr[j] > arr[j+1]:
                arr[j], arr[j+1] = arr[j+1], arr[j]",5100,125.0,8,0.046385
59fdc76b,matrix_mult_naive,"def matrix_multiply(A, B, N):
    C = [[0 for _ in range(N)] for _ in range(N)]
    for i in range(N):
        for j in range(N):
            for k in range(N):
                C[i][j] += A[i][k] * B[k][j]
    return C",4893,65.0,4,0.990308
cd296aed,matrix_mult_optimized,"import numpy as np
def matrix_multiply_opt(A, B):
    return np.dot(A, B)",504,45.0,4,0.000322
cbd14399,bubble_sort,"def bubble_sort(arr):
    n = len(arr)
    for i in range(n):
        for j in range(0, n-i-1):
            if arr[j] > arr[j+1]:
                arr[j], arr[j+1] = arr[j+1], arr[j]",9566,125.0,16,0.08718
ddb64b3d,matrix_mult_naive,"def matrix_multiply(A, B, N):
    C = [[0 for _ in range(N)] for _ in range(N)]
    for i in range(N):
        for j in range(N):
            for k in range(N):
                C[i][j] += A[i][k] * B[k][j]
    return C",49766,65.0,4,1017.936276
72433f5a,quick_sort,"def quick_sort(arr):
    if len(arr) <= 1:
        return arr
    pivot = arr[len(arr) // 2]
    left = [x for x in arr if x < pivot]
    middle = [x for x in arr if x == pivot]
    right = [x for x in arr if x > pivot]
    return quick_sort(left) + middle + quick_sort(right)",49833,15.0,2,1.612077
1dde263b,busy_wait_anomaly,"import time
def poll_sensor(target_time, N):
    start = time.time()
    # ANOMALY: No sleep, pinning the CPU core to 100%
    while time.time() - start < (N / 100000):
        pass",9782,45.0,2,0.112258
956ea6fc,busy_wait_anomaly,"import time
def poll_sensor(target_time, N):
    start = time.time()
    # ANOMALY: No sleep, pinning the CPU core to 100%
    while time.time() - start < (N / 100000):
        pass",99590,65.0,8,0.410522
f2d3683c,bubble_sort,"def bubble_sort(arr):
    n = len(arr)
    for i in range(n):
        for j in range(0, n-i-1):
            if arr[j] > arr[j+1]:
                arr[j], arr[j+1] = arr[j+1], arr[j]",99800,45.0,4,13.684047
bf8346d5,quick_sort,"def quick_sort(arr):
    if len(arr) <= 1:
        return arr
    pivot = arr[len(arr) // 2]
    left = [x for x in arr if x < pivot]
    middle = [x for x in arr if x == pivot]
    right = [x for x in arr if x > pivot]
    return quick_sort(left) + middle + quick_sort(right)",10354,125.0,2,1.269981
6a1ac6fe,bubble_sort,"def bubble_sort(arr):
    n = len(arr)
    for i in range(n):
        for j in range(0, n-i-1):
            if arr[j] > arr[j+1]:
                arr[j], arr[j+1] = arr[j+1], arr[j]",857,65.0,2,0.002835
51a58558,quick_sort,"def quick_sort(arr):
    if len(arr) <= 1:
        return arr
    pivot = arr[len(arr) // 2]
    left = [x for x in arr if x < pivot]
    middle = [x for x in arr if x == pivot]
    right = [x for x in arr if x > pivot]
    return quick_sort(left) + middle + quick_sort(right)",49712,125.0,16,1.723047
23544556,quick_sort,"def quick_sort(arr):
    if len(arr) <= 1:
        return arr
    pivot = arr[len(arr) // 2]
    left = [x for x in arr if x < pivot]
    middle = [x for x in arr if x == pivot]
    right = [x for x in arr if x > pivot]
    return quick_sort(left) + middle + quick_sort(right)",518,15.0,16,0.000205
816b01f9,matrix_mult_optimized,"import numpy as np
def matrix_multiply_opt(A, B):
    return np.dot(A, B)",50315,125.0,16,86.9873
490cb509,matrix_mult_naive,"def matrix_multiply(A, B, N):
    C = [[0 for _ in range(N)] for _ in range(N)]
    for i in range(N):
        for j in range(N):
            for k in range(N):
                C[i][j] += A[i][k] * B[k][j]
    return C",100018,125.0,8,8008.258587
b0aad1a7,quick_sort,"def quick_sort(arr):
    if len(arr) <= 1:
        return arr
    pivot = arr[len(arr) // 2]
    left = [x for x in arr if x < pivot]
    middle = [x for x in arr if x == pivot]
    right = [x for x in arr if x > pivot]
    return quick_sort(left) + middle + quick_sort(right)",541,65.0,16,0.000997
1edef65b,matrix_mult_optimized,"import numpy as np
def matrix_multiply_opt(A, B):
    return np.dot(A, B)",100300,15.0,16,77.450949
62abd294,quick_sort,"def quick_sort(arr):
    if len(arr) <= 1:
        return arr
    pivot = arr[len(arr) // 2]
    left = [x for x in arr if x < pivot]
    middle = [x for x in arr if x == pivot]
    right = [x for x in arr if x > pivot]
    return quick_sort(left) + middle + quick_sort(right)",9688,65.0,4,0.290383
0decb6b4,busy_wait_anomaly,"import time
def poll_sensor(target_time, N):
    start = time.time()
    # ANOMALY: No sleep, pinning the CPU core to 100%
    while time.time() - start < (N / 100000):
        pass",5229,15.0,4,0.00948
0d5a1c40,bubble_sort,"def bubble_sort(arr):
    n = len(arr)
    for i in range(n):
        for j in range(0, n-i-1):
            if arr[j] > arr[j+1]:
                arr[j], arr[j+1] = arr[j+1], arr[j]",49924,125.0,8,4.60121
74288bdc,busy_wait_anomaly,"import time
def poll_sensor(target_time, N):
    start = time.time()
    # ANOMALY: No sleep, pinning the CPU core to 100%
    while time.time() - start < (N / 100000):
        pass",9928,65.0,16,0.019913
6f706cde,matrix_mult_optimized,"import numpy as np
def matrix_multiply_opt(A, B):
    return np.dot(A, B)",934,45.0,2,0.003812
4c78f94e,quick_sort,"def quick_sort(arr):
    if len(arr) <= 1:
        return arr
    pivot = arr[len(arr) // 2]
    left = [x for x in arr if x < pivot]
    middle = [x for x in arr if x == pivot]
    right = [x for x in arr if x > pivot]
    return quick_sort(left) + middle + quick_sort(right)",1417,125.0,16,0.008115
239aa510,busy_wait_anomaly,"import time
def poll_sensor(target_time, N):
    start = time.time()
    # ANOMALY: No sleep, pinning the CPU core to 100%
    while time.time() - start < (N / 100000):
        pass",1205,15.0,2,0.004363
34f6fce1,matrix_mult_naive,"def matrix_multiply(A, B, N):
    C = [[0 for _ in range(N)] for _ in range(N)]
    for i in range(N):
        for j in range(N):
            for k in range(N):
                C[i][j] += A[i][k] * B[k][j]
    return C",49874,125.0,2,3823.469615
9c3623fc,matrix_mult_naive,"def matrix_multiply(A, B, N):
    C = [[0 for _ in range(N)] for _ in range(N)]
    for i in range(N):
        for j in range(N):
            for k in range(N):
                C[i][j] += A[i][k] * B[k][j]
    return C",4570,45.0,16,0.133592
547414e3,matrix_mult_naive,"def matrix_multiply(A, B, N):
    C = [[0 for _ in range(N)] for _ in range(N)]
    for i in range(N):
        for j in range(N):
            for k in range(N):
                C[i][j] += A[i][k] * B[k][j]
    return C",650,45.0,4,0.001617
39556bd2,quick_sort,"def quick_sort(arr):
    if len(arr) <= 1:
        return arr
    pivot = arr[len(arr) // 2]
    left = [x for x in arr if x < pivot]
    middle = [x for x in arr if x == pivot]
    right = [x for x in arr if x > pivot]
    return quick_sort(left) + middle + quick_sort(right)",5113,15.0,16,0.006236
37a05da2,bubble_sort,"def bubble_sort(arr):
    n = len(arr)
    for i in range(n):
        for j in range(0, n-i-1):
            if arr[j] > arr[j+1]:
                arr[j], arr[j+1] = arr[j+1], arr[j]",49705,125.0,8,4.55596
32721401,bubble_sort,"def bubble_sort(arr):
    n = len(arr)
    for i in range(n):
        for j in range(0, n-i-1):
            if arr[j] > arr[j+1]:
                arr[j], arr[j+1] = arr[j+1], arr[j]",4837,125.0,16,0.02103
bdeafe66,bubble_sort,"def bubble_sort(arr):
    n = len(arr)
    for i in range(n):
        for j in range(0, n-i-1):
            if arr[j] > arr[j+1]:
                arr[j], arr[j+1] = arr[j+1], arr[j]",50138,45.0,16,0.808499
e96b85e3,matrix_mult_naive,"def matrix_multiply(A, B, N):
    C = [[0 for _ in range(N)] for _ in range(N)]
    for i in range(N):
        for j in range(N):
            for k in range(N):
                C[i][j] += A[i][k] * B[k][j]
    return C",952,125.0,2,0.027843
150e9345,matrix_mult_naive,"def matrix_multiply(A, B, N):
    C = [[0 for _ in range(N)] for _ in range(N)]
    for i in range(N):
        for j in range(N):
            for k in range(N):
                C[i][j] += A[i][k] * B[k][j]
    return C",9526,65.0,4,6.846491
b41b1b05,quick_sort,"def quick_sort(arr):
    if len(arr) <= 1:
        return arr
    pivot = arr[len(arr) // 2]
    left = [x for x in arr if x < pivot]
    middle = [x for x in arr if x == pivot]
    right = [x for x in arr if x > pivot]
    return quick_sort(left) + middle + quick_sort(right)",4929,15.0,2,0.050776
4cc04baa,matrix_mult_optimized,"import numpy as np
def matrix_multiply_opt(A, B):
    return np.dot(A, B)",50029,15.0,2,88.476723
8cd9c7c8,busy_wait_anomaly,"import time
def poll_sensor(target_time, N):
    start = time.time()
    # ANOMALY: No sleep, pinning the CPU core to 100%
    while time.time() - start < (N / 100000):
        pass",49973,65.0,8,0.200835
28c4cd37,matrix_mult_optimized,"import numpy as np
def matrix_multiply_opt(A, B):
    return np.dot(A, B)",10165,125.0,16,1.079028
a49bd8c5,matrix_mult_naive,"def matrix_multiply(A, B, N):
    C = [[0 for _ in range(N)] for _ in range(N)]
    for i in range(N):
        for j in range(N):
            for k in range(N):
                C[i][j] += A[i][k] * B[k][j]
    return C",5464,45.0,8,0.469121
e174bcd6,matrix_mult_optimized,"import numpy as np
def matrix_multiply_opt(A, B):
    return np.dot(A, B)",99838,45.0,2,1805.032024
dfc834e1,busy_wait_anomaly,"import time
def poll_sensor(target_time, N):
    start = time.time()
    # ANOMALY: No sleep, pinning the CPU core to 100%
    while time.time() - start < (N / 100000):
        pass",1211,45.0,2,0.014109
140c68bc,matrix_mult_naive,"def matrix_multiply(A, B, N):
    C = [[0 for _ in range(N)] for _ in range(N)]
    for i in range(N):
        for j in range(N):
            for k in range(N):
                C[i][j] += A[i][k] * B[k][j]
    return C",10310,45.0,2,11.738542
fbd169a3,matrix_mult_optimized,"import numpy as np
def matrix_multiply_opt(A, B):
    return np.dot(A, B)",99905,125.0,8,1209.791502
92251d65,bubble_sort,"def bubble_sort(arr):
    n = len(arr)
    for i in range(n):
        for j in range(0, n-i-1):
            if arr[j] > arr[j+1]:
                arr[j], arr[j+1] = arr[j+1], arr[j]",99930,125.0,2,74.137784
f9efab72,busy_wait_anomaly,"import time
def poll_sensor(target_time, N):
    start = time.time()
    # ANOMALY: No sleep, pinning the CPU core to 100%
    while time.time() - start < (N / 100000):
        pass",1325,125.0,8,0.010676
b0b6dff7,matrix_mult_naive,"def matrix_multiply(A, B, N):
    C = [[0 for _ in range(N)] for _ in range(N)]
    for i in range(N):
        for j in range(N):
            for k in range(N):
                C[i][j] += A[i][k] * B[k][j]
    return C",852,45.0,4,0.003648
5ad4ffea,busy_wait_anomaly,"import time
def poll_sensor(target_time, N):
    start = time.time()
    # ANOMALY: No sleep, pinning the CPU core to 100%
    while time.time() - start < (N / 100000):
        pass",99937,45.0,4,0.570184
cc34831f,matrix_mult_optimized,"import numpy as np
def matrix_multiply_opt(A, B):
    return np.dot(A, B)",49963,45.0,16,33.089552
81954522,matrix_mult_naive,"def matrix_multiply(A, B, N):
    C = [[0 for _ in range(N)] for _ in range(N)]
    for i in range(N):
        for j in range(N):
            for k in range(N):
                C[i][j] += A[i][k] * B[k][j]
    return C",981,15.0,2,0.003485
10db9ebf,quick_sort,"def quick_sort(arr):
    if len(arr) <= 1:
        return arr
    pivot = arr[len(arr) // 2]
    left = [x for x in arr if x < pivot]
    middle = [x for x in arr if x == pivot]
    right = [x for x in arr if x > pivot]
    return quick_sort(left) + middle + quick_sort(right)",882,45.0,8,0.002754
1bdc65b2,matrix_mult_optimized,"import numpy as np
def matrix_multiply_opt(A, B):
    return np.dot(A, B)",49905,125.0,8,174.125597
2dbd65f9,quick_sort,"def quick_sort(arr):
    if len(arr) <= 1:
        return arr
    pivot = arr[len(arr) // 2]
    left = [x for x in arr if x < pivot]
    middle = [x for x in arr if x == pivot]
    right = [x for x in arr if x > pivot]
    return quick_sort(left) + middle + quick_sort(right)",5427,125.0,4,0.234591
57935b4f,matrix_mult_optimized,"import numpy as np
def matrix_multiply_opt(A, B):
    return np.dot(A, B)",49518,65.0,2,376.734825
2ce27e26,busy_wait_anomaly,"import time
def poll_sensor(target_time, N):
    start = time.time()
    # ANOMALY: No sleep, pinning the CPU core to 100%
    while time.time() - start < (N / 100000):
        pass",613,125.0,4,0.009571
6a9d1ddb,matrix_mult_optimized,"import numpy as np
def matrix_multiply_opt(A, B):
    return np.dot(A, B)",100296,125.0,8,1243.923976
736806ac,busy_wait_anomaly,"import time
def poll_sensor(target_time, N):
    start = time.time()
    # ANOMALY: No sleep, pinning the CPU core to 100%
    while time.time() - start < (N / 100000):
        pass",4879,45.0,16,0.006709
9472aafc,quick_sort,"def quick_sort(arr):
    if len(arr) <= 1:
        return arr
    pivot = arr[len(arr) // 2]
    left = [x for x in arr if x < pivot]
    middle = [x for x in arr if x == pivot]
    right = [x for x in arr if x > pivot]
    return quick_sort(left) + middle + quick_sort(right)",10382,65.0,16,0.080106
1bc14d18,matrix_mult_optimized,"import numpy as np
def matrix_multiply_opt(A, B):
    return np.dot(A, B)",9563,125.0,16,0.862808
e14ffbee,matrix_mult_naive,"def matrix_multiply(A, B, N):
    C = [[0 for _ in range(N)] for _ in range(N)]
    for i in range(N):
        for j in range(N):
            for k in range(N):
                C[i][j] += A[i][k] * B[k][j]
    return C",10108,15.0,4,1.897178
b4a3e502,matrix_mult_optimized,"import numpy as np
def matrix_multiply_opt(A, B):
    return np.dot(A, B)",100198,125.0,2,4754.673853
c5278aab,quick_sort,"def quick_sort(arr):
    if len(arr) <= 1:
        return arr
    pivot = arr[len(arr) // 2]
    left = [x for x in arr if x < pivot]
    middle = [x for x in arr if x == pivot]
    right = [x for x in arr if x > pivot]
    return quick_sort(left) + middle + quick_sort(right)",100185,45.0,16,1.612886
d44cf5e6,matrix_mult_naive,"def matrix_multiply(A, B, N):
    C = [[0 for _ in range(N)] for _ in range(N)]
    for i in range(N):
        for j in range(N):
            for k in range(N):
                C[i][j] += A[i][k] * B[k][j]
    return C",50358,15.0,16,61.618739
1a927bc1,busy_wait_anomaly,"import time
def poll_sensor(target_time, N):
    start = time.time()
    # ANOMALY: No sleep, pinning the CPU core to 100%
    while time.time() - start < (N / 100000):
        pass",1076,45.0,8,0.002984
34356902,matrix_mult_optimized,"import numpy as np
def matrix_multiply_opt(A, B):
    return np.dot(A, B)",5323,45.0,16,0.063314
4732dd29,matrix_mult_optimized,"import numpy as np
def matrix_multiply_opt(A, B):
    return np.dot(A, B)",49857,15.0,8,21.644756
301f8fc7,busy_wait_anomaly,"import time
def poll_sensor(target_time, N):
    start = time.time()
    # ANOMALY: No sleep, pinning the CPU core to 100%
    while time.time() - start < (N / 100000):
        pass",9530,65.0,4,0.077648
d2bf5ac1,matrix_mult_optimized,"import numpy as np
def matrix_multiply_opt(A, B):
    return np.dot(A, B)",5018,15.0,4,0.066994
60487981,matrix_mult_optimized,"import numpy as np
def matrix_multiply_opt(A, B):
    return np.dot(A, B)",49588,45.0,2,240.001639
e95ee0e7,matrix_mult_naive,"def matrix_multiply(A, B, N):
    C = [[0 for _ in range(N)] for _ in range(N)]
    for i in range(N):
        for j in range(N):
            for k in range(N):
                C[i][j] += A[i][k] * B[k][j]
    return C",9669,125.0,2,27.354352
f63e201c,matrix_mult_optimized,"import numpy as np
def matrix_multiply_opt(A, B):
    return np.dot(A, B)",1417,65.0,4,0.008779
c3309f34,quick_sort,"def quick_sort(arr):
    if len(arr) <= 1:
        return arr
    pivot = arr[len(arr) // 2]
    left = [x for x in arr if x < pivot]
    middle = [x for x in arr if x == pivot]
    right = [x for x in arr if x > pivot]
    return quick_sort(left) + middle + quick_sort(right)",10418,15.0,2,0.154633
6cf2b92e,matrix_mult_optimized,"import numpy as np
def matrix_multiply_opt(A, B):
    return np.dot(A, B)",641,15.0,4,0.00021
ebda03ab,bubble_sort,"def bubble_sort(arr):
    n = len(arr)
    for i in range(n):
        for j in range(0, n-i-1):
            if arr[j] > arr[j+1]:
                arr[j], arr[j+1] = arr[j+1], arr[j]",1324,125.0,8,0.003197
6c24ff07,quick_sort,"def quick_sort(arr):
    if len(arr) <= 1:
        return arr
    pivot = arr[len(arr) // 2]
    left = [x for x in arr if x < pivot]
    middle = [x for x in arr if x == pivot]
    right = [x for x in arr if x > pivot]
    return quick_sort(left) + middle + quick_sort(right)",100459,45.0,16,1.745771
6f924594,matrix_mult_optimized,"import numpy as np
def matrix_multiply_opt(A, B):
    return np.dot(A, B)",50334,15.0,8,21.908085
21fcf4a6,quick_sort,"def quick_sort(arr):
    if len(arr) <= 1:
        return arr
    pivot = arr[len(arr) // 2]
    left = [x for x in arr if x < pivot]
    middle = [x for x in arr if x == pivot]
    right = [x for x in arr if x > pivot]
    return quick_sort(left) + middle + quick_sort(right)",5040,45.0,4,0.080047
8650f86d,quick_sort,"def quick_sort(arr):
    if len(arr) <= 1:
        return arr
    pivot = arr[len(arr) // 2]
    left = [x for x in arr if x < pivot]
    middle = [x for x in arr if x == pivot]
    right = [x for x in arr if x > pivot]
    return quick_sort(left) + middle + quick_sort(right)",100334,125.0,16,4.818315
4a9e2966,matrix_mult_naive,"def matrix_multiply(A, B, N):
    C = [[0 for _ in range(N)] for _ in range(N)]
    for i in range(N):
        for j in range(N):
            for k in range(N):
                C[i][j] += A[i][k] * B[k][j]
    return C",1087,45.0,4,0.007093
a09ce6da,bubble_sort,"def bubble_sort(arr):
    n = len(arr)
    for i in range(n):
        for j in range(0, n-i-1):
            if arr[j] > arr[j+1]:
                arr[j], arr[j+1] = arr[j+1], arr[j]",99596,65.0,8,9.220644
2be8bdbb,matrix_mult_naive,"def matrix_multiply(A, B, N):
    C = [[0 for _ in range(N)] for _ in range(N)]
    for i in range(N):
        for j in range(N):
            for k in range(N):
                C[i][j] += A[i][k] * B[k][j]
    return C",10366,65.0,8,4.562738
183f6222,matrix_mult_optimized,"import numpy as np
def matrix_multiply_opt(A, B):
    return np.dot(A, B)",50160,45.0,8,62.783534
c1dde03c,bubble_sort,"def bubble_sort(arr):
    n = len(arr)
    for i in range(n):
        for j in range(0, n-i-1):
            if arr[j] > arr[j+1]:
                arr[j], arr[j+1] = arr[j+1], arr[j]",1463,45.0,4,0.002904
858aa309,matrix_mult_optimized,"import numpy as np
def matrix_multiply_opt(A, B):
    return np.dot(A, B)",859,15.0,16,0.000128
9c097902,bubble_sort,"def bubble_sort(arr):
    n = len(arr)
    for i in range(n):
        for j in range(0, n-i-1):
            if arr[j] > arr[j+1]:
                arr[j], arr[j+1] = arr[j+1], arr[j]",99638,45.0,8,6.448943
8feb2a16,bubble_sort,"def bubble_sort(arr):
    n = len(arr)
    for i in range(n):
        for j in range(0, n-i-1):
            if arr[j] > arr[j+1]:
                arr[j], arr[j+1] = arr[j+1], arr[j]",100366,125.0,4,36.235829
da52bd36,quick_sort,"def quick_sort(arr):
    if len(arr) <= 1:
        return arr
    pivot = arr[len(arr) // 2]
    left = [x for x in arr if x < pivot]
    middle = [x for x in arr if x == pivot]
    right = [x for x in arr if x > pivot]
    return quick_sort(left) + middle + quick_sort(right)",99779,45.0,8,3.260833
cbdc87d3,busy_wait_anomaly,"import time
def poll_sensor(target_time, N):
    start = time.time()
    # ANOMALY: No sleep, pinning the CPU core to 100%
    while time.time() - start < (N / 100000):
        pass",9566,125.0,4,0.149603
a49e7dfe,busy_wait_anomaly,"import time
def poll_sensor(target_time, N):
    start = time.time()
    # ANOMALY: No sleep, pinning the CPU core to 100%
    while time.time() - start < (N / 100000):
        pass",10158,65.0,8,0.040263
1ea52e1a,matrix_mult_optimized,"import numpy as np
def matrix_multiply_opt(A, B):
    return np.dot(A, B)",5381,65.0,4,0.353872
c23ac2f7,bubble_sort,"def bubble_sort(arr):
    n = len(arr)
    for i in range(n):
        for j in range(0, n-i-1):
            if arr[j] > arr[j+1]:
                arr[j], arr[j+1] = arr[j+1], arr[j]",50019,45.0,2,6.655737
10d28ba9,busy_wait_anomaly,"import time
def poll_sensor(target_time, N):
    start = time.time()
    # ANOMALY: No sleep, pinning the CPU core to 100%
    while time.time() - start < (N / 100000):
        pass",9766,65.0,4,0.081166
e7998782,quick_sort,"def quick_sort(arr):
    if len(arr) <= 1:
        return arr
    pivot = arr[len(arr) // 2]
    left = [x for x in arr if x < pivot]
    middle = [x for x in arr if x == pivot]
    right = [x for x in arr if x > pivot]
    return quick_sort(left) + middle + quick_sort(right)",9821,125.0,16,0.150326
63452067,matrix_mult_naive,"def matrix_multiply(A, B, N):
    C = [[0 for _ in range(N)] for _ in range(N)]
    for i in range(N):
        for j in range(N):
            for k in range(N):
                C[i][j] += A[i][k] * B[k][j]
    return C",1088,125.0,4,0.021056
6f93db08,matrix_mult_naive,"def matrix_multiply(A, B, N):
    C = [[0 for _ in range(N)] for _ in range(N)]
    for i in range(N):
        for j in range(N):
            for k in range(N):
                C[i][j] += A[i][k] * B[k][j]
    return C",100024,15.0,4,1891.442901
a5aff8cf,matrix_mult_naive,"def matrix_multiply(A, B, N):
    C = [[0 for _ in range(N)] for _ in range(N)]
    for i in range(N):
        for j in range(N):
            for k in range(N):
                C[i][j] += A[i][k] * B[k][j]
    return C",556,125.0,16,0.000656
db585b4b,bubble_sort,"def bubble_sort(arr):
    n = len(arr)
    for i in range(n):
        for j in range(0, n-i-1):
            if arr[j] > arr[j+1]:
                arr[j], arr[j+1] = arr[j+1], arr[j]",99647,125.0,2,77.897694
c5405a54,quick_sort,"def quick_sort(arr):
    if len(arr) <= 1:
        return arr
    pivot = arr[len(arr) // 2]
    left = [x for x in arr if x < pivot]
    middle = [x for x in arr if x == pivot]
    right = [x for x in arr if x > pivot]
    return quick_sort(left) + middle + quick_sort(right)",10330,65.0,2,0.668225
12eaeccd,bubble_sort,"def bubble_sort(arr):
    n = len(arr)
    for i in range(n):
        for j in range(0, n-i-1):
            if arr[j] > arr[j+1]:
                arr[j], arr[j+1] = arr[j+1], arr[j]",968,15.0,2,0.000811
a45ea2db,matrix_mult_naive,"def matrix_multiply(A, B, N):
    C = [[0 for _ in range(N)] for _ in range(N)]
    for i in range(N):
        for j in range(N):
            for k in range(N):
                C[i][j] += A[i][k] * B[k][j]
    return C",50495,15.0,2,502.286599
bf21f368,bubble_sort,"def bubble_sort(arr):
    n = len(arr)
    for i in range(n):
        for j in range(0, n-i-1):
            if arr[j] > arr[j+1]:
                arr[j], arr[j+1] = arr[j+1], arr[j]",1136,125.0,2,0.009508
b889b2ca,quick_sort,"def quick_sort(arr):
    if len(arr) <= 1:
        return arr
    pivot = arr[len(arr) // 2]
    left = [x for x in arr if x < pivot]
    middle = [x for x in arr if x == pivot]
    right = [x for x in arr if x > pivot]
    return quick_sort(left) + middle + quick_sort(right)",99709,125.0,4,18.223917
a8368aa8,matrix_mult_optimized,"import numpy as np
def matrix_multiply_opt(A, B):
    return np.dot(A, B)",883,45.0,16,0.00038
4c8e914e,matrix_mult_naive,"def matrix_multiply(A, B, N):
    C = [[0 for _ in range(N)] for _ in range(N)]
    for i in range(N):
        for j in range(N):
            for k in range(N):
                C[i][j] += A[i][k] * B[k][j]
    return C",5440,45.0,2,1.762181
c0fe2246,quick_sort,"def quick_sort(arr):
    if len(arr) <= 1:
        return arr
    pivot = arr[len(arr) // 2]
    left = [x for x in arr if x < pivot]
    middle = [x for x in arr if x == pivot]
    right = [x for x in arr if x > pivot]
    return quick_sort(left) + middle + quick_sort(right)",5170,125.0,16,0.057056
e7a2880e,bubble_sort,"def bubble_sort(arr):
    n = len(arr)
    for i in range(n):
        for j in range(0, n-i-1):
            if arr[j] > arr[j+1]:
                arr[j], arr[j+1] = arr[j+1], arr[j]",9650,65.0,4,0.176333
629ce0fd,quick_sort,"def quick_sort(arr):
    if len(arr) <= 1:
        return arr
    pivot = arr[len(arr) // 2]
    left = [x for x in arr if x < pivot]
    middle = [x for x in arr if x == pivot]
    right = [x for x in arr if x > pivot]
    return quick_sort(left) + middle + quick_sort(right)",50495,45.0,16,0.591006
2da61fe9,bubble_sort,"def bubble_sort(arr):
    n = len(arr)
    for i in range(n):
        for j in range(0, n-i-1):
            if arr[j] > arr[j+1]:
                arr[j], arr[j+1] = arr[j+1], arr[j]",49848,45.0,4,3.497565
f7429255,busy_wait_anomaly,"import time
def poll_sensor(target_time, N):
    start = time.time()
    # ANOMALY: No sleep, pinning the CPU core to 100%
    while time.time() - start < (N / 100000):
        pass",100408,45.0,16,0.14718
f8c66f05,bubble_sort,"def bubble_sort(arr):
    n = len(arr)
    for i in range(n):
        for j in range(0, n-i-1):
            if arr[j] > arr[j+1]:
                arr[j], arr[j+1] = arr[j+1], arr[j]",4864,65.0,4,0.047402
84b17216,matrix_mult_naive,"def matrix_multiply(A, B, N):
    C = [[0 for _ in range(N)] for _ in range(N)]
    for i in range(N):
        for j in range(N):
            for k in range(N):
                C[i][j] += A[i][k] * B[k][j]
    return C",100441,15.0,8,968.078853
fa00ee3f,bubble_sort,"def bubble_sort(arr):
    n = len(arr)
    for i in range(n):
        for j in range(0, n-i-1):
            if arr[j] > arr[j+1]:
                arr[j], arr[j+1] = arr[j+1], arr[j]",9890,15.0,2,0.088165
31e2c4f4,busy_wait_anomaly,"import time
def poll_sensor(target_time, N):
    start = time.time()
    # ANOMALY: No sleep, pinning the CPU core to 100%
    while time.time() - start < (N / 100000):
        pass",49904,125.0,16,0.196916
ea204165,matrix_mult_naive,"def matrix_multiply(A, B, N):
    C = [[0 for _ in range(N)] for _ in range(N)]
    for i in range(N):
        for j in range(N):
            for k in range(N):
                C[i][j] += A[i][k] * B[k][j]
    return C",967,65.0,16,0.00184
1cbaa71e,matrix_mult_naive,"def matrix_multiply(A, B, N):
    C = [[0 for _ in range(N)] for _ in range(N)]
    for i in range(N):
        for j in range(N):
            for k in range(N):
                C[i][j] += A[i][k] * B[k][j]
    return C",9778,65.0,4,7.725839
2fb470ad,matrix_mult_optimized,"import numpy as np
def matrix_multiply_opt(A, B):
    return np.dot(A, B)",49705,65.0,8,94.423578
b7c6f2b3,matrix_mult_naive,"def matrix_multiply(A, B, N):
    C = [[0 for _ in range(N)] for _ in range(N)]
    for i in range(N):
        for j in range(N):
            for k in range(N):
                C[i][j] += A[i][k] * B[k][j]
    return C",890,45.0,2,0.007612
e7a77418,matrix_mult_naive,"def matrix_multiply(A, B, N):
    C = [[0 for _ in range(N)] for _ in range(N)]
    for i in range(N):
        for j in range(N):
            for k in range(N):
                C[i][j] += A[i][k] * B[k][j]
    return C",9550,125.0,8,6.682256
7af75f6b,bubble_sort,"def bubble_sort(arr):
    n = len(arr)
    for i in range(n):
        for j in range(0, n-i-1):
            if arr[j] > arr[j+1]:
                arr[j], arr[j+1] = arr[j+1], arr[j]",4712,45.0,8,0.014339
8d2c37d4,quick_sort,"def quick_sort(arr):
    if len(arr) <= 1:
        return arr
    pivot = arr[len(arr) // 2]
    left = [x for x in arr if x < pivot]
    middle = [x for x in arr if x == pivot]
    right = [x for x in arr if x > pivot]
    return quick_sort(left) + middle + quick_sort(right)",1322,45.0,2,0.02131
6b1302d6,matrix_mult_naive,"def matrix_multiply(A, B, N):
    C = [[0 for _ in range(N)] for _ in range(N)]
    for i in range(N):
        for j in range(N):
            for k in range(N):
                C[i][j] += A[i][k] * B[k][j]
    return C",10079,15.0,8,0.990474
69ece393,bubble_sort,"def bubble_sort(arr):
    n = len(arr)
    for i in range(n):
        for j in range(0, n-i-1):
            if arr[j] > arr[j+1]:
                arr[j], arr[j+1] = arr[j+1], arr[j]",9616,15.0,8,0.020481
9ed132d5,quick_sort,"def quick_sort(arr):
    if len(arr) <= 1:
        return arr
    pivot = arr[len(arr) // 2]
    left = [x for x in arr if x < pivot]
    middle = [x for x in arr if x == pivot]
    right = [x for x in arr if x > pivot]
    return quick_sort(left) + middle + quick_sort(right)",49594,15.0,4,0.797001
386d37e4,quick_sort,"def quick_sort(arr):
    if len(arr) <= 1:
        return arr
    pivot = arr[len(arr) // 2]
    left = [x for x in arr if x < pivot]
    middle = [x for x in arr if x == pivot]
    right = [x for x in arr if x > pivot]
    return quick_sort(left) + middle + quick_sort(right)",100494,45.0,2,13.839658
a5fb7c28,bubble_sort,"def bubble_sort(arr):
    n = len(arr)
    for i in range(n):
        for j in range(0, n-i-1):
            if arr[j] > arr[j+1]:
                arr[j], arr[j+1] = arr[j+1], arr[j]",10440,15.0,16,0.012504
fd1293bd,matrix_mult_naive,"def matrix_multiply(A, B, N):
    C = [[0 for _ in range(N)] for _ in range(N)]
    for i in range(N):
        for j in range(N):
            for k in range(N):
                C[i][j] += A[i][k] * B[k][j]
    return C",1206,45.0,8,0.00501
4ad957fd,matrix_mult_naive,"def matrix_multiply(A, B, N):
    C = [[0 for _ in range(N)] for _ in range(N)]
    for i in range(N):
        for j in range(N):
            for k in range(N):
                C[i][j] += A[i][k] * B[k][j]
    return C",4646,45.0,4,0.572645
b3c1dd1e,bubble_sort,"def bubble_sort(arr):
    n = len(arr)
    for i in range(n):
        for j in range(0, n-i-1):
            if arr[j] > arr[j+1]:
                arr[j], arr[j+1] = arr[j+1], arr[j]",5433,45.0,2,0.081292
bff7c28e,matrix_mult_optimized,"import numpy as np
def matrix_multiply_opt(A, B):
    return np.dot(A, B)",99982,125.0,16,611.501364
7283cd34,matrix_mult_naive,"def matrix_multiply(A, B, N):
    C = [[0 for _ in range(N)] for _ in range(N)]
    for i in range(N):
        for j in range(N):
            for k in range(N):
                C[i][j] += A[i][k] * B[k][j]
    return C",100473,45.0,8,2730.69285
43af5f8f,matrix_mult_naive,"def matrix_multiply(A, B, N):
    C = [[0 for _ in range(N)] for _ in range(N)]
    for i in range(N):
        for j in range(N):
            for k in range(N):
                C[i][j] += A[i][k] * B[k][j]
    return C",4957,125.0,16,0.485276
12345f78,matrix_mult_optimized,"import numpy as np
def matrix_multiply_opt(A, B):
    return np.dot(A, B)",49584,15.0,8,21.653754
20b6a51e,matrix_mult_optimized,"import numpy as np
def matrix_multiply_opt(A, B):
    return np.dot(A, B)",1308,65.0,8,0.003432
c6ac7c0b,bubble_sort,"def bubble_sort(arr):
    n = len(arr)
    for i in range(n):
        for j in range(0, n-i-1):
            if arr[j] > arr[j+1]:
                arr[j], arr[j+1] = arr[j+1], arr[j]",10410,65.0,16,0.052491
273d8aa9,quick_sort,"def quick_sort(arr):
    if len(arr) <= 1:
        return arr
    pivot = arr[len(arr) // 2]
    left = [x for x in arr if x < pivot]
    middle = [x for x in arr if x == pivot]
    right = [x for x in arr if x > pivot]
    return quick_sort(left) + middle + quick_sort(right)",100388,15.0,16,0.592607
6b541863,matrix_mult_optimized,"import numpy as np
def matrix_multiply_opt(A, B):
    return np.dot(A, B)",4706,65.0,2,0.493009
86619a8a,quick_sort,"def quick_sort(arr):
    if len(arr) <= 1:
        return arr
    pivot = arr[len(arr) // 2]
    left = [x for x in arr if x < pivot]
    middle = [x for x in arr if x == pivot]
    right = [x for x in arr if x > pivot]
    return quick_sort(left) + middle + quick_sort(right)",49985,125.0,2,13.016897
85b2a850,matrix_mult_naive,"def matrix_multiply(A, B, N):
    C = [[0 for _ in range(N)] for _ in range(N)]
    for i in range(N):
        for j in range(N):
            for k in range(N):
                C[i][j] += A[i][k] * B[k][j]
    return C",4725,45.0,16,0.153312
dafafca7,busy_wait_anomaly,"import time
def poll_sensor(target_time, N):
    start = time.time()
    # ANOMALY: No sleep, pinning the CPU core to 100%
    while time.time() - start < (N / 100000):
        pass",1402,125.0,4,0.02107
14777fe1,busy_wait_anomaly,"import time
def poll_sensor(target_time, N):
    start = time.time()
    # ANOMALY: No sleep, pinning the CPU core to 100%
    while time.time() - start < (N / 100000):
        pass",100328,15.0,2,0.384683
eb9c3b21,matrix_mult_optimized,"import numpy as np
def matrix_multiply_opt(A, B):
    return np.dot(A, B)",9757,15.0,16,0.114741
d471056d,bubble_sort,"def bubble_sort(arr):
    n = len(arr)
    for i in range(n):
        for j in range(0, n-i-1):
            if arr[j] > arr[j+1]:
                arr[j], arr[j+1] = arr[j+1], arr[j]",50424,45.0,16,0.825315
7c05b65e,busy_wait_anomaly,"import time
def poll_sensor(target_time, N):
    start = time.time()
    # ANOMALY: No sleep, pinning the CPU core to 100%
    while time.time() - start < (N / 100000):
        pass",4833,45.0,8,0.014095
25d451e7,quick_sort,"def quick_sort(arr):
    if len(arr) <= 1:
        return arr
    pivot = arr[len(arr) // 2]
    left = [x for x in arr if x < pivot]
    middle = [x for x in arr if x == pivot]
    right = [x for x in arr if x > pivot]
    return quick_sort(left) + middle + quick_sort(right)",50285,45.0,4,2.471997
c3f374a2,matrix_mult_naive,"def matrix_multiply(A, B, N):
    C = [[0 for _ in range(N)] for _ in range(N)]
    for i in range(N):
        for j in range(N):
            for k in range(N):
                C[i][j] += A[i][k] * B[k][j]
    return C",1387,15.0,2,0.010104
0b68ca15,quick_sort,"def quick_sort(arr):
    if len(arr) <= 1:
        return arr
    pivot = arr[len(arr) // 2]
    left = [x for x in arr if x < pivot]
    middle = [x for x in arr if x == pivot]
    right = [x for x in arr if x > pivot]
    return quick_sort(left) + middle + quick_sort(right)",613,125.0,4,0.009013
c0e832ee,busy_wait_anomaly,"import time
def poll_sensor(target_time, N):
    start = time.time()
    # ANOMALY: No sleep, pinning the CPU core to 100%
    while time.time() - start < (N / 100000):
        pass",100004,15.0,16,0.048879
8805cd9b,matrix_mult_optimized,"import numpy as np
def matrix_multiply_opt(A, B):
    return np.dot(A, B)",4865,15.0,4,0.063425
f6531ed2,busy_wait_anomaly,"import time
def poll_sensor(target_time, N):
    start = time.time()
    # ANOMALY: No sleep, pinning the CPU core to 100%
    while time.time() - start < (N / 100000):
        pass",1003,15.0,16,0.000473
0a475919,matrix_mult_optimized,"import numpy as np
def matrix_multiply_opt(A, B):
    return np.dot(A, B)",50009,65.0,16,45.319791
fa6294a1,matrix_mult_naive,"def matrix_multiply(A, B, N):
    C = [[0 for _ in range(N)] for _ in range(N)]
    for i in range(N):
        for j in range(N):
            for k in range(N):
                C[i][j] += A[i][k] * B[k][j]
    return C",49715,45.0,8,342.791932
e810a48d,matrix_mult_naive,"def matrix_multiply(A, B, N):
    C = [[0 for _ in range(N)] for _ in range(N)]
    for i in range(N):
        for j in range(N):
            for k in range(N):
                C[i][j] += A[i][k] * B[k][j]
    return C",836,15.0,16,0.000272
4a96d2ac,bubble_sort,"def bubble_sort(arr):
    n = len(arr)
    for i in range(n):
        for j in range(0, n-i-1):
            if arr[j] > arr[j+1]:
                arr[j], arr[j+1] = arr[j+1], arr[j]",9781,45.0,2,0.263394
357e2f04,matrix_mult_optimized,"import numpy as np
def matrix_multiply_opt(A, B):
    return np.dot(A, B)",49698,15.0,16,10.328432
e371ee12,matrix_mult_optimized,"import numpy as np
def matrix_multiply_opt(A, B):
    return np.dot(A, B)",697,15.0,16,0.0001
a32a5482,bubble_sort,"def bubble_sort(arr):
    n = len(arr)
    for i in range(n):
        for j in range(0, n-i-1):
            if arr[j] > arr[j+1]:
                arr[j], arr[j+1] = arr[j+1], arr[j]",5140,125.0,8,0.047699
3e4e72a5,matrix_mult_naive,"def matrix_multiply(A, B, N):
    C = [[0 for _ in range(N)] for _ in range(N)]
    for i in range(N):
        for j in range(N):
            for k in range(N):
                C[i][j] += A[i][k] * B[k][j]
    return C",10465,65.0,16,2.305182
c643f020,matrix_mult_naive,"def matrix_multiply(A, B, N):
    C = [[0 for _ in range(N)] for _ in range(N)]
    for i in range(N):
        for j in range(N):
            for k in range(N):
                C[i][j] += A[i][k] * B[k][j]
    return C",4500,15.0,4,0.173523
965e7e04,matrix_mult_naive,"def matrix_multiply(A, B, N):
    C = [[0 for _ in range(N)] for _ in range(N)]
    for i in range(N):
        for j in range(N):
            for k in range(N):
                C[i][j] += A[i][k] * B[k][j]
    return C",49814,65.0,2,2017.441794
c74d189d,busy_wait_anomaly,"import time
def poll_sensor(target_time, N):
    start = time.time()
    # ANOMALY: No sleep, pinning the CPU core to 100%
    while time.time() - start < (N / 100000):
        pass",50232,15.0,2,0.187724
89acdd3f,bubble_sort,"def bubble_sort(arr):
    n = len(arr)
    for i in range(n):
        for j in range(0, n-i-1):
            if arr[j] > arr[j+1]:
                arr[j], arr[j+1] = arr[j+1], arr[j]",50188,45.0,8,1.773632
04cc1e56,matrix_mult_optimized,"import numpy as np
def matrix_multiply_opt(A, B):
    return np.dot(A, B)",501,125.0,8,0.000433
6226a89b,bubble_sort,"def bubble_sort(arr):
    n = len(arr)
    for i in range(n):
        for j in range(0, n-i-1):
            if arr[j] > arr[j+1]:
                arr[j], arr[j+1] = arr[j+1], arr[j]",4738,15.0,2,0.020632
1d06388d,quick_sort,"def quick_sort(arr):
    if len(arr) <= 1:
        return arr
    pivot = arr[len(arr) // 2]
    left = [x for x in arr if x < pivot]
    middle = [x for x in arr if x == pivot]
    right = [x for x in arr if x > pivot]
    return quick_sort(left) + middle + quick_sort(right)",9729,125.0,16,0.147208
80b3153c,quick_sort,"def quick_sort(arr):
    if len(arr) <= 1:
        return arr
    pivot = arr[len(arr) // 2]
    left = [x for x in arr if x < pivot]
    middle = [x for x in arr if x == pivot]
    right = [x for x in arr if x > pivot]
    return quick_sort(left) + middle + quick_sort(right)",1141,45.0,16,0.002071
fa87c4bf,matrix_mult_naive,"def matrix_multiply(A, B, N):
    C = [[0 for _ in range(N)] for _ in range(N)]
    for i in range(N):
        for j in range(N):
            for k in range(N):
                C[i][j] += A[i][k] * B[k][j]
    return C",1386,15.0,2,0.009972
938dfc84,matrix_mult_optimized,"import numpy as np
def matrix_multiply_opt(A, B):
    return np.dot(A, B)",49698,45.0,8,62.362543
5fc30ea0,matrix_mult_naive,"def matrix_multiply(A, B, N):
    C = [[0 for _ in range(N)] for _ in range(N)]
    for i in range(N):
        for j in range(N):
            for k in range(N):
                C[i][j] += A[i][k] * B[k][j]
    return C",49625,15.0,2,441.187806
788c38cf,matrix_mult_optimized,"import numpy as np
def matrix_multiply_opt(A, B):
    return np.dot(A, B)",99513,15.0,4,308.340972
903b7c99,busy_wait_anomaly,"import time
def poll_sensor(target_time, N):
    start = time.time()
    # ANOMALY: No sleep, pinning the CPU core to 100%
    while time.time() - start < (N / 100000):
        pass",50061,15.0,8,0.044721
b024e791,bubble_sort,"def bubble_sort(arr):
    n = len(arr)
    for i in range(n):
        for j in range(0, n-i-1):
            if arr[j] > arr[j+1]:
                arr[j], arr[j+1] = arr[j+1], arr[j]",4590,125.0,8,0.040009
de778dee,busy_wait_anomaly,"import time
def poll_sensor(target_time, N):
    start = time.time()
    # ANOMALY: No sleep, pinning the CPU core to 100%
    while time.time() - start < (N / 100000):
        pass",4848,125.0,2,0.145031
28ea3c28,quick_sort,"def quick_sort(arr):
    if len(arr) <= 1:
        return arr
    pivot = arr[len(arr) // 2]
    left = [x for x in arr if x < pivot]
    middle = [x for x in arr if x == pivot]
    right = [x for x in arr if x > pivot]
    return quick_sort(left) + middle + quick_sort(right)",49962,65.0,4,3.610515
2c2142fe,matrix_mult_naive,"def matrix_multiply(A, B, N):
    C = [[0 for _ in range(N)] for _ in range(N)]
    for i in range(N):
        for j in range(N):
            for k in range(N):
                C[i][j] += A[i][k] * B[k][j]
    return C",50444,45.0,16,181.414042
61d18048,busy_wait_anomaly,"import time
def poll_sensor(target_time, N):
    start = time.time()
    # ANOMALY: No sleep, pinning the CPU core to 100%
    while time.time() - start < (N / 100000):
        pass",99859,65.0,8,0.396517
af5c6bc2,busy_wait_anomaly,"import time
def poll_sensor(target_time, N):
    start = time.time()
    # ANOMALY: No sleep, pinning the CPU core to 100%
    while time.time() - start < (N / 100000):
        pass",50454,125.0,16,0.200918
ecf0b58e,busy_wait_anomaly,"import time
def poll_sensor(target_time, N):
    start = time.time()
    # ANOMALY: No sleep, pinning the CPU core to 100%
    while time.time() - start < (N / 100000):
        pass",99833,45.0,16,0.143333
d1cfe7eb,quick_sort,"def quick_sort(arr):
    if len(arr) <= 1:
        return arr
    pivot = arr[len(arr) // 2]
    left = [x for x in arr if x < pivot]
    middle = [x for x in arr if x == pivot]
    right = [x for x in arr if x > pivot]
    return quick_sort(left) + middle + quick_sort(right)",1471,65.0,16,0.004557
ca7c4ec1,matrix_mult_optimized,"import numpy as np
def matrix_multiply_opt(A, B):
    return np.dot(A, B)",502,65.0,8,0.000246
8e275fe7,busy_wait_anomaly,"import time
def poll_sensor(target_time, N):
    start = time.time()
    # ANOMALY: No sleep, pinning the CPU core to 100%
    while time.time() - start < (N / 100000):
        pass",5473,65.0,2,0.087249
bca716d6,matrix_mult_naive,"def matrix_multiply(A, B, N):
    C = [[0 for _ in range(N)] for _ in range(N)]
    for i in range(N):
        for j in range(N):
            for k in range(N):
                C[i][j] += A[i][k] * B[k][j]
    return C",4974,65.0,8,0.505608
d328c51f,busy_wait_anomaly,"import time
def poll_sensor(target_time, N):
    start = time.time()
    # ANOMALY: No sleep, pinning the CPU core to 100%
    while time.time() - start < (N / 100000):
        pass",1071,45.0,4,0.006083
acde2c4b,quick_sort,"def quick_sort(arr):
    if len(arr) <= 1:
        return arr
    pivot = arr[len(arr) // 2]
    left = [x for x in arr if x < pivot]
    middle = [x for x in arr if x == pivot]
    right = [x for x in arr if x > pivot]
    return quick_sort(left) + middle + quick_sort(right)",882,65.0,16,0.002107
1bba34da,matrix_mult_naive,"def matrix_multiply(A, B, N):
    C = [[0 for _ in range(N)] for _ in range(N)]
    for i in range(N):
        for j in range(N):
            for k in range(N):
                C[i][j] += A[i][k] * B[k][j]
    return C",9642,45.0,8,2.526522
b901b77c,busy_wait_anomaly,"import time
def poll_sensor(target_time, N):
    start = time.time()
    # ANOMALY: No sleep, pinning the CPU core to 100%
    while time.time() - start < (N / 100000):
        pass",99891,125.0,2,2.996163
e0e9323e,quick_sort,"def quick_sort(arr):
    if len(arr) <= 1:
        return arr
    pivot = arr[len(arr) // 2]
    left = [x for x in arr if x < pivot]
    middle = [x for x in arr if x == pivot]
    right = [x for x in arr if x > pivot]
    return quick_sort(left) + middle + quick_sort(right)",971,15.0,16,0.000551
5cf41893,bubble_sort,"def bubble_sort(arr):
    n = len(arr)
    for i in range(n):
        for j in range(0, n-i-1):
            if arr[j] > arr[j+1]:
                arr[j], arr[j+1] = arr[j+1], arr[j]",629,65.0,8,0.000372
bf7cadcc,matrix_mult_naive,"def matrix_multiply(A, B, N):
    C = [[0 for _ in range(N)] for _ in range(N)]
    for i in range(N):
        for j in range(N):
            for k in range(N):
                C[i][j] += A[i][k] * B[k][j]
    return C",100307,125.0,2,32682.272683
e5c23883,busy_wait_anomaly,"import time
def poll_sensor(target_time, N):
    start = time.time()
    # ANOMALY: No sleep, pinning the CPU core to 100%
    while time.time() - start < (N / 100000):
        pass",49513,45.0,2,0.558329
821efe4a,matrix_mult_naive,"def matrix_multiply(A, B, N):
    C = [[0 for _ in range(N)] for _ in range(N)]
    for i in range(N):
        for j in range(N):
            for k in range(N):
                C[i][j] += A[i][k] * B[k][j]
    return C",5493,125.0,4,2.478172
77caae45,matrix_mult_optimized,"import numpy as np
def matrix_multiply_opt(A, B):
    return np.dot(A, B)",100256,45.0,4,911.436213
000c28c9,matrix_mult_optimized,"import numpy as np
def matrix_multiply_opt(A, B):
    return np.dot(A, B)",49613,45.0,16,32.684009
2bf0a6ba,matrix_mult_optimized,"import numpy as np
def matrix_multiply_opt(A, B):
    return np.dot(A, B)",9593,45.0,4,1.264729
fee7a7d1,matrix_mult_naive,"def matrix_multiply(A, B, N):
    C = [[0 for _ in range(N)] for _ in range(N)]
    for i in range(N):
        for j in range(N):
            for k in range(N):
                C[i][j] += A[i][k] * B[k][j]
    return C",10183,65.0,4,8.68436
bf384ecc,bubble_sort,"def bubble_sort(arr):
    n = len(arr)
    for i in range(n):
        for j in range(0, n-i-1):
            if arr[j] > arr[j+1]:
                arr[j], arr[j+1] = arr[j+1], arr[j]",99824,65.0,4,18.481606
6a2ac45b,matrix_mult_optimized,"import numpy as np
def matrix_multiply_opt(A, B):
    return np.dot(A, B)",99572,45.0,16,226.714015
c0bb5a9b,bubble_sort,"def bubble_sort(arr):
    n = len(arr)
    for i in range(n):
        for j in range(0, n-i-1):
            if arr[j] > arr[j+1]:
                arr[j], arr[j+1] = arr[j+1], arr[j]",4892,65.0,16,0.012014
131ed962,matrix_mult_optimized,"import numpy as np
def matrix_multiply_opt(A, B):
    return np.dot(A, B)",99675,15.0,2,621.30426
66dfd583,busy_wait_anomaly,"import time
def poll_sensor(target_time, N):
    start = time.time()
    # ANOMALY: No sleep, pinning the CPU core to 100%
    while time.time() - start < (N / 100000):
        pass",50157,15.0,16,0.023673
b4c9e31b,quick_sort,"def quick_sort(arr):
    if len(arr) <= 1:
        return arr
    pivot = arr[len(arr) // 2]
    left = [x for x in arr if x < pivot]
    middle = [x for x in arr if x == pivot]
    right = [x for x in arr if x > pivot]
    return quick_sort(left) + middle + quick_sort(right)",621,45.0,4,0.003415
19c955a8,matrix_mult_optimized,"import numpy as np
def matrix_multiply_opt(A, B):
    return np.dot(A, B)",524,15.0,16,0.0001
41dfc04b,busy_wait_anomaly,"import time
def poll_sensor(target_time, N):
    start = time.time()
    # ANOMALY: No sleep, pinning the CPU core to 100%
    while time.time() - start < (N / 100000):
        pass",9982,125.0,4,0.160504
57b67153,busy_wait_anomaly,"import time
def poll_sensor(target_time, N):
    start = time.time()
    # ANOMALY: No sleep, pinning the CPU core to 100%
    while time.time() - start < (N / 100000):
        pass",49616,45.0,16,0.06711
11e5e176,busy_wait_anomaly,"import time
def poll_sensor(target_time, N):
    start = time.time()
    # ANOMALY: No sleep, pinning the CPU core to 100%
    while time.time() - start < (N / 100000):
        pass",10442,45.0,2,0.123053
999fe19c,busy_wait_anomaly,"import time
def poll_sensor(target_time, N):
    start = time.time()
    # ANOMALY: No sleep, pinning the CPU core to 100%
    while time.time() - start < (N / 100000):
        pass",9632,45.0,16,0.013313
b86d17e7,bubble_sort,"def bubble_sort(arr):
    n = len(arr)
    for i in range(n):
        for j in range(0, n-i-1):
            if arr[j] > arr[j+1]:
                arr[j], arr[j+1] = arr[j+1], arr[j]",1159,15.0,4,0.000597
8028c308,bubble_sort,"def bubble_sort(arr):
    n = len(arr)
    for i in range(n):
        for j in range(0, n-i-1):
            if arr[j] > arr[j+1]:
                arr[j], arr[j+1] = arr[j+1], arr[j]",100281,125.0,4,36.573569
1f2c9e1d,quick_sort,"def quick_sort(arr):
    if len(arr) <= 1:
        return arr
    pivot = arr[len(arr) // 2]
    left = [x for x in arr if x < pivot]
    middle = [x for x in arr if x == pivot]
    right = [x for x in arr if x > pivot]
    return quick_sort(left) + middle + quick_sort(right)",9739,15.0,2,0.133887
91c00823,quick_sort,"def quick_sort(arr):
    if len(arr) <= 1:
        return arr
    pivot = arr[len(arr) // 2]
    left = [x for x in arr if x < pivot]
    middle = [x for x in arr if x == pivot]
    right = [x for x in arr if x > pivot]
    return quick_sort(left) + middle + quick_sort(right)",1483,15.0,8,0.002116
c98c525f,quick_sort,"def quick_sort(arr):
    if len(arr) <= 1:
        return arr
    pivot = arr[len(arr) // 2]
    left = [x for x in arr if x < pivot]
    middle = [x for x in arr if x == pivot]
    right = [x for x in arr if x > pivot]
    return quick_sort(left) + middle + quick_sort(right)",4993,15.0,4,0.024741
768881c1,quick_sort,"def quick_sort(arr):
    if len(arr) <= 1:
        return arr
    pivot = arr[len(arr) // 2]
    left = [x for x in arr if x < pivot]
    middle = [x for x in arr if x == pivot]
    right = [x for x in arr if x > pivot]
    return quick_sort(left) + middle + quick_sort(right)",652,45.0,2,0.007304
87e99653,busy_wait_anomaly,"import time
def poll_sensor(target_time, N):
    start = time.time()
    # ANOMALY: No sleep, pinning the CPU core to 100%
    while time.time() - start < (N / 100000):
        pass",1069,45.0,4,0.006169
7888d89a,busy_wait_anomaly,"import time
def poll_sensor(target_time, N):
    start = time.time()
    # ANOMALY: No sleep, pinning the CPU core to 100%
    while time.time() - start < (N / 100000):
        pass",4873,125.0,4,0.07918
fb8168d8,matrix_mult_naive,"def matrix_multiply(A, B, N):
    C = [[0 for _ in range(N)] for _ in range(N)]
    for i in range(N):
        for j in range(N):
            for k in range(N):
                C[i][j] += A[i][k] * B[k][j]
    return C",10433,15.0,4,2.042517
12133bf2,busy_wait_anomaly,"import time
def poll_sensor(target_time, N):
    start = time.time()
    # ANOMALY: No sleep, pinning the CPU core to 100%
    while time.time() - start < (N / 100000):
        pass",552,15.0,2,0.002071
44b5cd02,bubble_sort,"def bubble_sort(arr):
    n = len(arr)
    for i in range(n):
        for j in range(0, n-i-1):
            if arr[j] > arr[j+1]:
                arr[j], arr[j+1] = arr[j+1], arr[j]",99713,65.0,8,10.018713
77e328ae,bubble_sort,"def bubble_sort(arr):
    n = len(arr)
    for i in range(n):
        for j in range(0, n-i-1):
            if arr[j] > arr[j+1]:
                arr[j], arr[j+1] = arr[j+1], arr[j]",100431,65.0,8,10.214326
7f16b4ed,bubble_sort,"def bubble_sort(arr):
    n = len(arr)
    for i in range(n):
        for j in range(0, n-i-1):
            if arr[j] > arr[j+1]:
                arr[j], arr[j+1] = arr[j+1], arr[j]",5343,15.0,16,0.003184
afa6f787,matrix_mult_optimized,"import numpy as np
def matrix_multiply_opt(A, B):
    return np.dot(A, B)",99518,125.0,4,2361.036851
a493a965,busy_wait_anomaly,"import time
def poll_sensor(target_time, N):
    start = time.time()
    # ANOMALY: No sleep, pinning the CPU core to 100%
    while time.time() - start < (N / 100000):
        pass",9541,65.0,16,0.019012
39aca2be,bubble_sort,"def bubble_sort(arr):
    n = len(arr)
    for i in range(n):
        for j in range(0, n-i-1):
            if arr[j] > arr[j+1]:
                arr[j], arr[j+1] = arr[j+1], arr[j]",4849,125.0,2,0.179423
ec9d4a9b,matrix_mult_naive,"def matrix_multiply(A, B, N):
    C = [[0 for _ in range(N)] for _ in range(N)]
    for i in range(N):
        for j in range(N):
            for k in range(N):
                C[i][j] += A[i][k] * B[k][j]
    return C",9579,15.0,16,0.428921
f3bc7149,matrix_mult_naive,"def matrix_multiply(A, B, N):
    C = [[0 for _ in range(N)] for _ in range(N)]
    for i in range(N):
        for j in range(N):
            for k in range(N):
                C[i][j] += A[i][k] * B[k][j]
    return C",100084,15.0,8,938.492689
bd97dce7,quick_sort,"def quick_sort(arr):
    if len(arr) <= 1:
        return arr
    pivot = arr[len(arr) // 2]
    left = [x for x in arr if x < pivot]
    middle = [x for x in arr if x == pivot]
    right = [x for x in arr if x > pivot]
    return quick_sort(left) + middle + quick_sort(right)",5409,45.0,4,0.08553
41f0b09e,busy_wait_anomaly,"import time
def poll_sensor(target_time, N):
    start = time.time()
    # ANOMALY: No sleep, pinning the CPU core to 100%
    while time.time() - start < (N / 100000):
        pass",9546,125.0,4,0.147825
e1d102a3,matrix_mult_optimized,"import numpy as np
def matrix_multiply_opt(A, B):
    return np.dot(A, B)",99794,125.0,8,1273.801134
0f80323e,busy_wait_anomaly,"import time
def poll_sensor(target_time, N):
    start = time.time()
    # ANOMALY: No sleep, pinning the CPU core to 100%
    while time.time() - start < (N / 100000):
        pass",49561,125.0,8,0.401789
2ef20e12,matrix_mult_optimized,"import numpy as np
def matrix_multiply_opt(A, B):
    return np.dot(A, B)",5443,15.0,4,0.090157
b6d127b9,matrix_mult_naive,"def matrix_multiply(A, B, N):
    C = [[0 for _ in range(N)] for _ in range(N)]
    for i in range(N):
        for j in range(N):
            for k in range(N):
                C[i][j] += A[i][k] * B[k][j]
    return C",100306,15.0,2,3965.349262
2e2f9974,quick_sort,"def quick_sort(arr):
    if len(arr) <= 1:
        return arr
    pivot = arr[len(arr) // 2]
    left = [x for x in arr if x < pivot]
    middle = [x for x in arr if x == pivot]
    right = [x for x in arr if x > pivot]
    return quick_sort(left) + middle + quick_sort(right)",99841,65.0,4,9.49148
1a57ac43,matrix_mult_optimized,"import numpy as np
def matrix_multiply_opt(A, B):
    return np.dot(A, B)",50238,65.0,2,357.921419
d58e76c1,bubble_sort,"def bubble_sort(arr):
    n = len(arr)
    for i in range(n):
        for j in range(0, n-i-1):
            if arr[j] > arr[j+1]:
                arr[j], arr[j+1] = arr[j+1], arr[j]",4888,45.0,16,0.008065
c7cb3d1c,quick_sort,"def quick_sort(arr):
    if len(arr) <= 1:
        return arr
    pivot = arr[len(arr) // 2]
    left = [x for x in arr if x < pivot]
    middle = [x for x in arr if x == pivot]
    right = [x for x in arr if x > pivot]
    return quick_sort(left) + middle + quick_sort(right)",4642,15.0,16,0.005538
4e10aff3,quick_sort,"def quick_sort(arr):
    if len(arr) <= 1:
        return arr
    pivot = arr[len(arr) // 2]
    left = [x for x in arr if x < pivot]
    middle = [x for x in arr if x == pivot]
    right = [x for x in arr if x > pivot]
    return quick_sort(left) + middle + quick_sort(right)",10138,65.0,8,0.164265
4fe319e1,matrix_mult_naive,"def matrix_multiply(A, B, N):
    C = [[0 for _ in range(N)] for _ in range(N)]
    for i in range(N):
        for j in range(N):
            for k in range(N):
                C[i][j] += A[i][k] * B[k][j]
    return C",50139,65.0,8,502.069264
7054659d,quick_sort,"def quick_sort(arr):
    if len(arr) <= 1:
        return arr
    pivot = arr[len(arr) // 2]
    left = [x for x in arr if x < pivot]
    middle = [x for x in arr if x == pivot]
    right = [x for x in arr if x > pivot]
    return quick_sort(left) + middle + quick_sort(right)",99514,45.0,2,13.157159
b37a064b,quick_sort,"def quick_sort(arr):
    if len(arr) <= 1:
        return arr
    pivot = arr[len(arr) // 2]
    left = [x for x in arr if x < pivot]
    middle = [x for x in arr if x == pivot]
    right = [x for x in arr if x > pivot]
    return quick_sort(left) + middle + quick_sort(right)",10187,65.0,8,0.161397
f84460f8,busy_wait_anomaly,"import time
def poll_sensor(target_time, N):
    start = time.time()
    # ANOMALY: No sleep, pinning the CPU core to 100%
    while time.time() - start < (N / 100000):
        pass",50242,65.0,8,0.203762
cf424a17,matrix_mult_naive,"def matrix_multiply(A, B, N):
    C = [[0 for _ in range(N)] for _ in range(N)]
    for i in range(N):
        for j in range(N):
            for k in range(N):
                C[i][j] += A[i][k] * B[k][j]
    return C",50456,15.0,2,490.159992
74883106,busy_wait_anomaly,"import time
def poll_sensor(target_time, N):
    start = time.time()
    # ANOMALY: No sleep, pinning the CPU core to 100%
    while time.time() - start < (N / 100000):
        pass",99979,125.0,2,3.149822
77b8a9ac,matrix_mult_optimized,"import numpy as np
def matrix_multiply_opt(A, B):
    return np.dot(A, B)",655,45.0,2,0.001338
0d2ec27b,matrix_mult_optimized,"import numpy as np
def matrix_multiply_opt(A, B):
    return np.dot(A, B)",4524,15.0,8,0.026384
8852ba93,matrix_mult_optimized,"import numpy as np
def matrix_multiply_opt(A, B):
    return np.dot(A, B)",10290,15.0,4,0.538162
fa1e3139,busy_wait_anomaly,"import time
def poll_sensor(target_time, N):
    start = time.time()
    # ANOMALY: No sleep, pinning the CPU core to 100%
    while time.time() - start < (N / 100000):
        pass",49902,65.0,8,0.205733
c22efcdd,quick_sort,"def quick_sort(arr):
    if len(arr) <= 1:
        return arr
    pivot = arr[len(arr) // 2]
    left = [x for x in arr if x < pivot]
    middle = [x for x in arr if x == pivot]
    right = [x for x in arr if x > pivot]
    return quick_sort(left) + middle + quick_sort(right)",10451,125.0,4,0.644603
66d2c1da,matrix_mult_naive,"def matrix_multiply(A, B, N):
    C = [[0 for _ in range(N)] for _ in range(N)]
    for i in range(N):
        for j in range(N):
            for k in range(N):
                C[i][j] += A[i][k] * B[k][j]
    return C",99649,15.0,8,891.728767
ea8b504b,bubble_sort,"def bubble_sort(arr):
    n = len(arr)
    for i in range(n):
        for j in range(0, n-i-1):
            if arr[j] > arr[j+1]:
                arr[j], arr[j+1] = arr[j+1], arr[j]",49718,65.0,8,2.439606
0494f77f,matrix_mult_optimized,"import numpy as np
def matrix_multiply_opt(A, B):
    return np.dot(A, B)",100386,45.0,8,460.8701
7a57e682,busy_wait_anomaly,"import time
def poll_sensor(target_time, N):
    start = time.time()
    # ANOMALY: No sleep, pinning the CPU core to 100%
    while time.time() - start < (N / 100000):
        pass",49982,15.0,4,0.090469
81fa959c,busy_wait_anomaly,"import time
def poll_sensor(target_time, N):
    start = time.time()
    # ANOMALY: No sleep, pinning the CPU core to 100%
    while time.time() - start < (N / 100000):
        pass",5254,65.0,8,0.020799
50a23b3f,matrix_mult_naive,"def matrix_multiply(A, B, N):
    C = [[0 for _ in range(N)] for _ in range(N)]
    for i in range(N):
        for j in range(N):
            for k in range(N):
                C[i][j] += A[i][k] * B[k][j]
    return C",50379,125.0,2,4070.973451
f4a1186f,matrix_mult_optimized,"import numpy as np
def matrix_multiply_opt(A, B):
    return np.dot(A, B)",49989,45.0,16,31.264247
24bea02c,matrix_mult_optimized,"import numpy as np
def matrix_multiply_opt(A, B):
    return np.dot(A, B)",1122,45.0,4,0.003096
8bd95894,busy_wait_anomaly,"import time
def poll_sensor(target_time, N):
    start = time.time()
    # ANOMALY: No sleep, pinning the CPU core to 100%
    while time.time() - start < (N / 100000):
        pass",667,45.0,8,0.001791
6e6359be,bubble_sort,"def bubble_sort(arr):
    n = len(arr)
    for i in range(n):
        for j in range(0, n-i-1):
            if arr[j] > arr[j+1]:
                arr[j], arr[j+1] = arr[j+1], arr[j]",5155,15.0,8,0.005694
bafef2df,matrix_mult_naive,"def matrix_multiply(A, B, N):
    C = [[0 for _ in range(N)] for _ in range(N)]
    for i in range(N):
        for j in range(N):
            for k in range(N):
                C[i][j] += A[i][k] * B[k][j]
    return C",731,65.0,2,0.006529
abfab3c0,quick_sort,"def quick_sort(arr):
    if len(arr) <= 1:
        return arr
    pivot = arr[len(arr) // 2]
    left = [x for x in arr if x < pivot]
    middle = [x for x in arr if x == pivot]
    right = [x for x in arr if x > pivot]
    return quick_sort(left) + middle + quick_sort(right)",5168,15.0,2,0.052851
27ffa85b,matrix_mult_optimized,"import numpy as np
def matrix_multiply_opt(A, B):
    return np.dot(A, B)",10123,15.0,2,0.949398
9864f6a6,bubble_sort,"def bubble_sort(arr):
    n = len(arr)
    for i in range(n):
        for j in range(0, n-i-1):
            if arr[j] > arr[j+1]:
                arr[j], arr[j+1] = arr[j+1], arr[j]",49886,65.0,8,2.373242
04c993d7,bubble_sort,"def bubble_sort(arr):
    n = len(arr)
    for i in range(n):
        for j in range(0, n-i-1):
            if arr[j] > arr[j+1]:
                arr[j], arr[j+1] = arr[j+1], arr[j]",100199,65.0,4,19.423679
66da1ef6,matrix_mult_optimized,"import numpy as np
def matrix_multiply_opt(A, B):
    return np.dot(A, B)",9624,125.0,8,1.798626
4485bcc6,matrix_mult_naive,"def matrix_multiply(A, B, N):
    C = [[0 for _ in range(N)] for _ in range(N)]
    for i in range(N):
        for j in range(N):
            for k in range(N):
                C[i][j] += A[i][k] * B[k][j]
    return C",9549,45.0,8,2.451548
131cd6c0,quick_sort,"def quick_sort(arr):
    if len(arr) <= 1:
        return arr
    pivot = arr[len(arr) // 2]
    left = [x for x in arr if x < pivot]
    middle = [x for x in arr if x == pivot]
    right = [x for x in arr if x > pivot]
    return quick_sort(left) + middle + quick_sort(right)",100069,65.0,16,2.411457
5030b5ba,busy_wait_anomaly,"import time
def poll_sensor(target_time, N):
    start = time.time()
    # ANOMALY: No sleep, pinning the CPU core to 100%
    while time.time() - start < (N / 100000):
        pass",10426,15.0,2,0.039748
c3be2278,busy_wait_anomaly,"import time
def poll_sensor(target_time, N):
    start = time.time()
    # ANOMALY: No sleep, pinning the CPU core to 100%
    while time.time() - start < (N / 100000):
        pass",99624,15.0,4,0.195503
04c1620e,busy_wait_anomaly,"import time
def poll_sensor(target_time, N):
    start = time.time()
    # ANOMALY: No sleep, pinning the CPU core to 100%
    while time.time() - start < (N / 100000):
        pass",775,65.0,4,0.006318
ed1add18,quick_sort,"def quick_sort(arr):
    if len(arr) <= 1:
        return arr
    pivot = arr[len(arr) // 2]
    left = [x for x in arr if x < pivot]
    middle = [x for x in arr if x == pivot]
    right = [x for x in arr if x > pivot]
    return quick_sort(left) + middle + quick_sort(right)",49553,15.0,16,0.187491
849d4c50,busy_wait_anomaly,"import time
def poll_sensor(target_time, N):
    start = time.time()
    # ANOMALY: No sleep, pinning the CPU core to 100%
    while time.time() - start < (N / 100000):
        pass",5027,15.0,2,0.018073
8d02adb9,quick_sort,"def quick_sort(arr):
    if len(arr) <= 1:
        return arr
    pivot = arr[len(arr) // 2]
    left = [x for x in arr if x < pivot]
    middle = [x for x in arr if x == pivot]
    right = [x for x in arr if x > pivot]
    return quick_sort(left) + middle + quick_sort(right)",100234,45.0,2,13.41909
e49256af,matrix_mult_naive,"def matrix_multiply(A, B, N):
    C = [[0 for _ in range(N)] for _ in range(N)]
    for i in range(N):
        for j in range(N):
            for k in range(N):
                C[i][j] += A[i][k] * B[k][j]
    return C",99986,15.0,4,1886.934221
ca5fb65b,quick_sort,"def quick_sort(arr):
    if len(arr) <= 1:
        return arr
    pivot = arr[len(arr) // 2]
    left = [x for x in arr if x < pivot]
    middle = [x for x in arr if x == pivot]
    right = [x for x in arr if x > pivot]
    return quick_sort(left) + middle + quick_sort(right)",100294,65.0,4,9.649475
4256b30a,quick_sort,"def quick_sort(arr):
    if len(arr) <= 1:
        return arr
    pivot = arr[len(arr) // 2]
    left = [x for x in arr if x < pivot]
    middle = [x for x in arr if x == pivot]
    right = [x for x in arr if x > pivot]
    return quick_sort(left) + middle + quick_sort(right)",50353,45.0,4,2.518036
d18fa017,bubble_sort,"def bubble_sort(arr):
    n = len(arr)
    for i in range(n):
        for j in range(0, n-i-1):
            if arr[j] > arr[j+1]:
                arr[j], arr[j+1] = arr[j+1], arr[j]",100324,45.0,8,7.128278
51fb2f7e,matrix_mult_naive,"def matrix_multiply(A, B, N):
    C = [[0 for _ in range(N)] for _ in range(N)]
    for i in range(N):
        for j in range(N):
            for k in range(N):
                C[i][j] += A[i][k] * B[k][j]
    return C",9893,125.0,8,7.781561
75ec6248,matrix_mult_naive,"def matrix_multiply(A, B, N):
    C = [[0 for _ in range(N)] for _ in range(N)]
    for i in range(N):
        for j in range(N):
            for k in range(N):
                C[i][j] += A[i][k] * B[k][j]
    return C",1214,15.0,2,0.00685
909c61fc,matrix_mult_optimized,"import numpy as np
def matrix_multiply_opt(A, B):
    return np.dot(A, B)",100107,45.0,8,430.704829
92dce5e0,quick_sort,"def quick_sort(arr):
    if len(arr) <= 1:
        return arr
    pivot = arr[len(arr) // 2]
    left = [x for x in arr if x < pivot]
    middle = [x for x in arr if x == pivot]
    right = [x for x in arr if x > pivot]
    return quick_sort(left) + middle + quick_sort(right)",1340,15.0,2,0.007146
f98d8e37,quick_sort,"def quick_sort(arr):
    if len(arr) <= 1:
        return arr
    pivot = arr[len(arr) // 2]
    left = [x for x in arr if x < pivot]
    middle = [x for x in arr if x == pivot]
    right = [x for x in arr if x > pivot]
    return quick_sort(left) + middle + quick_sort(right)",576,15.0,4,0.000976
26c48aac,quick_sort,"def quick_sort(arr):
    if len(arr) <= 1:
        return arr
    pivot = arr[len(arr) // 2]
    left = [x for x in arr if x < pivot]
    middle = [x for x in arr if x == pivot]
    right = [x for x in arr if x > pivot]
    return quick_sort(left) + middle + quick_sort(right)",49874,65.0,8,1.668423
5403a336,bubble_sort,"def bubble_sort(arr):
    n = len(arr)
    for i in range(n):
        for j in range(0, n-i-1):
            if arr[j] > arr[j+1]:
                arr[j], arr[j+1] = arr[j+1], arr[j]",1376,125.0,4,0.007388
bdc3ebe3,bubble_sort,"def bubble_sort(arr):
    n = len(arr)
    for i in range(n):
        for j in range(0, n-i-1):
            if arr[j] > arr[j+1]:
                arr[j], arr[j+1] = arr[j+1], arr[j]",50092,15.0,8,0.577148
ed14d738,busy_wait_anomaly,"import time
def poll_sensor(target_time, N):
    start = time.time()
    # ANOMALY: No sleep, pinning the CPU core to 100%
    while time.time() - start < (N / 100000):
        pass",49851,125.0,8,0.376047
8745c591,matrix_mult_naive,"def matrix_multiply(A, B, N):
    C = [[0 for _ in range(N)] for _ in range(N)]
    for i in range(N):
        for j in range(N):
            for k in range(N):
                C[i][j] += A[i][k] * B[k][j]
    return C",842,15.0,16,0.000269
19597792,bubble_sort,"def bubble_sort(arr):
    n = len(arr)
    for i in range(n):
        for j in range(0, n-i-1):
            if arr[j] > arr[j+1]:
                arr[j], arr[j+1] = arr[j+1], arr[j]",9743,125.0,4,0.365861
49eab867,quick_sort,"def quick_sort(arr):
    if len(arr) <= 1:
        return arr
    pivot = arr[len(arr) // 2]
    left = [x for x in arr if x < pivot]
    middle = [x for x in arr if x == pivot]
    right = [x for x in arr if x > pivot]
    return quick_sort(left) + middle + quick_sort(right)",1359,15.0,16,0.000929
f2a13953,matrix_mult_naive,"def matrix_multiply(A, B, N):
    C = [[0 for _ in range(N)] for _ in range(N)]
    for i in range(N):
        for j in range(N):
            for k in range(N):
                C[i][j] += A[i][k] * B[k][j]
    return C",5286,125.0,8,1.104346
eed99094,busy_wait_anomaly,"import time
def poll_sensor(target_time, N):
    start = time.time()
    # ANOMALY: No sleep, pinning the CPU core to 100%
    while time.time() - start < (N / 100000):
        pass",5049,45.0,8,0.013585
5a5439ac,matrix_mult_optimized,"import numpy as np
def matrix_multiply_opt(A, B):
    return np.dot(A, B)",505,65.0,4,0.000489
9b8baf9f,busy_wait_anomaly,"import time
def poll_sensor(target_time, N):
    start = time.time()
    # ANOMALY: No sleep, pinning the CPU core to 100%
    while time.time() - start < (N / 100000):
        pass",9646,125.0,16,0.037663
12c4b8b2,matrix_mult_optimized,"import numpy as np
def matrix_multiply_opt(A, B):
    return np.dot(A, B)",49656,45.0,2,261.211025
3682c84b,matrix_mult_naive,"def matrix_multiply(A, B, N):
    C = [[0 for _ in range(N)] for _ in range(N)]
    for i in range(N):
        for j in range(N):
            for k in range(N):
                C[i][j] += A[i][k] * B[k][j]
    return C",1206,125.0,4,0.027853
ba47ba8f,matrix_mult_naive,"def matrix_multiply(A, B, N):
    C = [[0 for _ in range(N)] for _ in range(N)]
    for i in range(N):
        for j in range(N):
            for k in range(N):
                C[i][j] += A[i][k] * B[k][j]
    return C",1211,125.0,2,0.05476
1af2aaf0,matrix_mult_naive,"def matrix_multiply(A, B, N):
    C = [[0 for _ in range(N)] for _ in range(N)]
    for i in range(N):
        for j in range(N):
            for k in range(N):
                C[i][j] += A[i][k] * B[k][j]
    return C",99570,65.0,8,3954.373547
6fa062bc,matrix_mult_optimized,"import numpy as np
def matrix_multiply_opt(A, B):
    return np.dot(A, B)",5297,65.0,8,0.17546
a44ad6db,bubble_sort,"def bubble_sort(arr):
    n = len(arr)
    for i in range(n):
        for j in range(0, n-i-1):
            if arr[j] > arr[j+1]:
                arr[j], arr[j+1] = arr[j+1], arr[j]",1282,45.0,8,0.001153
3c9534a1,matrix_mult_naive,"def matrix_multiply(A, B, N):
    C = [[0 for _ in range(N)] for _ in range(N)]
    for i in range(N):
        for j in range(N):
            for k in range(N):
                C[i][j] += A[i][k] * B[k][j]
    return C",963,65.0,4,0.0069
a00906fc,busy_wait_anomaly,"import time
def poll_sensor(target_time, N):
    start = time.time()
    # ANOMALY: No sleep, pinning the CPU core to 100%
    while time.time() - start < (N / 100000):
        pass",5012,65.0,4,0.042692
00423b82,matrix_mult_naive,"def matrix_multiply(A, B, N):
    C = [[0 for _ in range(N)] for _ in range(N)]
    for i in range(N):
        for j in range(N):
            for k in range(N):
                C[i][j] += A[i][k] * B[k][j]
    return C",566,45.0,2,0.001987
cc170e2d,bubble_sort,"def bubble_sort(arr):
    n = len(arr)
    for i in range(n):
        for j in range(0, n-i-1):
            if arr[j] > arr[j+1]:
                arr[j], arr[j+1] = arr[j+1], arr[j]",5323,65.0,16,0.013221
627a2633,matrix_mult_naive,"def matrix_multiply(A, B, N):
    C = [[0 for _ in range(N)] for _ in range(N)]
    for i in range(N):
        for j in range(N):
            for k in range(N):
                C[i][j] += A[i][k] * B[k][j]
    return C",4791,65.0,16,0.23076
dd7ccc0c,matrix_mult_naive,"def matrix_multiply(A, B, N):
    C = [[0 for _ in range(N)] for _ in range(N)]
    for i in range(N):
        for j in range(N):
            for k in range(N):
                C[i][j] += A[i][k] * B[k][j]
    return C",5280,15.0,16,0.069683
32526a04,matrix_mult_optimized,"import numpy as np
def matrix_multiply_opt(A, B):
    return np.dot(A, B)",50255,15.0,8,21.88594
3912e57f,bubble_sort,"def bubble_sort(arr):
    n = len(arr)
    for i in range(n):
        for j in range(0, n-i-1):
            if arr[j] > arr[j+1]:
                arr[j], arr[j+1] = arr[j+1], arr[j]",99610,125.0,8,18.622662
ca6df1fe,busy_wait_anomaly,"import time
def poll_sensor(target_time, N):
    start = time.time()
    # ANOMALY: No sleep, pinning the CPU core to 100%
    while time.time() - start < (N / 100000):
        pass",49652,15.0,16,0.02282
2cd40d27,busy_wait_anomaly,"import time
def poll_sensor(target_time, N):
    start = time.time()
    # ANOMALY: No sleep, pinning the CPU core to 100%
    while time.time() - start < (N / 100000):
        pass",50242,45.0,8,0.135867
ac5c3ac2,quick_sort,"def quick_sort(arr):
    if len(arr) <= 1:
        return arr
    pivot = arr[len(arr) // 2]
    left = [x for x in arr if x < pivot]
    middle = [x for x in arr if x == pivot]
    right = [x for x in arr if x > pivot]
    return quick_sort(left) + middle + quick_sort(right)",511,45.0,8,0.001268
ffe069f2,matrix_mult_optimized,"import numpy as np
def matrix_multiply_opt(A, B):
    return np.dot(A, B)",10469,45.0,2,3.278407
354cb87e,matrix_mult_naive,"def matrix_multiply(A, B, N):
    C = [[0 for _ in range(N)] for _ in range(N)]
    for i in range(N):
        for j in range(N):
            for k in range(N):
                C[i][j] += A[i][k] * B[k][j]
    return C",4751,125.0,4,1.60746
c878ddde,bubble_sort,"def bubble_sort(arr):
    n = len(arr)
    for i in range(n):
        for j in range(0, n-i-1):
            if arr[j] > arr[j+1]:
                arr[j], arr[j+1] = arr[j+1], arr[j]",50119,45.0,4,3.237859
89543ef4,quick_sort,"def quick_sort(arr):
    if len(arr) <= 1:
        return arr
    pivot = arr[len(arr) // 2]
    left = [x for x in arr if x < pivot]
    middle = [x for x in arr if x == pivot]
    right = [x for x in arr if x > pivot]
    return quick_sort(left) + middle + quick_sort(right)",100373,15.0,4,2.251182
37b71d81,quick_sort,"def quick_sort(arr):
    if len(arr) <= 1:
        return arr
    pivot = arr[len(arr) // 2]
    left = [x for x in arr if x < pivot]
    middle = [x for x in arr if x == pivot]
    right = [x for x in arr if x > pivot]
    return quick_sort(left) + middle + quick_sort(right)",1484,45.0,4,0.012133
8935006c,bubble_sort,"def bubble_sort(arr):
    n = len(arr)
    for i in range(n):
        for j in range(0, n-i-1):
            if arr[j] > arr[j+1]:
                arr[j], arr[j+1] = arr[j+1], arr[j]",4732,65.0,2,0.08414
268475db,matrix_mult_optimized,"import numpy as np
def matrix_multiply_opt(A, B):
    return np.dot(A, B)",50208,125.0,4,345.33715
4e32377b,matrix_mult_naive,"def matrix_multiply(A, B, N):
    C = [[0 for _ in range(N)] for _ in range(N)]
    for i in range(N):
        for j in range(N):
            for k in range(N):
                C[i][j] += A[i][k] * B[k][j]
    return C",510,125.0,4,0.002004
4977307e,matrix_mult_naive,"def matrix_multiply(A, B, N):
    C = [[0 for _ in range(N)] for _ in range(N)]
    for i in range(N):
        for j in range(N):
            for k in range(N):
                C[i][j] += A[i][k] * B[k][j]
    return C",1217,45.0,2,0.019446
9caaf256,quick_sort,"def quick_sort(arr):
    if len(arr) <= 1:
        return arr
    pivot = arr[len(arr) // 2]
    left = [x for x in arr if x < pivot]
    middle = [x for x in arr if x == pivot]
    right = [x for x in arr if x > pivot]
    return quick_sort(left) + middle + quick_sort(right)",50237,15.0,8,0.386915
1e699dd0,quick_sort,"def quick_sort(arr):
    if len(arr) <= 1:
        return arr
    pivot = arr[len(arr) // 2]
    left = [x for x in arr if x < pivot]
    middle = [x for x in arr if x == pivot]
    right = [x for x in arr if x > pivot]
    return quick_sort(left) + middle + quick_sort(right)",50063,65.0,4,3.615062
ff8f231f,quick_sort,"def quick_sort(arr):
    if len(arr) <= 1:
        return arr
    pivot = arr[len(arr) // 2]
    left = [x for x in arr if x < pivot]
    middle = [x for x in arr if x == pivot]
    right = [x for x in arr if x > pivot]
    return quick_sort(left) + middle + quick_sort(right)",4563,45.0,2,0.137099
670d4988,quick_sort,"def quick_sort(arr):
    if len(arr) <= 1:
        return arr
    pivot = arr[len(arr) // 2]
    left = [x for x in arr if x < pivot]
    middle = [x for x in arr if x == pivot]
    right = [x for x in arr if x > pivot]
    return quick_sort(left) + middle + quick_sort(right)",99640,45.0,16,1.649481
c2766fd3,matrix_mult_naive,"def matrix_multiply(A, B, N):
    C = [[0 for _ in range(N)] for _ in range(N)]
    for i in range(N):
        for j in range(N):
            for k in range(N):
                C[i][j] += A[i][k] * B[k][j]
    return C",49558,65.0,16,254.59208
3d1351cc,matrix_mult_optimized,"import numpy as np
def matrix_multiply_opt(A, B):
    return np.dot(A, B)",1313,45.0,8,0.00249
921c17e2,bubble_sort,"def bubble_sort(arr):
    n = len(arr)
    for i in range(n):
        for j in range(0, n-i-1):
            if arr[j] > arr[j+1]:
                arr[j], arr[j+1] = arr[j+1], arr[j]",847,125.0,16,0.000698
b4a127fe,bubble_sort,"def bubble_sort(arr):
    n = len(arr)
    for i in range(n):
        for j in range(0, n-i-1):
            if arr[j] > arr[j+1]:
                arr[j], arr[j+1] = arr[j+1], arr[j]",767,65.0,8,0.000561
81203fa0,busy_wait_anomaly,"import time
def poll_sensor(target_time, N):
    start = time.time()
    # ANOMALY: No sleep, pinning the CPU core to 100%
    while time.time() - start < (N / 100000):
        pass",99650,65.0,8,0.40839
60a8195a,bubble_sort,"def bubble_sort(arr):
    n = len(arr)
    for i in range(n):
        for j in range(0, n-i-1):
            if arr[j] > arr[j+1]:
                arr[j], arr[j+1] = arr[j+1], arr[j]",10301,125.0,4,0.416359
4a08b73b,quick_sort,"def quick_sort(arr):
    if len(arr) <= 1:
        return arr
    pivot = arr[len(arr) // 2]
    left = [x for x in arr if x < pivot]
    middle = [x for x in arr if x == pivot]
    right = [x for x in arr if x > pivot]
    return quick_sort(left) + middle + quick_sort(right)",9955,125.0,16,0.151252
b0bb493d,matrix_mult_naive,"def matrix_multiply(A, B, N):
    C = [[0 for _ in range(N)] for _ in range(N)]
    for i in range(N):
        for j in range(N):
            for k in range(N):
                C[i][j] += A[i][k] * B[k][j]
    return C",50424,125.0,8,1030.309438
ab672fcc,quick_sort,"def quick_sort(arr):
    if len(arr) <= 1:
        return arr
    pivot = arr[len(arr) // 2]
    left = [x for x in arr if x < pivot]
    middle = [x for x in arr if x == pivot]
    right = [x for x in arr if x > pivot]
    return quick_sort(left) + middle + quick_sort(right)",10151,15.0,2,0.152232
52ff2f6d,matrix_mult_naive,"def matrix_multiply(A, B, N):
    C = [[0 for _ in range(N)] for _ in range(N)]
    for i in range(N):
        for j in range(N):
            for k in range(N):
                C[i][j] += A[i][k] * B[k][j]
    return C",49912,45.0,4,683.669135
c49d30d7,matrix_mult_naive,"def matrix_multiply(A, B, N):
    C = [[0 for _ in range(N)] for _ in range(N)]
    for i in range(N):
        for j in range(N):
            for k in range(N):
                C[i][j] += A[i][k] * B[k][j]
    return C",1289,125.0,2,0.065969
1b90728c,matrix_mult_naive,"def matrix_multiply(A, B, N):
    C = [[0 for _ in range(N)] for _ in range(N)]
    for i in range(N):
        for j in range(N):
            for k in range(N):
                C[i][j] += A[i][k] * B[k][j]
    return C",50163,45.0,16,172.197624
8ae6299b,matrix_mult_naive,"def matrix_multiply(A, B, N):
    C = [[0 for _ in range(N)] for _ in range(N)]
    for i in range(N):
        for j in range(N):
            for k in range(N):
                C[i][j] += A[i][k] * B[k][j]
    return C",100353,45.0,4,5863.278016
43e7ea7d,busy_wait_anomaly,"import time
def poll_sensor(target_time, N):
    start = time.time()
    # ANOMALY: No sleep, pinning the CPU core to 100%
    while time.time() - start < (N / 100000):
        pass",9622,45.0,4,0.052048
4a802e36,quick_sort,"def quick_sort(arr):
    if len(arr) <= 1:
        return arr
    pivot = arr[len(arr) // 2]
    left = [x for x in arr if x < pivot]
    middle = [x for x in arr if x == pivot]
    right = [x for x in arr if x > pivot]
    return quick_sort(left) + middle + quick_sort(right)",49944,15.0,16,0.191447
170c16f2,matrix_mult_naive,"def matrix_multiply(A, B, N):
    C = [[0 for _ in range(N)] for _ in range(N)]
    for i in range(N):
        for j in range(N):
            for k in range(N):
                C[i][j] += A[i][k] * B[k][j]
    return C",1169,65.0,16,0.003344
39962b4f,matrix_mult_optimized,"import numpy as np
def matrix_multiply_opt(A, B):
    return np.dot(A, B)",1274,125.0,2,0.02429
0dc69ddb,matrix_mult_naive,"def matrix_multiply(A, B, N):
    C = [[0 for _ in range(N)] for _ in range(N)]
    for i in range(N):
        for j in range(N):
            for k in range(N):
                C[i][j] += A[i][k] * B[k][j]
    return C",1037,125.0,4,0.017967
9edf380b,quick_sort,"def quick_sort(arr):
    if len(arr) <= 1:
        return arr
    pivot = arr[len(arr) // 2]
    left = [x for x in arr if x < pivot]
    middle = [x for x in arr if x == pivot]
    right = [x for x in arr if x > pivot]
    return quick_sort(left) + middle + quick_sort(right)",49855,125.0,8,3.332143
976a249e,busy_wait_anomaly,"import time
def poll_sensor(target_time, N):
    start = time.time()
    # ANOMALY: No sleep, pinning the CPU core to 100%
    while time.time() - start < (N / 100000):
        pass",4990,65.0,2,0.083794
38cabf0e,bubble_sort,"def bubble_sort(arr):
    n = len(arr)
    for i in range(n):
        for j in range(0, n-i-1):
            if arr[j] > arr[j+1]:
                arr[j], arr[j+1] = arr[j+1], arr[j]",10368,15.0,16,0.012132
95583beb,busy_wait_anomaly,"import time
def poll_sensor(target_time, N):
    start = time.time()
    # ANOMALY: No sleep, pinning the CPU core to 100%
    while time.time() - start < (N / 100000):
        pass",562,15.0,2,0.002013
5061128d,busy_wait_anomaly,"import time
def poll_sensor(target_time, N):
    start = time.time()
    # ANOMALY: No sleep, pinning the CPU core to 100%
    while time.time() - start < (N / 100000):
        pass",50035,45.0,16,0.072125
546bbdd2,matrix_mult_naive,"def matrix_multiply(A, B, N):
    C = [[0 for _ in range(N)] for _ in range(N)]
    for i in range(N):
        for j in range(N):
            for k in range(N):
                C[i][j] += A[i][k] * B[k][j]
    return C",99538,15.0,16,471.871173
5e53ada2,matrix_mult_naive,"def matrix_multiply(A, B, N):
    C = [[0 for _ in range(N)] for _ in range(N)]
    for i in range(N):
        for j in range(N):
            for k in range(N):
                C[i][j] += A[i][k] * B[k][j]
    return C",5381,45.0,8,0.439793
fc8ea17d,matrix_mult_naive,"def matrix_multiply(A, B, N):
    C = [[0 for _ in range(N)] for _ in range(N)]
    for i in range(N):
        for j in range(N):
            for k in range(N):
                C[i][j] += A[i][k] * B[k][j]
    return C",9785,125.0,2,28.231486
d7c07a38,matrix_mult_optimized,"import numpy as np
def matrix_multiply_opt(A, B):
    return np.dot(A, B)",99991,45.0,16,225.278698
d991255e,quick_sort,"def quick_sort(arr):
    if len(arr) <= 1:
        return arr
    pivot = arr[len(arr) // 2]
    left = [x for x in arr if x < pivot]
    middle = [x for x in arr if x == pivot]
    right = [x for x in arr if x > pivot]
    return quick_sort(left) + middle + quick_sort(right)",4890,65.0,2,0.205171
7d470026,quick_sort,"def quick_sort(arr):
    if len(arr) <= 1:
        return arr
    pivot = arr[len(arr) // 2]
    left = [x for x in arr if x < pivot]
    middle = [x for x in arr if x == pivot]
    right = [x for x in arr if x > pivot]
    return quick_sort(left) + middle + quick_sort(right)",9657,15.0,4,0.069988
17694a72,busy_wait_anomaly,"import time
def poll_sensor(target_time, N):
    start = time.time()
    # ANOMALY: No sleep, pinning the CPU core to 100%
    while time.time() - start < (N / 100000):
        pass",5364,15.0,16,0.002506
9efbd48b,matrix_mult_optimized,"import numpy as np
def matrix_multiply_opt(A, B):
    return np.dot(A, B)",9554,45.0,2,2.480737
85c4edfe,quick_sort,"def quick_sort(arr):
    if len(arr) <= 1:
        return arr
    pivot = arr[len(arr) // 2]
    left = [x for x in arr if x < pivot]
    middle = [x for x in arr if x == pivot]
    right = [x for x in arr if x > pivot]
    return quick_sort(left) + middle + quick_sort(right)",10021,15.0,16,0.017189
f4711c1f,bubble_sort,"def bubble_sort(arr):
    n = len(arr)
    for i in range(n):
        for j in range(0, n-i-1):
            if arr[j] > arr[j+1]:
                arr[j], arr[j+1] = arr[j+1], arr[j]",5346,15.0,4,0.012729
1752258e,busy_wait_anomaly,"import time
def poll_sensor(target_time, N):
    start = time.time()
    # ANOMALY: No sleep, pinning the CPU core to 100%
    while time.time() - start < (N / 100000):
        pass",9894,125.0,16,0.04034
2a9a9699,busy_wait_anomaly,"import time
def poll_sensor(target_time, N):
    start = time.time()
    # ANOMALY: No sleep, pinning the CPU core to 100%
    while time.time() - start < (N / 100000):
        pass",10280,45.0,4,0.059852
a8538285,busy_wait_anomaly,"import time
def poll_sensor(target_time, N):
    start = time.time()
    # ANOMALY: No sleep, pinning the CPU core to 100%
    while time.time() - start < (N / 100000):
        pass",10328,125.0,8,0.082306
fc310a48,quick_sort,"def quick_sort(arr):
    if len(arr) <= 1:
        return arr
    pivot = arr[len(arr) // 2]
    left = [x for x in arr if x < pivot]
    middle = [x for x in arr if x == pivot]
    right = [x for x in arr if x > pivot]
    return quick_sort(left) + middle + quick_sort(right)",4971,45.0,2,0.142912
241f2bf6,matrix_mult_naive,"def matrix_multiply(A, B, N):
    C = [[0 for _ in range(N)] for _ in range(N)]
    for i in range(N):
        for j in range(N):
            for k in range(N):
                C[i][j] += A[i][k] * B[k][j]
    return C",1117,15.0,16,0.000662
4c0320d8,bubble_sort,"def bubble_sort(arr):
    n = len(arr)
    for i in range(n):
        for j in range(0, n-i-1):
            if arr[j] > arr[j+1]:
                arr[j], arr[j+1] = arr[j+1], arr[j]",523,125.0,2,0.001957
4bd14cd9,matrix_mult_naive,"def matrix_multiply(A, B, N):
    C = [[0 for _ in range(N)] for _ in range(N)]
    for i in range(N):
        for j in range(N):
            for k in range(N):
                C[i][j] += A[i][k] * B[k][j]
    return C",1434,125.0,16,0.011151
76bc0a9e,quick_sort,"def quick_sort(arr):
    if len(arr) <= 1:
        return arr
    pivot = arr[len(arr) // 2]
    left = [x for x in arr if x < pivot]
    middle = [x for x in arr if x == pivot]
    right = [x for x in arr if x > pivot]
    return quick_sort(left) + middle + quick_sort(right)",99583,45.0,16,1.704701
0c7b84f6,quick_sort,"def quick_sort(arr):
    if len(arr) <= 1:
        return arr
    pivot = arr[len(arr) // 2]
    left = [x for x in arr if x < pivot]
    middle = [x for x in arr if x == pivot]
    right = [x for x in arr if x > pivot]
    return quick_sort(left) + middle + quick_sort(right)",99827,15.0,16,0.542351
45211f23,matrix_mult_optimized,"import numpy as np
def matrix_multiply_opt(A, B):
    return np.dot(A, B)",4691,45.0,2,0.324638
90ca7a35,quick_sort,"def quick_sort(arr):
    if len(arr) <= 1:
        return arr
    pivot = arr[len(arr) // 2]
    left = [x for x in arr if x < pivot]
    middle = [x for x in arr if x == pivot]
    right = [x for x in arr if x > pivot]
    return quick_sort(left) + middle + quick_sort(right)",49523,15.0,8,0.379798
7b1a1cd5,bubble_sort,"def bubble_sort(arr):
    n = len(arr)
    for i in range(n):
        for j in range(0, n-i-1):
            if arr[j] > arr[j+1]:
                arr[j], arr[j+1] = arr[j+1], arr[j]",517,45.0,8,0.000186
31340565,matrix_mult_naive,"def matrix_multiply(A, B, N):
    C = [[0 for _ in range(N)] for _ in range(N)]
    for i in range(N):
        for j in range(N):
            for k in range(N):
                C[i][j] += A[i][k] * B[k][j]
    return C",4889,65.0,4,0.955807
1776a903,busy_wait_anomaly,"import time
def poll_sensor(target_time, N):
    start = time.time()
    # ANOMALY: No sleep, pinning the CPU core to 100%
    while time.time() - start < (N / 100000):
        pass",100017,45.0,8,0.275805
f67c2b7c,busy_wait_anomaly,"import time
def poll_sensor(target_time, N):
    start = time.time()
    # ANOMALY: No sleep, pinning the CPU core to 100%
    while time.time() - start < (N / 100000):
        pass",5288,65.0,2,0.089152
bce1dd6a,matrix_mult_naive,"def matrix_multiply(A, B, N):
    C = [[0 for _ in range(N)] for _ in range(N)]
    for i in range(N):
        for j in range(N):
            for k in range(N):
                C[i][j] += A[i][k] * B[k][j]
    return C",49538,125.0,16,484.5257
c3e8f469,quick_sort,"def quick_sort(arr):
    if len(arr) <= 1:
        return arr
    pivot = arr[len(arr) // 2]
    left = [x for x in arr if x < pivot]
    middle = [x for x in arr if x == pivot]
    right = [x for x in arr if x > pivot]
    return quick_sort(left) + middle + quick_sort(right)",100490,45.0,2,13.010399
eea87992,matrix_mult_naive,"def matrix_multiply(A, B, N):
    C = [[0 for _ in range(N)] for _ in range(N)]
    for i in range(N):
        for j in range(N):
            for k in range(N):
                C[i][j] += A[i][k] * B[k][j]
    return C",49684,45.0,8,348.325828
f9a304a3,bubble_sort,"def bubble_sort(arr):
    n = len(arr)
    for i in range(n):
        for j in range(0, n-i-1):
            if arr[j] > arr[j+1]:
                arr[j], arr[j+1] = arr[j+1], arr[j]",4671,15.0,4,0.010212
6d014830,quick_sort,"def quick_sort(arr):
    if len(arr) <= 1:
        return arr
    pivot = arr[len(arr) // 2]
    left = [x for x in arr if x < pivot]
    middle = [x for x in arr if x == pivot]
    right = [x for x in arr if x > pivot]
    return quick_sort(left) + middle + quick_sort(right)",99576,125.0,8,8.942111
c4c9646b,bubble_sort,"def bubble_sort(arr):
    n = len(arr)
    for i in range(n):
        for j in range(0, n-i-1):
            if arr[j] > arr[j+1]:
                arr[j], arr[j+1] = arr[j+1], arr[j]",4827,65.0,2,0.091882
a2d3fa35,bubble_sort,"def bubble_sort(arr):
    n = len(arr)
    for i in range(n):
        for j in range(0, n-i-1):
            if arr[j] > arr[j+1]:
                arr[j], arr[j+1] = arr[j+1], arr[j]",99857,15.0,4,4.367677
e742ac30,matrix_mult_naive,"def matrix_multiply(A, B, N):
    C = [[0 for _ in range(N)] for _ in range(N)]
    for i in range(N):
        for j in range(N):
            for k in range(N):
                C[i][j] += A[i][k] * B[k][j]
    return C",9708,45.0,8,2.455954
cdf39e5b,matrix_mult_naive,"def matrix_multiply(A, B, N):
    C = [[0 for _ in range(N)] for _ in range(N)]
    for i in range(N):
        for j in range(N):
            for k in range(N):
                C[i][j] += A[i][k] * B[k][j]
    return C",5315,125.0,2,4.876319
5d30587b,busy_wait_anomaly,"import time
def poll_sensor(target_time, N):
    start = time.time()
    # ANOMALY: No sleep, pinning the CPU core to 100%
    while time.time() - start < (N / 100000):
        pass",49973,15.0,16,0.02398
8a91352f,quick_sort,"def quick_sort(arr):
    if len(arr) <= 1:
        return arr
    pivot = arr[len(arr) // 2]
    left = [x for x in arr if x < pivot]
    middle = [x for x in arr if x == pivot]
    right = [x for x in arr if x > pivot]
    return quick_sort(left) + middle + quick_sort(right)",49944,45.0,2,4.689702
dacede31,bubble_sort,"def bubble_sort(arr):
    n = len(arr)
    for i in range(n):
        for j in range(0, n-i-1):
            if arr[j] > arr[j+1]:
                arr[j], arr[j+1] = arr[j+1], arr[j]",5020,15.0,4,0.011202
186ecd3a,matrix_mult_naive,"def matrix_multiply(A, B, N):
    C = [[0 for _ in range(N)] for _ in range(N)]
    for i in range(N):
        for j in range(N):
            for k in range(N):
                C[i][j] += A[i][k] * B[k][j]
    return C",4663,125.0,16,0.378765
7ffc7c45,matrix_mult_naive,"def matrix_multiply(A, B, N):
    C = [[0 for _ in range(N)] for _ in range(N)]
    for i in range(N):
        for j in range(N):
            for k in range(N):
                C[i][j] += A[i][k] * B[k][j]
    return C",99803,65.0,16,2023.206028
39957be3,quick_sort,"def quick_sort(arr):
    if len(arr) <= 1:
        return arr
    pivot = arr[len(arr) // 2]
    left = [x for x in arr if x < pivot]
    middle = [x for x in arr if x == pivot]
    right = [x for x in arr if x > pivot]
    return quick_sort(left) + middle + quick_sort(right)",10321,65.0,16,0.082642
e548e014,bubble_sort,"def bubble_sort(arr):
    n = len(arr)
    for i in range(n):
        for j in range(0, n-i-1):
            if arr[j] > arr[j+1]:
                arr[j], arr[j+1] = arr[j+1], arr[j]",625,125.0,4,0.001511
603388ce,busy_wait_anomaly,"import time
def poll_sensor(target_time, N):
    start = time.time()
    # ANOMALY: No sleep, pinning the CPU core to 100%
    while time.time() - start < (N / 100000):
        pass",99863,65.0,4,0.780107
7ddcd763,matrix_mult_optimized,"import numpy as np
def matrix_multiply_opt(A, B):
    return np.dot(A, B)",99708,45.0,2,1766.339032
d98007d8,matrix_mult_naive,"def matrix_multiply(A, B, N):
    C = [[0 for _ in range(N)] for _ in range(N)]
    for i in range(N):
        for j in range(N):
            for k in range(N):
                C[i][j] += A[i][k] * B[k][j]
    return C",4541,45.0,16,0.133197
639e7e46,bubble_sort,"def bubble_sort(arr):
    n = len(arr)
    for i in range(n):
        for j in range(0, n-i-1):
            if arr[j] > arr[j+1]:
                arr[j], arr[j+1] = arr[j+1], arr[j]",9679,125.0,16,0.090642
517170b9,busy_wait_anomaly,"import time
def poll_sensor(target_time, N):
    start = time.time()
    # ANOMALY: No sleep, pinning the CPU core to 100%
    while time.time() - start < (N / 100000):
        pass",5110,45.0,8,0.013731
9f98f6df,matrix_mult_optimized,"import numpy as np
def matrix_multiply_opt(A, B):
    return np.dot(A, B)",99561,45.0,8,440.051763
83538f30,quick_sort,"def quick_sort(arr):
    if len(arr) <= 1:
        return arr
    pivot = arr[len(arr) // 2]
    left = [x for x in arr if x < pivot]
    middle = [x for x in arr if x == pivot]
    right = [x for x in arr if x > pivot]
    return quick_sort(left) + middle + quick_sort(right)",4816,15.0,8,0.011593
67f67af4,matrix_mult_naive,"def matrix_multiply(A, B, N):
    C = [[0 for _ in range(N)] for _ in range(N)]
    for i in range(N):
        for j in range(N):
            for k in range(N):
                C[i][j] += A[i][k] * B[k][j]
    return C",100468,65.0,4,8508.745299
6c6788d9,matrix_mult_optimized,"import numpy as np
def matrix_multiply_opt(A, B):
    return np.dot(A, B)",5153,45.0,4,0.213577
e30cee57,bubble_sort,"def bubble_sort(arr):
    n = len(arr)
    for i in range(n):
        for j in range(0, n-i-1):
            if arr[j] > arr[j+1]:
                arr[j], arr[j+1] = arr[j+1], arr[j]",49762,125.0,2,17.695259
6a31133d,busy_wait_anomaly,"import time
def poll_sensor(target_time, N):
    start = time.time()
    # ANOMALY: No sleep, pinning the CPU core to 100%
    while time.time() - start < (N / 100000):
        pass",50059,45.0,4,0.277319
85e7bd45,bubble_sort,"def bubble_sort(arr):
    n = len(arr)
    for i in range(n):
        for j in range(0, n-i-1):
            if arr[j] > arr[j+1]:
                arr[j], arr[j+1] = arr[j+1], arr[j]",10107,15.0,2,0.088864
aad5d8e3,bubble_sort,"def bubble_sort(arr):
    n = len(arr)
    for i in range(n):
        for j in range(0, n-i-1):
            if arr[j] > arr[j+1]:
                arr[j], arr[j+1] = arr[j+1], arr[j]",4851,125.0,2,0.179241
9b38c38b,matrix_mult_optimized,"import numpy as np
def matrix_multiply_opt(A, B):
    return np.dot(A, B)",100109,65.0,2,2491.85127
2c3aec48,quick_sort,"def quick_sort(arr):
    if len(arr) <= 1:
        return arr
    pivot = arr[len(arr) // 2]
    left = [x for x in arr if x < pivot]
    middle = [x for x in arr if x == pivot]
    right = [x for x in arr if x > pivot]
    return quick_sort(left) + middle + quick_sort(right)",100306,45.0,8,3.50435
eb82cafe,quick_sort,"def quick_sort(arr):
    if len(arr) <= 1:
        return arr
    pivot = arr[len(arr) // 2]
    left = [x for x in arr if x < pivot]
    middle = [x for x in arr if x == pivot]
    right = [x for x in arr if x > pivot]
    return quick_sort(left) + middle + quick_sort(right)",5030,15.0,16,0.006033
d9746986,matrix_mult_optimized,"import numpy as np
def matrix_multiply_opt(A, B):
    return np.dot(A, B)",100325,65.0,2,2719.543382
afa9adc0,quick_sort,"def quick_sort(arr):
    if len(arr) <= 1:
        return arr
    pivot = arr[len(arr) // 2]
    left = [x for x in arr if x < pivot]
    middle = [x for x in arr if x == pivot]
    right = [x for x in arr if x > pivot]
    return quick_sort(left) + middle + quick_sort(right)",49851,15.0,8,0.401588
234d8128,busy_wait_anomaly,"import time
def poll_sensor(target_time, N):
    start = time.time()
    # ANOMALY: No sleep, pinning the CPU core to 100%
    while time.time() - start < (N / 100000):
        pass",5069,15.0,8,0.004907
b6c02ec3,busy_wait_anomaly,"import time
def poll_sensor(target_time, N):
    start = time.time()
    # ANOMALY: No sleep, pinning the CPU core to 100%
    while time.time() - start < (N / 100000):
        pass",4776,125.0,16,0.017792
ed6ca40f,quick_sort,"def quick_sort(arr):
    if len(arr) <= 1:
        return arr
    pivot = arr[len(arr) // 2]
    left = [x for x in arr if x < pivot]
    middle = [x for x in arr if x == pivot]
    right = [x for x in arr if x > pivot]
    return quick_sort(left) + middle + quick_sort(right)",10192,125.0,4,0.628866
6481658d,matrix_mult_naive,"def matrix_multiply(A, B, N):
    C = [[0 for _ in range(N)] for _ in range(N)]
    for i in range(N):
        for j in range(N):
            for k in range(N):
                C[i][j] += A[i][k] * B[k][j]
    return C",99800,65.0,16,2117.651934
9ee7172e,busy_wait_anomaly,"import time
def poll_sensor(target_time, N):
    start = time.time()
    # ANOMALY: No sleep, pinning the CPU core to 100%
    while time.time() - start < (N / 100000):
        pass",50033,125.0,2,1.591104
b398acd7,busy_wait_anomaly,"import time
def poll_sensor(target_time, N):
    start = time.time()
    # ANOMALY: No sleep, pinning the CPU core to 100%
    while time.time() - start < (N / 100000):
        pass",1484,15.0,4,0.002802
6e621b36,bubble_sort,"def bubble_sort(arr):
    n = len(arr)
    for i in range(n):
        for j in range(0, n-i-1):
            if arr[j] > arr[j+1]:
                arr[j], arr[j+1] = arr[j+1], arr[j]",99545,15.0,4,4.669759
c3f98076,bubble_sort,"def bubble_sort(arr):
    n = len(arr)
    for i in range(n):
        for j in range(0, n-i-1):
            if arr[j] > arr[j+1]:
                arr[j], arr[j+1] = arr[j+1], arr[j]",50247,65.0,16,1.249541
6c97e3d9,busy_wait_anomaly,"import time
def poll_sensor(target_time, N):
    start = time.time()
    # ANOMALY: No sleep, pinning the CPU core to 100%
    while time.time() - start < (N / 100000):
        pass",4526,65.0,2,0.073245
1bc5df1c,busy_wait_anomaly,"import time
def poll_sensor(target_time, N):
    start = time.time()
    # ANOMALY: No sleep, pinning the CPU core to 100%
    while time.time() - start < (N / 100000):
        pass",49734,125.0,16,0.201468
80427dc5,quick_sort,"def quick_sort(arr):
    if len(arr) <= 1:
        return arr
    pivot = arr[len(arr) // 2]
    left = [x for x in arr if x < pivot]
    middle = [x for x in arr if x == pivot]
    right = [x for x in arr if x > pivot]
    return quick_sort(left) + middle + quick_sort(right)",9854,125.0,16,0.141018
1e10a818,matrix_mult_optimized,"import numpy as np
def matrix_multiply_opt(A, B):
    return np.dot(A, B)",99730,15.0,4,295.058844
64b0a184,matrix_mult_naive,"def matrix_multiply(A, B, N):
    C = [[0 for _ in range(N)] for _ in range(N)]
    for i in range(N):
        for j in range(N):
            for k in range(N):
                C[i][j] += A[i][k] * B[k][j]
    return C",10148,125.0,4,15.807608
8504846a,matrix_mult_naive,"def matrix_multiply(A, B, N):
    C = [[0 for _ in range(N)] for _ in range(N)]
    for i in range(N):
        for j in range(N):
            for k in range(N):
                C[i][j] += A[i][k] * B[k][j]
    return C",99986,15.0,4,1787.185878
71ea325e,matrix_mult_optimized,"import numpy as np
def matrix_multiply_opt(A, B):
    return np.dot(A, B)",4932,65.0,4,0.28567
a95dee37,busy_wait_anomaly,"import time
def poll_sensor(target_time, N):
    start = time.time()
    # ANOMALY: No sleep, pinning the CPU core to 100%
    while time.time() - start < (N / 100000):
        pass",10344,65.0,4,0.081829
b7a241e6,quick_sort,"def quick_sort(arr):
    if len(arr) <= 1:
        return arr
    pivot = arr[len(arr) // 2]
    left = [x for x in arr if x < pivot]
    middle = [x for x in arr if x == pivot]
    right = [x for x in arr if x > pivot]
    return quick_sort(left) + middle + quick_sort(right)",1201,125.0,16,0.006155
c1f85a2f,matrix_mult_optimized,"import numpy as np
def matrix_multiply_opt(A, B):
    return np.dot(A, B)",1385,45.0,8,0.002807
f4674b95,bubble_sort,"def bubble_sort(arr):
    n = len(arr)
    for i in range(n):
        for j in range(0, n-i-1):
            if arr[j] > arr[j+1]:
                arr[j], arr[j+1] = arr[j+1], arr[j]",10462,125.0,16,0.09777
0360100a,bubble_sort,"def bubble_sort(arr):
    n = len(arr)
    for i in range(n):
        for j in range(0, n-i-1):
            if arr[j] > arr[j+1]:
                arr[j], arr[j+1] = arr[j+1], arr[j]",1173,65.0,2,0.005122
1f0a3a63,matrix_mult_naive,"def matrix_multiply(A, B, N):
    C = [[0 for _ in range(N)] for _ in range(N)]
    for i in range(N):
        for j in range(N):
            for k in range(N):
                C[i][j] += A[i][k] * B[k][j]
    return C",50141,65.0,8,512.651979
48e0d0be,matrix_mult_optimized,"import numpy as np
def matrix_multiply_opt(A, B):
    return np.dot(A, B)",50264,15.0,16,10.429221
83a84c2e,busy_wait_anomaly,"import time
def poll_sensor(target_time, N):
    start = time.time()
    # ANOMALY: No sleep, pinning the CPU core to 100%
    while time.time() - start < (N / 100000):
        pass",9794,15.0,2,0.038547
b808a552,matrix_mult_naive,"def matrix_multiply(A, B, N):
    C = [[0 for _ in range(N)] for _ in range(N)]
    for i in range(N):
        for j in range(N):
            for k in range(N):
                C[i][j] += A[i][k] * B[k][j]
    return C",5172,65.0,2,2.27216
ae1651fe,matrix_mult_naive,"def matrix_multiply(A, B, N):
    C = [[0 for _ in range(N)] for _ in range(N)]
    for i in range(N):
        for j in range(N):
            for k in range(N):
                C[i][j] += A[i][k] * B[k][j]
    return C",1001,15.0,2,0.003734
0444444a,busy_wait_anomaly,"import time
def poll_sensor(target_time, N):
    start = time.time()
    # ANOMALY: No sleep, pinning the CPU core to 100%
    while time.time() - start < (N / 100000):
        pass",664,65.0,2,0.01068
0dc11442,matrix_mult_naive,"def matrix_multiply(A, B, N):
    C = [[0 for _ in range(N)] for _ in range(N)]
    for i in range(N):
        for j in range(N):
            for k in range(N):
                C[i][j] += A[i][k] * B[k][j]
    return C",49837,45.0,2,1373.609701
87a8ff31,busy_wait_anomaly,"import time
def poll_sensor(target_time, N):
    start = time.time()
    # ANOMALY: No sleep, pinning the CPU core to 100%
    while time.time() - start < (N / 100000):
        pass",696,45.0,2,0.007641
1a794ba1,matrix_mult_naive,"def matrix_multiply(A, B, N):
    C = [[0 for _ in range(N)] for _ in range(N)]
    for i in range(N):
        for j in range(N):
            for k in range(N):
                C[i][j] += A[i][k] * B[k][j]
    return C",49711,15.0,2,481.078424
e950434c,quick_sort,"def quick_sort(arr):
    if len(arr) <= 1:
        return arr
    pivot = arr[len(arr) // 2]
    left = [x for x in arr if x < pivot]
    middle = [x for x in arr if x == pivot]
    right = [x for x in arr if x > pivot]
    return quick_sort(left) + middle + quick_sort(right)",4610,45.0,4,0.064393
25656e0b,bubble_sort,"def bubble_sort(arr):
    n = len(arr)
    for i in range(n):
        for j in range(0, n-i-1):
            if arr[j] > arr[j+1]:
                arr[j], arr[j+1] = arr[j+1], arr[j]",49507,15.0,4,1.068679
fd695889,quick_sort,"def quick_sort(arr):
    if len(arr) <= 1:
        return arr
    pivot = arr[len(arr) // 2]
    left = [x for x in arr if x < pivot]
    middle = [x for x in arr if x == pivot]
    right = [x for x in arr if x > pivot]
    return quick_sort(left) + middle + quick_sort(right)",49612,15.0,4,0.782747
db2c14b9,busy_wait_anomaly,"import time
def poll_sensor(target_time, N):
    start = time.time()
    # ANOMALY: No sleep, pinning the CPU core to 100%
    while time.time() - start < (N / 100000):
        pass",1110,125.0,16,0.004307
beacb73e,quick_sort,"def quick_sort(arr):
    if len(arr) <= 1:
        return arr
    pivot = arr[len(arr) // 2]
    left = [x for x in arr if x < pivot]
    middle = [x for x in arr if x == pivot]
    right = [x for x in arr if x > pivot]
    return quick_sort(left) + middle + quick_sort(right)",9677,125.0,16,0.138375
5bf0c8cf,quick_sort,"def quick_sort(arr):
    if len(arr) <= 1:
        return arr
    pivot = arr[len(arr) // 2]
    left = [x for x in arr if x < pivot]
    middle = [x for x in arr if x == pivot]
    right = [x for x in arr if x > pivot]
    return quick_sort(left) + middle + quick_sort(right)",100264,125.0,4,18.767447
893f25e9,matrix_mult_naive,"def matrix_multiply(A, B, N):
    C = [[0 for _ in range(N)] for _ in range(N)]
    for i in range(N):
        for j in range(N):
            for k in range(N):
                C[i][j] += A[i][k] * B[k][j]
    return C",99803,125.0,2,29863.685721
10f98510,busy_wait_anomaly,"import time
def poll_sensor(target_time, N):
    start = time.time()
    # ANOMALY: No sleep, pinning the CPU core to 100%
    while time.time() - start < (N / 100000):
        pass",4743,15.0,2,0.018314
94209137,quick_sort,"def quick_sort(arr):
    if len(arr) <= 1:
        return arr
    pivot = arr[len(arr) // 2]
    left = [x for x in arr if x < pivot]
    middle = [x for x in arr if x == pivot]
    right = [x for x in arr if x > pivot]
    return quick_sort(left) + middle + quick_sort(right)",9893,15.0,2,0.13831
9d9530c6,busy_wait_anomaly,"import time
def poll_sensor(target_time, N):
    start = time.time()
    # ANOMALY: No sleep, pinning the CPU core to 100%
    while time.time() - start < (N / 100000):
        pass",100030,45.0,8,0.294115
0c5f031b,matrix_mult_naive,"def matrix_multiply(A, B, N):
    C = [[0 for _ in range(N)] for _ in range(N)]
    for i in range(N):
        for j in range(N):
            for k in range(N):
                C[i][j] += A[i][k] * B[k][j]
    return C",5182,125.0,8,1.139422
ba84bf88,bubble_sort,"def bubble_sort(arr):
    n = len(arr)
    for i in range(n):
        for j in range(0, n-i-1):
            if arr[j] > arr[j+1]:
                arr[j], arr[j+1] = arr[j+1], arr[j]",923,125.0,4,0.003049
8facd176,matrix_mult_optimized,"import numpy as np
def matrix_multiply_opt(A, B):
    return np.dot(A, B)",100439,45.0,16,236.823262
6e3027eb,matrix_mult_optimized,"import numpy as np
def matrix_multiply_opt(A, B):
    return np.dot(A, B)",50316,45.0,8,67.869298
77a5f93d,busy_wait_anomaly,"import time
def poll_sensor(target_time, N):
    start = time.time()
    # ANOMALY: No sleep, pinning the CPU core to 100%
    while time.time() - start < (N / 100000):
        pass",1058,65.0,8,0.004274
e61f8757,busy_wait_anomaly,"import time
def poll_sensor(target_time, N):
    start = time.time()
    # ANOMALY: No sleep, pinning the CPU core to 100%
    while time.time() - start < (N / 100000):
        pass",5349,15.0,4,0.010124
6fd73172,bubble_sort,"def bubble_sort(arr):
    n = len(arr)
    for i in range(n):
        for j in range(0, n-i-1):
            if arr[j] > arr[j+1]:
                arr[j], arr[j+1] = arr[j+1], arr[j]",9948,15.0,4,0.044641
3868d371,busy_wait_anomaly,"import time
def poll_sensor(target_time, N):
    start = time.time()
    # ANOMALY: No sleep, pinning the CPU core to 100%
    while time.time() - start < (N / 100000):
        pass",681,65.0,4,0.005459
c1efc8bb,matrix_mult_naive,"def matrix_multiply(A, B, N):
    C = [[0 for _ in range(N)] for _ in range(N)]
    for i in range(N):
        for j in range(N):
            for k in range(N):
                C[i][j] += A[i][k] * B[k][j]
    return C",791,65.0,8,0.002013
db4341a6,quick_sort,"def quick_sort(arr):
    if len(arr) <= 1:
        return arr
    pivot = arr[len(arr) // 2]
    left = [x for x in arr if x < pivot]
    middle = [x for x in arr if x == pivot]
    right = [x for x in arr if x > pivot]
    return quick_sort(left) + middle + quick_sort(right)",10086,45.0,2,0.427168
c2ef7a28,busy_wait_anomaly,"import time
def poll_sensor(target_time, N):
    start = time.time()
    # ANOMALY: No sleep, pinning the CPU core to 100%
    while time.time() - start < (N / 100000):
        pass",9617,45.0,8,0.026277
071d8c3f,quick_sort,"def quick_sort(arr):
    if len(arr) <= 1:
        return arr
    pivot = arr[len(arr) // 2]
    left = [x for x in arr if x < pivot]
    middle = [x for x in arr if x == pivot]
    right = [x for x in arr if x > pivot]
    return quick_sort(left) + middle + quick_sort(right)",4726,45.0,8,0.03418
ddb9445c,matrix_mult_naive,"def matrix_multiply(A, B, N):
    C = [[0 for _ in range(N)] for _ in range(N)]
    for i in range(N):
        for j in range(N):
            for k in range(N):
                C[i][j] += A[i][k] * B[k][j]
    return C",10063,125.0,16,4.025478
b0c85886,matrix_mult_naive,"def matrix_multiply(A, B, N):
    C = [[0 for _ in range(N)] for _ in range(N)]
    for i in range(N):
        for j in range(N):
            for k in range(N):
                C[i][j] += A[i][k] * B[k][j]
    return C",100289,45.0,4,5792.554218
1b9ad514,quick_sort,"def quick_sort(arr):
    if len(arr) <= 1:
        return arr
    pivot = arr[len(arr) // 2]
    left = [x for x in arr if x < pivot]
    middle = [x for x in arr if x == pivot]
    right = [x for x in arr if x > pivot]
    return quick_sort(left) + middle + quick_sort(right)",99695,65.0,2,20.192967
7286ca2d,busy_wait_anomaly,"import time
def poll_sensor(target_time, N):
    start = time.time()
    # ANOMALY: No sleep, pinning the CPU core to 100%
    while time.time() - start < (N / 100000):
        pass",9967,65.0,4,0.078666
9c0859bf,busy_wait_anomaly,"import time
def poll_sensor(target_time, N):
    start = time.time()
    # ANOMALY: No sleep, pinning the CPU core to 100%
    while time.time() - start < (N / 100000):
        pass",4944,45.0,16,0.006802
46db4c35,matrix_mult_optimized,"import numpy as np
def matrix_multiply_opt(A, B):
    return np.dot(A, B)",99530,65.0,8,655.383014
b832ec4c,bubble_sort,"def bubble_sort(arr):
    n = len(arr)
    for i in range(n):
        for j in range(0, n-i-1):
            if arr[j] > arr[j+1]:
                arr[j], arr[j+1] = arr[j+1], arr[j]",10338,125.0,4,0.412828
2bc2f544,matrix_mult_optimized,"import numpy as np
def matrix_multiply_opt(A, B):
    return np.dot(A, B)",9707,45.0,2,2.587147
163c4f63,matrix_mult_optimized,"import numpy as np
def matrix_multiply_opt(A, B):
    return np.dot(A, B)",4941,65.0,2,0.579292
d5ec2bf0,quick_sort,"def quick_sort(arr):
    if len(arr) <= 1:
        return arr
    pivot = arr[len(arr) // 2]
    left = [x for x in arr if x < pivot]
    middle = [x for x in arr if x == pivot]
    right = [x for x in arr if x > pivot]
    return quick_sort(left) + middle + quick_sort(right)",887,125.0,8,0.008024
2eae7d20,matrix_mult_naive,"def matrix_multiply(A, B, N):
    C = [[0 for _ in range(N)] for _ in range(N)]
    for i in range(N):
        for j in range(N):
            for k in range(N):
                C[i][j] += A[i][k] * B[k][j]
    return C",1249,45.0,16,0.002637
f22d6382,busy_wait_anomaly,"import time
def poll_sensor(target_time, N):
    start = time.time()
    # ANOMALY: No sleep, pinning the CPU core to 100%
    while time.time() - start < (N / 100000):
        pass",4988,65.0,2,0.084451
bcbfbea5,busy_wait_anomaly,"import time
def poll_sensor(target_time, N):
    start = time.time()
    # ANOMALY: No sleep, pinning the CPU core to 100%
    while time.time() - start < (N / 100000):
        pass",1425,65.0,8,0.005856
eae34a8a,matrix_mult_optimized,"import numpy as np
def matrix_multiply_opt(A, B):
    return np.dot(A, B)",688,15.0,2,0.000552
806e647b,busy_wait_anomaly,"import time
def poll_sensor(target_time, N):
    start = time.time()
    # ANOMALY: No sleep, pinning the CPU core to 100%
    while time.time() - start < (N / 100000):
        pass",49903,45.0,8,0.13685
923dc167,matrix_mult_optimized,"import numpy as np
def matrix_multiply_opt(A, B):
    return np.dot(A, B)",99766,65.0,16,337.403748
0d40dc4f,matrix_mult_naive,"def matrix_multiply(A, B, N):
    C = [[0 for _ in range(N)] for _ in range(N)]
    for i in range(N):
        for j in range(N):
            for k in range(N):
                C[i][j] += A[i][k] * B[k][j]
    return C",1311,125.0,2,0.070961
9ae57302,busy_wait_anomaly,"import time
def poll_sensor(target_time, N):
    start = time.time()
    # ANOMALY: No sleep, pinning the CPU core to 100%
    while time.time() - start < (N / 100000):
        pass",10249,65.0,4,0.08553
5fb9ba3c,bubble_sort,"def bubble_sort(arr):
    n = len(arr)
    for i in range(n):
        for j in range(0, n-i-1):
            if arr[j] > arr[j+1]:
                arr[j], arr[j+1] = arr[j+1], arr[j]",10317,15.0,8,0.024308
fc8897e5,quick_sort,"def quick_sort(arr):
    if len(arr) <= 1:
        return arr
    pivot = arr[len(arr) // 2]
    left = [x for x in arr if x < pivot]
    middle = [x for x in arr if x == pivot]
    right = [x for x in arr if x > pivot]
    return quick_sort(left) + middle + quick_sort(right)",100254,45.0,8,3.414689
0f96574c,bubble_sort,"def bubble_sort(arr):
    n = len(arr)
    for i in range(n):
        for j in range(0, n-i-1):
            if arr[j] > arr[j+1]:
                arr[j], arr[j+1] = arr[j+1], arr[j]",50142,125.0,4,9.63018
a856c05b,busy_wait_anomaly,"import time
def poll_sensor(target_time, N):
    start = time.time()
    # ANOMALY: No sleep, pinning the CPU core to 100%
    while time.time() - start < (N / 100000):
        pass",10446,65.0,4,0.084216
da98c5f0,bubble_sort,"def bubble_sort(arr):
    n = len(arr)
    for i in range(n):
        for j in range(0, n-i-1):
            if arr[j] > arr[j+1]:
                arr[j], arr[j+1] = arr[j+1], arr[j]",49649,125.0,16,2.27315
bffcce60,matrix_mult_optimized,"import numpy as np
def matrix_multiply_opt(A, B):
    return np.dot(A, B)",99622,45.0,4,901.247645
01068168,quick_sort,"def quick_sort(arr):
    if len(arr) <= 1:
        return arr
    pivot = arr[len(arr) // 2]
    left = [x for x in arr if x < pivot]
    middle = [x for x in arr if x == pivot]
    right = [x for x in arr if x > pivot]
    return quick_sort(left) + middle + quick_sort(right)",1164,45.0,8,0.004342
67a9c869,quick_sort,"def quick_sort(arr):
    if len(arr) <= 1:
        return arr
    pivot = arr[len(arr) // 2]
    left = [x for x in arr if x < pivot]
    middle = [x for x in arr if x == pivot]
    right = [x for x in arr if x > pivot]
    return quick_sort(left) + middle + quick_sort(right)",50236,45.0,16,0.604152
973d6f58,busy_wait_anomaly,"import time
def poll_sensor(target_time, N):
    start = time.time()
    # ANOMALY: No sleep, pinning the CPU core to 100%
    while time.time() - start < (N / 100000):
        pass",1264,45.0,8,0.003487
7cf756d2,matrix_mult_naive,"def matrix_multiply(A, B, N):
    C = [[0 for _ in range(N)] for _ in range(N)]
    for i in range(N):
        for j in range(N):
            for k in range(N):
                C[i][j] += A[i][k] * B[k][j]
    return C",49555,125.0,4,1991.331722
67e0f407,matrix_mult_naive,"def matrix_multiply(A, B, N):
    C = [[0 for _ in range(N)] for _ in range(N)]
    for i in range(N):
        for j in range(N):
            for k in range(N):
                C[i][j] += A[i][k] * B[k][j]
    return C",5181,65.0,2,2.155524
23b84ba8,matrix_mult_optimized,"import numpy as np
def matrix_multiply_opt(A, B):
    return np.dot(A, B)",99908,45.0,8,449.885213
0238a117,busy_wait_anomaly,"import time
def poll_sensor(target_time, N):
    start = time.time()
    # ANOMALY: No sleep, pinning the CPU core to 100%
    while time.time() - start < (N / 100000):
        pass",99610,45.0,4,0.533328
c96c9fb3,bubble_sort,"def bubble_sort(arr):
    n = len(arr)
    for i in range(n):
        for j in range(0, n-i-1):
            if arr[j] > arr[j+1]:
                arr[j], arr[j+1] = arr[j+1], arr[j]",5287,15.0,4,0.013033
8bd7d3ee,matrix_mult_naive,"def matrix_multiply(A, B, N):
    C = [[0 for _ in range(N)] for _ in range(N)]
    for i in range(N):
        for j in range(N):
            for k in range(N):
                C[i][j] += A[i][k] * B[k][j]
    return C",49717,15.0,4,220.570788
34ce4deb,quick_sort,"def quick_sort(arr):
    if len(arr) <= 1:
        return arr
    pivot = arr[len(arr) // 2]
    left = [x for x in arr if x < pivot]
    middle = [x for x in arr if x == pivot]
    right = [x for x in arr if x > pivot]
    return quick_sort(left) + middle + quick_sort(right)",100470,125.0,8,9.71678
be5288d0,busy_wait_anomaly,"import time
def poll_sensor(target_time, N):
    start = time.time()
    # ANOMALY: No sleep, pinning the CPU core to 100%
    while time.time() - start < (N / 100000):
        pass",4738,125.0,16,0.018915
87331088,bubble_sort,"def bubble_sort(arr):
    n = len(arr)
    for i in range(n):
        for j in range(0, n-i-1):
            if arr[j] > arr[j+1]:
                arr[j], arr[j+1] = arr[j+1], arr[j]",1344,45.0,8,0.001279
ca17999b,busy_wait_anomaly,"import time
def poll_sensor(target_time, N):
    start = time.time()
    # ANOMALY: No sleep, pinning the CPU core to 100%
    while time.time() - start < (N / 100000):
        pass",9890,125.0,2,0.308174
ae356b2e,matrix_mult_optimized,"import numpy as np
def matrix_multiply_opt(A, B):
    return np.dot(A, B)",100244,65.0,2,2683.060558
863a0c67,bubble_sort,"def bubble_sort(arr):
    n = len(arr)
    for i in range(n):
        for j in range(0, n-i-1):
            if arr[j] > arr[j+1]:
                arr[j], arr[j+1] = arr[j+1], arr[j]",100169,125.0,16,9.640433
942512a5,matrix_mult_optimized,"import numpy as np
def matrix_multiply_opt(A, B):
    return np.dot(A, B)",9625,65.0,16,0.467828
13147908,busy_wait_anomaly,"import time
def poll_sensor(target_time, N):
    start = time.time()
    # ANOMALY: No sleep, pinning the CPU core to 100%
    while time.time() - start < (N / 100000):
        pass",99602,125.0,4,1.489905
a93a6b20,matrix_mult_naive,"def matrix_multiply(A, B, N):
    C = [[0 for _ in range(N)] for _ in range(N)]
    for i in range(N):
        for j in range(N):
            for k in range(N):
                C[i][j] += A[i][k] * B[k][j]
    return C",9550,125.0,2,26.452072
40b66b39,quick_sort,"def quick_sort(arr):
    if len(arr) <= 1:
        return arr
    pivot = arr[len(arr) // 2]
    left = [x for x in arr if x < pivot]
    middle = [x for x in arr if x == pivot]
    right = [x for x in arr if x > pivot]
    return quick_sort(left) + middle + quick_sort(right)",1473,65.0,8,0.008707
3b56a291,matrix_mult_optimized,"import numpy as np
def matrix_multiply_opt(A, B):
    return np.dot(A, B)",99739,15.0,8,144.114651
5a289ebf,matrix_mult_optimized,"import numpy as np
def matrix_multiply_opt(A, B):
    return np.dot(A, B)",100267,15.0,4,312.920379
3c0175a5,quick_sort,"def quick_sort(arr):
    if len(arr) <= 1:
        return arr
    pivot = arr[len(arr) // 2]
    left = [x for x in arr if x < pivot]
    middle = [x for x in arr if x == pivot]
    right = [x for x in arr if x > pivot]
    return quick_sort(left) + middle + quick_sort(right)",100310,45.0,8,3.506752
3876e800,quick_sort,"def quick_sort(arr):
    if len(arr) <= 1:
        return arr
    pivot = arr[len(arr) // 2]
    left = [x for x in arr if x < pivot]
    middle = [x for x in arr if x == pivot]
    right = [x for x in arr if x > pivot]
    return quick_sort(left) + middle + quick_sort(right)",5316,15.0,2,0.054942
783cac1d,bubble_sort,"def bubble_sort(arr):
    n = len(arr)
    for i in range(n):
        for j in range(0, n-i-1):
            if arr[j] > arr[j+1]:
                arr[j], arr[j+1] = arr[j+1], arr[j]",50464,65.0,4,5.07371
cd409eeb,matrix_mult_naive,"def matrix_multiply(A, B, N):
    C = [[0 for _ in range(N)] for _ in range(N)]
    for i in range(N):
        for j in range(N):
            for k in range(N):
                C[i][j] += A[i][k] * B[k][j]
    return C",789,125.0,4,0.007907
10501261,matrix_mult_naive,"def matrix_multiply(A, B, N):
    C = [[0 for _ in range(N)] for _ in range(N)]
    for i in range(N):
        for j in range(N):
            for k in range(N):
                C[i][j] += A[i][k] * B[k][j]
    return C",5402,125.0,16,0.638016
1ed51e7c,bubble_sort,"def bubble_sort(arr):
    n = len(arr)
    for i in range(n):
        for j in range(0, n-i-1):
            if arr[j] > arr[j+1]:
                arr[j], arr[j+1] = arr[j+1], arr[j]",9606,125.0,16,0.085536
488d37e1,quick_sort,"def quick_sort(arr):
    if len(arr) <= 1:
        return arr
    pivot = arr[len(arr) // 2]
    left = [x for x in arr if x < pivot]
    middle = [x for x in arr if x == pivot]
    right = [x for x in arr if x > pivot]
    return quick_sort(left) + middle + quick_sort(right)",4517,15.0,16,0.005249
4c11f9d2,quick_sort,"def quick_sort(arr):
    if len(arr) <= 1:
        return arr
    pivot = arr[len(arr) // 2]
    left = [x for x in arr if x < pivot]
    middle = [x for x in arr if x == pivot]
    right = [x for x in arr if x > pivot]
    return quick_sort(left) + middle + quick_sort(right)",9970,65.0,2,0.589476
a8e90a10,quick_sort,"def quick_sort(arr):
    if len(arr) <= 1:
        return arr
    pivot = arr[len(arr) // 2]
    left = [x for x in arr if x < pivot]
    middle = [x for x in arr if x == pivot]
    right = [x for x in arr if x > pivot]
    return quick_sort(left) + middle + quick_sort(right)",833,45.0,2,0.010645
d3ac5514,matrix_mult_naive,"def matrix_multiply(A, B, N):
    C = [[0 for _ in range(N)] for _ in range(N)]
    for i in range(N):
        for j in range(N):
            for k in range(N):
                C[i][j] += A[i][k] * B[k][j]
    return C",10285,45.0,2,11.994117
3edf41da,matrix_mult_naive,"def matrix_multiply(A, B, N):
    C = [[0 for _ in range(N)] for _ in range(N)]
    for i in range(N):
        for j in range(N):
            for k in range(N):
                C[i][j] += A[i][k] * B[k][j]
    return C",100264,65.0,16,2049.154823
dee84daa,matrix_mult_optimized,"import numpy as np
def matrix_multiply_opt(A, B):
    return np.dot(A, B)",5453,15.0,4,0.08929
5af7e122,busy_wait_anomaly,"import time
def poll_sensor(target_time, N):
    start = time.time()
    # ANOMALY: No sleep, pinning the CPU core to 100%
    while time.time() - start < (N / 100000):
        pass",10348,45.0,16,0.014353
da762904,busy_wait_anomaly,"import time
def poll_sensor(target_time, N):
    start = time.time()
    # ANOMALY: No sleep, pinning the CPU core to 100%
    while time.time() - start < (N / 100000):
        pass",100004,125.0,4,1.489153
9e9c667f,bubble_sort,"def bubble_sort(arr):
    n = len(arr)
    for i in range(n):
        for j in range(0, n-i-1):
            if arr[j] > arr[j+1]:
                arr[j], arr[j+1] = arr[j+1], arr[j]",49559,45.0,4,3.205437
b897b219,quick_sort,"def quick_sort(arr):
    if len(arr) <= 1:
        return arr
    pivot = arr[len(arr) // 2]
    left = [x for x in arr if x < pivot]
    middle = [x for x in arr if x == pivot]
    right = [x for x in arr if x > pivot]
    return quick_sort(left) + middle + quick_sort(right)",9821,45.0,8,0.106488
6997f32f,bubble_sort,"def bubble_sort(arr):
    n = len(arr)
    for i in range(n):
        for j in range(0, n-i-1):
            if arr[j] > arr[j+1]:
                arr[j], arr[j+1] = arr[j+1], arr[j]",50331,15.0,16,0.286203
06c8ba67,busy_wait_anomaly,"import time
def poll_sensor(target_time, N):
    start = time.time()
    # ANOMALY: No sleep, pinning the CPU core to 100%
    while time.time() - start < (N / 100000):
        pass",50440,15.0,8,0.046131
55e9cb28,bubble_sort,"def bubble_sort(arr):
    n = len(arr)
    for i in range(n):
        for j in range(0, n-i-1):
            if arr[j] > arr[j+1]:
                arr[j], arr[j+1] = arr[j+1], arr[j]",575,15.0,16,0.0001
a407b9ed,busy_wait_anomaly,"import time
def poll_sensor(target_time, N):
    start = time.time()
    # ANOMALY: No sleep, pinning the CPU core to 100%
    while time.time() - start < (N / 100000):
        pass",9533,45.0,16,0.013238
01cd6091,bubble_sort,"def bubble_sort(arr):
    n = len(arr)
    for i in range(n):
        for j in range(0, n-i-1):
            if arr[j] > arr[j+1]:
                arr[j], arr[j+1] = arr[j+1], arr[j]",4883,15.0,8,0.005298
7506b209,busy_wait_anomaly,"import time
def poll_sensor(target_time, N):
    start = time.time()
    # ANOMALY: No sleep, pinning the CPU core to 100%
    while time.time() - start < (N / 100000):
        pass",10175,45.0,16,0.014559
315a1f21,quick_sort,"def quick_sort(arr):
    if len(arr) <= 1:
        return arr
    pivot = arr[len(arr) // 2]
    left = [x for x in arr if x < pivot]
    middle = [x for x in arr if x == pivot]
    right = [x for x in arr if x > pivot]
    return quick_sort(left) + middle + quick_sort(right)",10061,65.0,4,0.321195
726d1aaf,quick_sort,"def quick_sort(arr):
    if len(arr) <= 1:
        return arr
    pivot = arr[len(arr) // 2]
    left = [x for x in arr if x < pivot]
    middle = [x for x in arr if x == pivot]
    right = [x for x in arr if x > pivot]
    return quick_sort(left) + middle + quick_sort(right)",50065,65.0,16,0.873827
e7eca187,busy_wait_anomaly,"import time
def poll_sensor(target_time, N):
    start = time.time()
    # ANOMALY: No sleep, pinning the CPU core to 100%
    while time.time() - start < (N / 100000):
        pass",50167,65.0,4,0.392011
d2e65fb3,matrix_mult_naive,"def matrix_multiply(A, B, N):
    C = [[0 for _ in range(N)] for _ in range(N)]
    for i in range(N):
        for j in range(N):
            for k in range(N):
                C[i][j] += A[i][k] * B[k][j]
    return C",9657,45.0,16,1.241883
d7a93446,busy_wait_anomaly,"import time
def poll_sensor(target_time, N):
    start = time.time()
    # ANOMALY: No sleep, pinning the CPU core to 100%
    while time.time() - start < (N / 100000):
        pass",50206,125.0,4,0.805108
fe86f25c,bubble_sort,"def bubble_sort(arr):
    n = len(arr)
    for i in range(n):
        for j in range(0, n-i-1):
            if arr[j] > arr[j+1]:
                arr[j], arr[j+1] = arr[j+1], arr[j]",49794,125.0,8,4.698323
b348d235,bubble_sort,"def bubble_sort(arr):
    n = len(arr)
    for i in range(n):
        for j in range(0, n-i-1):
            if arr[j] > arr[j+1]:
                arr[j], arr[j+1] = arr[j+1], arr[j]",9835,15.0,2,0.083396
b874b132,quick_sort,"def quick_sort(arr):
    if len(arr) <= 1:
        return arr
    pivot = arr[len(arr) // 2]
    left = [x for x in arr if x < pivot]
    middle = [x for x in arr if x == pivot]
    right = [x for x in arr if x > pivot]
    return quick_sort(left) + middle + quick_sort(right)",1101,125.0,8,0.010797
7f962587,busy_wait_anomaly,"import time
def poll_sensor(target_time, N):
    start = time.time()
    # ANOMALY: No sleep, pinning the CPU core to 100%
    while time.time() - start < (N / 100000):
        pass",99682,65.0,8,0.392482
91e776ca,matrix_mult_naive,"def matrix_multiply(A, B, N):
    C = [[0 for _ in range(N)] for _ in range(N)]
    for i in range(N):
        for j in range(N):
            for k in range(N):
                C[i][j] += A[i][k] * B[k][j]
    return C",782,125.0,2,0.015645
ccca22e3,bubble_sort,"def bubble_sort(arr):
    n = len(arr)
    for i in range(n):
        for j in range(0, n-i-1):
            if arr[j] > arr[j+1]:
                arr[j], arr[j+1] = arr[j+1], arr[j]",50276,15.0,16,0.27484
9f4cb31b,bubble_sort,"def bubble_sort(arr):
    n = len(arr)
    for i in range(n):
        for j in range(0, n-i-1):
            if arr[j] > arr[j+1]:
                arr[j], arr[j+1] = arr[j+1], arr[j]",1188,65.0,2,0.005274
748760ef,busy_wait_anomaly,"import time
def poll_sensor(target_time, N):
    start = time.time()
    # ANOMALY: No sleep, pinning the CPU core to 100%
    while time.time() - start < (N / 100000):
        pass",10351,15.0,2,0.039029
a46893d2,matrix_mult_optimized,"import numpy as np
def matrix_multiply_opt(A, B):
    return np.dot(A, B)",624,45.0,2,0.001226
810705ce,matrix_mult_naive,"def matrix_multiply(A, B, N):
    C = [[0 for _ in range(N)] for _ in range(N)]
    for i in range(N):
        for j in range(N):
            for k in range(N):
                C[i][j] += A[i][k] * B[k][j]
    return C",100354,15.0,4,1966.442139
c7502ef6,bubble_sort,"def bubble_sort(arr):
    n = len(arr)
    for i in range(n):
        for j in range(0, n-i-1):
            if arr[j] > arr[j+1]:
                arr[j], arr[j+1] = arr[j+1], arr[j]",50379,15.0,4,1.126645
aac9c412,busy_wait_anomaly,"import time
def poll_sensor(target_time, N):
    start = time.time()
    # ANOMALY: No sleep, pinning the CPU core to 100%
    while time.time() - start < (N / 100000):
        pass",100197,65.0,2,1.630509
2330c30d,matrix_mult_optimized,"import numpy as np
def matrix_multiply_opt(A, B):
    return np.dot(A, B)",4619,125.0,16,0.111717
7c68480e,matrix_mult_naive,"def matrix_multiply(A, B, N):
    C = [[0 for _ in range(N)] for _ in range(N)]
    for i in range(N):
        for j in range(N):
            for k in range(N):
                C[i][j] += A[i][k] * B[k][j]
    return C",901,65.0,4,0.00572
19c0dcec,matrix_mult_optimized,"import numpy as np
def matrix_multiply_opt(A, B):
    return np.dot(A, B)",1435,45.0,16,0.001493
68c30b7c,matrix_mult_optimized,"import numpy as np
def matrix_multiply_opt(A, B):
    return np.dot(A, B)",932,45.0,8,0.000886
f4a709fc,quick_sort,"def quick_sort(arr):
    if len(arr) <= 1:
        return arr
    pivot = arr[len(arr) // 2]
    left = [x for x in arr if x < pivot]
    middle = [x for x in arr if x == pivot]
    right = [x for x in arr if x > pivot]
    return quick_sort(left) + middle + quick_sort(right)",100018,45.0,8,3.514773
5f62b13d,busy_wait_anomaly,"import time
def poll_sensor(target_time, N):
    start = time.time()
    # ANOMALY: No sleep, pinning the CPU core to 100%
    while time.time() - start < (N / 100000):
        pass",5268,125.0,2,0.161734
ad7af6d0,matrix_mult_naive,"def matrix_multiply(A, B, N):
    C = [[0 for _ in range(N)] for _ in range(N)]
    for i in range(N):
        for j in range(N):
            for k in range(N):
                C[i][j] += A[i][k] * B[k][j]
    return C",50029,65.0,16,252.719091
9824b15b,matrix_mult_naive,"def matrix_multiply(A, B, N):
    C = [[0 for _ in range(N)] for _ in range(N)]
    for i in range(N):
        for j in range(N):
            for k in range(N):
                C[i][j] += A[i][k] * B[k][j]
    return C",99872,65.0,16,2094.92314
8c32e0fd,matrix_mult_naive,"def matrix_multiply(A, B, N):
    C = [[0 for _ in range(N)] for _ in range(N)]
    for i in range(N):
        for j in range(N):
            for k in range(N):
                C[i][j] += A[i][k] * B[k][j]
    return C",9759,125.0,2,29.909018
c1d7ed7b,busy_wait_anomaly,"import time
def poll_sensor(target_time, N):
    start = time.time()
    # ANOMALY: No sleep, pinning the CPU core to 100%
    while time.time() - start < (N / 100000):
        pass",99651,45.0,8,0.275634
7305ef7b,quick_sort,"def quick_sort(arr):
    if len(arr) <= 1:
        return arr
    pivot = arr[len(arr) // 2]
    left = [x for x in arr if x < pivot]
    middle = [x for x in arr if x == pivot]
    right = [x for x in arr if x > pivot]
    return quick_sort(left) + middle + quick_sort(right)",1308,65.0,4,0.014617
c8030c4c,bubble_sort,"def bubble_sort(arr):
    n = len(arr)
    for i in range(n):
        for j in range(0, n-i-1):
            if arr[j] > arr[j+1]:
                arr[j], arr[j+1] = arr[j+1], arr[j]",10375,15.0,2,0.097026
0b1fda5d,bubble_sort,"def bubble_sort(arr):
    n = len(arr)
    for i in range(n):
        for j in range(0, n-i-1):
            if arr[j] > arr[j+1]:
                arr[j], arr[j+1] = arr[j+1], arr[j]",696,45.0,4,0.000627
c8e6ce35,busy_wait_anomaly,"import time
def poll_sensor(target_time, N):
    start = time.time()
    # ANOMALY: No sleep, pinning the CPU core to 100%
    while time.time() - start < (N / 100000):
        pass",4670,15.0,8,0.004393
bedef0c1,quick_sort,"def quick_sort(arr):
    if len(arr) <= 1:
        return arr
    pivot = arr[len(arr) // 2]
    left = [x for x in arr if x < pivot]
    middle = [x for x in arr if x == pivot]
    right = [x for x in arr if x > pivot]
    return quick_sort(left) + middle + quick_sort(right)",4959,45.0,8,0.038327
90fb0294,bubble_sort,"def bubble_sort(arr):
    n = len(arr)
    for i in range(n):
        for j in range(0, n-i-1):
            if arr[j] > arr[j+1]:
                arr[j], arr[j+1] = arr[j+1], arr[j]",49938,45.0,8,1.746597
66542e9e,bubble_sort,"def bubble_sort(arr):
    n = len(arr)
    for i in range(n):
        for j in range(0, n-i-1):
            if arr[j] > arr[j+1]:
                arr[j], arr[j+1] = arr[j+1], arr[j]",10238,15.0,4,0.04816
6f52dfa8,matrix_mult_optimized,"import numpy as np
def matrix_multiply_opt(A, B):
    return np.dot(A, B)",9723,65.0,8,0.963067
1a0c29d8,bubble_sort,"def bubble_sort(arr):
    n = len(arr)
    for i in range(n):
        for j in range(0, n-i-1):
            if arr[j] > arr[j+1]:
                arr[j], arr[j+1] = arr[j+1], arr[j]",785,125.0,4,0.00221
121434e8,matrix_mult_optimized,"import numpy as np
def matrix_multiply_opt(A, B):
    return np.dot(A, B)",4562,15.0,16,0.012784
ea23a2aa,matrix_mult_optimized,"import numpy as np
def matrix_multiply_opt(A, B):
    return np.dot(A, B)",100031,125.0,2,4818.023875
4b5340a6,bubble_sort,"def bubble_sort(arr):
    n = len(arr)
    for i in range(n):
        for j in range(0, n-i-1):
            if arr[j] > arr[j+1]:
                arr[j], arr[j+1] = arr[j+1], arr[j]",1099,15.0,4,0.000526
0ad848f5,busy_wait_anomaly,"import time
def poll_sensor(target_time, N):
    start = time.time()
    # ANOMALY: No sleep, pinning the CPU core to 100%
    while time.time() - start < (N / 100000):
        pass",9686,15.0,2,0.03692
bfd353c5,matrix_mult_naive,"def matrix_multiply(A, B, N):
    C = [[0 for _ in range(N)] for _ in range(N)]
    for i in range(N):
        for j in range(N):
            for k in range(N):
                C[i][j] += A[i][k] * B[k][j]
    return C",1487,15.0,2,0.012117
2b4084ff,matrix_mult_optimized,"import numpy as np
def matrix_multiply_opt(A, B):
    return np.dot(A, B)",5411,45.0,2,0.484533
21753594,busy_wait_anomaly,"import time
def poll_sensor(target_time, N):
    start = time.time()
    # ANOMALY: No sleep, pinning the CPU core to 100%
    while time.time() - start < (N / 100000):
        pass",10327,65.0,4,0.08383
ca7aa860,matrix_mult_optimized,"import numpy as np
def matrix_multiply_opt(A, B):
    return np.dot(A, B)",9790,65.0,4,1.972891
0f4a4f9e,busy_wait_anomaly,"import time
def poll_sensor(target_time, N):
    start = time.time()
    # ANOMALY: No sleep, pinning the CPU core to 100%
    while time.time() - start < (N / 100000):
        pass",609,15.0,2,0.002298
5ce37411,bubble_sort,"def bubble_sort(arr):
    n = len(arr)
    for i in range(n):
        for j in range(0, n-i-1):
            if arr[j] > arr[j+1]:
                arr[j], arr[j+1] = arr[j+1], arr[j]",99921,65.0,16,4.697297
205d7ae4,quick_sort,"def quick_sort(arr):
    if len(arr) <= 1:
        return arr
    pivot = arr[len(arr) // 2]
    left = [x for x in arr if x < pivot]
    middle = [x for x in arr if x == pivot]
    right = [x for x in arr if x > pivot]
    return quick_sort(left) + middle + quick_sort(right)",100412,45.0,8,3.315194
1c3833fc,bubble_sort,"def bubble_sort(arr):
    n = len(arr)
    for i in range(n):
        for j in range(0, n-i-1):
            if arr[j] > arr[j+1]:
                arr[j], arr[j+1] = arr[j+1], arr[j]",50418,45.0,2,6.827392
fff0a397,busy_wait_anomaly,"import time
def poll_sensor(target_time, N):
    start = time.time()
    # ANOMALY: No sleep, pinning the CPU core to 100%
    while time.time() - start < (N / 100000):
        pass",1455,65.0,4,0.011841
74a65765,busy_wait_anomaly,"import time
def poll_sensor(target_time, N):
    start = time.time()
    # ANOMALY: No sleep, pinning the CPU core to 100%
    while time.time() - start < (N / 100000):
        pass",1398,125.0,2,0.045832
f3c02747,busy_wait_anomaly,"import time
def poll_sensor(target_time, N):
    start = time.time()
    # ANOMALY: No sleep, pinning the CPU core to 100%
    while time.time() - start < (N / 100000):
        pass",10139,45.0,8,0.028586
a3b95877,busy_wait_anomaly,"import time
def poll_sensor(target_time, N):
    start = time.time()
    # ANOMALY: No sleep, pinning the CPU core to 100%
    while time.time() - start < (N / 100000):
        pass",50184,15.0,16,0.023505
99270ba6,matrix_mult_naive,"def matrix_multiply(A, B, N):
    C = [[0 for _ in range(N)] for _ in range(N)]
    for i in range(N):
        for j in range(N):
            for k in range(N):
                C[i][j] += A[i][k] * B[k][j]
    return C",100438,15.0,8,985.526923
ea41c662,bubble_sort,"def bubble_sort(arr):
    n = len(arr)
    for i in range(n):
        for j in range(0, n-i-1):
            if arr[j] > arr[j+1]:
                arr[j], arr[j+1] = arr[j+1], arr[j]",9963,65.0,16,0.049211
33bb3b85,matrix_mult_naive,"def matrix_multiply(A, B, N):
    C = [[0 for _ in range(N)] for _ in range(N)]
    for i in range(N):
        for j in range(N):
            for k in range(N):
                C[i][j] += A[i][k] * B[k][j]
    return C",99500,15.0,2,3619.933239
80452774,busy_wait_anomaly,"import time
def poll_sensor(target_time, N):
    start = time.time()
    # ANOMALY: No sleep, pinning the CPU core to 100%
    while time.time() - start < (N / 100000):
        pass",100157,125.0,8,0.745656
e84308be,matrix_mult_optimized,"import numpy as np
def matrix_multiply_opt(A, B):
    return np.dot(A, B)",100382,15.0,16,78.612431
4d452001,busy_wait_anomaly,"import time
def poll_sensor(target_time, N):
    start = time.time()
    # ANOMALY: No sleep, pinning the CPU core to 100%
    while time.time() - start < (N / 100000):
        pass",100132,65.0,8,0.388165
3fa159f6,bubble_sort,"def bubble_sort(arr):
    n = len(arr)
    for i in range(n):
        for j in range(0, n-i-1):
            if arr[j] > arr[j+1]:
                arr[j], arr[j+1] = arr[j+1], arr[j]",1143,45.0,4,0.001686
13580b3d,matrix_mult_optimized,"import numpy as np
def matrix_multiply_opt(A, B):
    return np.dot(A, B)",50143,45.0,8,65.905229
627048ec,busy_wait_anomaly,"import time
def poll_sensor(target_time, N):
    start = time.time()
    # ANOMALY: No sleep, pinning the CPU core to 100%
    while time.time() - start < (N / 100000):
        pass",99743,125.0,4,1.605587
d17b3ff9,matrix_mult_optimized,"import numpy as np
def matrix_multiply_opt(A, B):
    return np.dot(A, B)",50070,125.0,8,181.620492
29afe071,bubble_sort,"def bubble_sort(arr):
    n = len(arr)
    for i in range(n):
        for j in range(0, n-i-1):
            if arr[j] > arr[j+1]:
                arr[j], arr[j+1] = arr[j+1], arr[j]",49759,125.0,16,2.366143
882484d6,quick_sort,"def quick_sort(arr):
    if len(arr) <= 1:
        return arr
    pivot = arr[len(arr) // 2]
    left = [x for x in arr if x < pivot]
    middle = [x for x in arr if x == pivot]
    right = [x for x in arr if x > pivot]
    return quick_sort(left) + middle + quick_sort(right)",50191,125.0,16,1.701522
9b8b1e1c,matrix_mult_optimized,"import numpy as np
def matrix_multiply_opt(A, B):
    return np.dot(A, B)",9879,15.0,4,0.472464
91aaffc8,bubble_sort,"def bubble_sort(arr):
    n = len(arr)
    for i in range(n):
        for j in range(0, n-i-1):
            if arr[j] > arr[j+1]:
                arr[j], arr[j+1] = arr[j+1], arr[j]",1199,125.0,8,0.002788
f15df071,quick_sort,"def quick_sort(arr):
    if len(arr) <= 1:
        return arr
    pivot = arr[len(arr) // 2]
    left = [x for x in arr if x < pivot]
    middle = [x for x in arr if x == pivot]
    right = [x for x in arr if x > pivot]
    return quick_sort(left) + middle + quick_sort(right)",5039,45.0,4,0.074225
e4cd647b,matrix_mult_optimized,"import numpy as np
def matrix_multiply_opt(A, B):
    return np.dot(A, B)",1399,15.0,8,0.000912
99e061bc,quick_sort,"def quick_sort(arr):
    if len(arr) <= 1:
        return arr
    pivot = arr[len(arr) // 2]
    left = [x for x in arr if x < pivot]
    middle = [x for x in arr if x == pivot]
    right = [x for x in arr if x > pivot]
    return quick_sort(left) + middle + quick_sort(right)",516,65.0,2,0.007209
6b649872,bubble_sort,"def bubble_sort(arr):
    n = len(arr)
    for i in range(n):
        for j in range(0, n-i-1):
            if arr[j] > arr[j+1]:
                arr[j], arr[j+1] = arr[j+1], arr[j]",580,65.0,2,0.001251
b991d09a,matrix_mult_naive,"def matrix_multiply(A, B, N):
    C = [[0 for _ in range(N)] for _ in range(N)]
    for i in range(N):
        for j in range(N):
            for k in range(N):
                C[i][j] += A[i][k] * B[k][j]
    return C",100349,45.0,8,2892.89979
d69245a3,matrix_mult_optimized,"import numpy as np
def matrix_multiply_opt(A, B):
    return np.dot(A, B)",10206,45.0,16,0.388882
89b71e85,matrix_mult_naive,"def matrix_multiply(A, B, N):
    C = [[0 for _ in range(N)] for _ in range(N)]
    for i in range(N):
        for j in range(N):
            for k in range(N):
                C[i][j] += A[i][k] * B[k][j]
    return C",49870,15.0,4,240.460281
393dddb8,quick_sort,"def quick_sort(arr):
    if len(arr) <= 1:
        return arr
    pivot = arr[len(arr) // 2]
    left = [x for x in arr if x < pivot]
    middle = [x for x in arr if x == pivot]
    right = [x for x in arr if x > pivot]
    return quick_sort(left) + middle + quick_sort(right)",673,45.0,4,0.003752
1820ebec,quick_sort,"def quick_sort(arr):
    if len(arr) <= 1:
        return arr
    pivot = arr[len(arr) // 2]
    left = [x for x in arr if x < pivot]
    middle = [x for x in arr if x == pivot]
    right = [x for x in arr if x > pivot]
    return quick_sort(left) + middle + quick_sort(right)",1100,125.0,2,0.042776
4a0f4095,busy_wait_anomaly,"import time
def poll_sensor(target_time, N):
    start = time.time()
    # ANOMALY: No sleep, pinning the CPU core to 100%
    while time.time() - start < (N / 100000):
        pass",795,45.0,8,0.002263
7595cddb,busy_wait_anomaly,"import time
def poll_sensor(target_time, N):
    start = time.time()
    # ANOMALY: No sleep, pinning the CPU core to 100%
    while time.time() - start < (N / 100000):
        pass",10043,125.0,8,0.077872
e2e30f80,quick_sort,"def quick_sort(arr):
    if len(arr) <= 1:
        return arr
    pivot = arr[len(arr) // 2]
    left = [x for x in arr if x < pivot]
    middle = [x for x in arr if x == pivot]
    right = [x for x in arr if x > pivot]
    return quick_sort(left) + middle + quick_sort(right)",1359,15.0,4,0.003562
b6b05832,bubble_sort,"def bubble_sort(arr):
    n = len(arr)
    for i in range(n):
        for j in range(0, n-i-1):
            if arr[j] > arr[j+1]:
                arr[j], arr[j+1] = arr[j+1], arr[j]",9941,15.0,16,0.011237
3666f1ca,busy_wait_anomaly,"import time
def poll_sensor(target_time, N):
    start = time.time()
    # ANOMALY: No sleep, pinning the CPU core to 100%
    while time.time() - start < (N / 100000):
        pass",50322,15.0,8,0.04951
334eda44,busy_wait_anomaly,"import time
def poll_sensor(target_time, N):
    start = time.time()
    # ANOMALY: No sleep, pinning the CPU core to 100%
    while time.time() - start < (N / 100000):
        pass",49946,45.0,2,0.543672
26e95113,busy_wait_anomaly,"import time
def poll_sensor(target_time, N):
    start = time.time()
    # ANOMALY: No sleep, pinning the CPU core to 100%
    while time.time() - start < (N / 100000):
        pass",1424,15.0,8,0.001338
2cec41d7,matrix_mult_naive,"def matrix_multiply(A, B, N):
    C = [[0 for _ in range(N)] for _ in range(N)]
    for i in range(N):
        for j in range(N):
            for k in range(N):
                C[i][j] += A[i][k] * B[k][j]
    return C",1010,15.0,4,0.00199
51d11d78,quick_sort,"def quick_sort(arr):
    if len(arr) <= 1:
        return arr
    pivot = arr[len(arr) // 2]
    left = [x for x in arr if x < pivot]
    middle = [x for x in arr if x == pivot]
    right = [x for x in arr if x > pivot]
    return quick_sort(left) + middle + quick_sort(right)",1290,15.0,4,0.003347
6a1c69e2,matrix_mult_naive,"def matrix_multiply(A, B, N):
    C = [[0 for _ in range(N)] for _ in range(N)]
    for i in range(N):
        for j in range(N):
            for k in range(N):
                C[i][j] += A[i][k] * B[k][j]
    return C",1177,65.0,8,0.006831
e6ebf165,busy_wait_anomaly,"import time
def poll_sensor(target_time, N):
    start = time.time()
    # ANOMALY: No sleep, pinning the CPU core to 100%
    while time.time() - start < (N / 100000):
        pass",9932,125.0,2,0.321932
84212cd7,quick_sort,"def quick_sort(arr):
    if len(arr) <= 1:
        return arr
    pivot = arr[len(arr) // 2]
    left = [x for x in arr if x < pivot]
    middle = [x for x in arr if x == pivot]
    right = [x for x in arr if x > pivot]
    return quick_sort(left) + middle + quick_sort(right)",1387,45.0,4,0.011331
48306a84,matrix_mult_optimized,"import numpy as np
def matrix_multiply_opt(A, B):
    return np.dot(A, B)",627,125.0,8,0.000835
0383c526,quick_sort,"def quick_sort(arr):
    if len(arr) <= 1:
        return arr
    pivot = arr[len(arr) // 2]
    left = [x for x in arr if x < pivot]
    middle = [x for x in arr if x == pivot]
    right = [x for x in arr if x > pivot]
    return quick_sort(left) + middle + quick_sort(right)",50116,15.0,16,0.203758
50c143b3,matrix_mult_naive,"def matrix_multiply(A, B, N):
    C = [[0 for _ in range(N)] for _ in range(N)]
    for i in range(N):
        for j in range(N):
            for k in range(N):
                C[i][j] += A[i][k] * B[k][j]
    return C",1491,15.0,8,0.003215
e4f1db26,busy_wait_anomaly,"import time
def poll_sensor(target_time, N):
    start = time.time()
    # ANOMALY: No sleep, pinning the CPU core to 100%
    while time.time() - start < (N / 100000):
        pass",9500,15.0,8,0.008973
9668dda3,bubble_sort,"def bubble_sort(arr):
    n = len(arr)
    for i in range(n):
        for j in range(0, n-i-1):
            if arr[j] > arr[j+1]:
                arr[j], arr[j+1] = arr[j+1], arr[j]",4674,15.0,4,0.010086
1dd4097b,matrix_mult_naive,"def matrix_multiply(A, B, N):
    C = [[0 for _ in range(N)] for _ in range(N)]
    for i in range(N):
        for j in range(N):
            for k in range(N):
                C[i][j] += A[i][k] * B[k][j]
    return C",4601,15.0,2,0.355608
22810bad,quick_sort,"def quick_sort(arr):
    if len(arr) <= 1:
        return arr
    pivot = arr[len(arr) // 2]
    left = [x for x in arr if x < pivot]
    middle = [x for x in arr if x == pivot]
    right = [x for x in arr if x > pivot]
    return quick_sort(left) + middle + quick_sort(right)",4919,65.0,4,0.101258
1b2c8d16,busy_wait_anomaly,"import time
def poll_sensor(target_time, N):
    start = time.time()
    # ANOMALY: No sleep, pinning the CPU core to 100%
    while time.time() - start < (N / 100000):
        pass",100452,65.0,16,0.204879
46d866af,quick_sort,"def quick_sort(arr):
    if len(arr) <= 1:
        return arr
    pivot = arr[len(arr) // 2]
    left = [x for x in arr if x < pivot]
    middle = [x for x in arr if x == pivot]
    right = [x for x in arr if x > pivot]
    return quick_sort(left) + middle + quick_sort(right)",638,65.0,2,0.010409
41e30e3d,matrix_mult_optimized,"import numpy as np
def matrix_multiply_opt(A, B):
    return np.dot(A, B)",10149,125.0,8,1.980833
4dffbf96,matrix_mult_naive,"def matrix_multiply(A, B, N):
    C = [[0 for _ in range(N)] for _ in range(N)]
    for i in range(N):
        for j in range(N):
            for k in range(N):
                C[i][j] += A[i][k] * B[k][j]
    return C",1426,125.0,2,0.088068
d4af1fac,busy_wait_anomaly,"import time
def poll_sensor(target_time, N):
    start = time.time()
    # ANOMALY: No sleep, pinning the CPU core to 100%
    while time.time() - start < (N / 100000):
        pass",1278,15.0,4,0.002408
f463dead,matrix_mult_naive,"def matrix_multiply(A, B, N):
    C = [[0 for _ in range(N)] for _ in range(N)]
    for i in range(N):
        for j in range(N):
            for k in range(N):
                C[i][j] += A[i][k] * B[k][j]
    return C",9781,65.0,4,7.449359
24c501a1,matrix_mult_naive,"def matrix_multiply(A, B, N):
    C = [[0 for _ in range(N)] for _ in range(N)]
    for i in range(N):
        for j in range(N):
            for k in range(N):
                C[i][j] += A[i][k] * B[k][j]
    return C",994,65.0,8,0.003932
bbefbd36,bubble_sort,"def bubble_sort(arr):
    n = len(arr)
    for i in range(n):
        for j in range(0, n-i-1):
            if arr[j] > arr[j+1]:
                arr[j], arr[j+1] = arr[j+1], arr[j]",99841,65.0,8,9.747938
c14bdd8d,matrix_mult_naive,"def matrix_multiply(A, B, N):
    C = [[0 for _ in range(N)] for _ in range(N)]
    for i in range(N):
        for j in range(N):
            for k in range(N):
                C[i][j] += A[i][k] * B[k][j]
    return C",49858,45.0,8,343.3166
dddf4b73,matrix_mult_optimized,"import numpy as np
def matrix_multiply_opt(A, B):
    return np.dot(A, B)",1461,125.0,8,0.008717
45b10edd,quick_sort,"def quick_sort(arr):
    if len(arr) <= 1:
        return arr
    pivot = arr[len(arr) // 2]
    left = [x for x in arr if x < pivot]
    middle = [x for x in arr if x == pivot]
    right = [x for x in arr if x > pivot]
    return quick_sort(left) + middle + quick_sort(right)",100215,65.0,16,2.540932
182bf7f0,matrix_mult_optimized,"import numpy as np
def matrix_multiply_opt(A, B):
    return np.dot(A, B)",100083,45.0,2,1735.282545
52ff50fa,bubble_sort,"def bubble_sort(arr):
    n = len(arr)
    for i in range(n):
        for j in range(0, n-i-1):
            if arr[j] > arr[j+1]:
                arr[j], arr[j+1] = arr[j+1], arr[j]",963,125.0,4,0.003411
8992258e,bubble_sort,"def bubble_sort(arr):
    n = len(arr)
    for i in range(n):
        for j in range(0, n-i-1):
            if arr[j] > arr[j+1]:
                arr[j], arr[j+1] = arr[j+1], arr[j]",49903,125.0,4,9.596007
96a7f79f,bubble_sort,"def bubble_sort(arr):
    n = len(arr)
    for i in range(n):
        for j in range(0, n-i-1):
            if arr[j] > arr[j+1]:
                arr[j], arr[j+1] = arr[j+1], arr[j]",4633,125.0,2,0.157819
363e194e,bubble_sort,"def bubble_sort(arr):
    n = len(arr)
    for i in range(n):
        for j in range(0, n-i-1):
            if arr[j] > arr[j+1]:
                arr[j], arr[j+1] = arr[j+1], arr[j]",936,125.0,8,0.00169
8465663d,quick_sort,"def quick_sort(arr):
    if len(arr) <= 1:
        return arr
    pivot = arr[len(arr) // 2]
    left = [x for x in arr if x < pivot]
    middle = [x for x in arr if x == pivot]
    right = [x for x in arr if x > pivot]
    return quick_sort(left) + middle + quick_sort(right)",1362,45.0,2,0.020819
c6056483,bubble_sort,"def bubble_sort(arr):
    n = len(arr)
    for i in range(n):
        for j in range(0, n-i-1):
            if arr[j] > arr[j+1]:
                arr[j], arr[j+1] = arr[j+1], arr[j]",841,65.0,8,0.000715
4914a82f,quick_sort,"def quick_sort(arr):
    if len(arr) <= 1:
        return arr
    pivot = arr[len(arr) // 2]
    left = [x for x in arr if x < pivot]
    middle = [x for x in arr if x == pivot]
    right = [x for x in arr if x > pivot]
    return quick_sort(left) + middle + quick_sort(right)",99611,125.0,4,18.687409
a83f1ff1,busy_wait_anomaly,"import time
def poll_sensor(target_time, N):
    start = time.time()
    # ANOMALY: No sleep, pinning the CPU core to 100%
    while time.time() - start < (N / 100000):
        pass",99621,125.0,2,3.217867
3abd44d0,busy_wait_anomaly,"import time
def poll_sensor(target_time, N):
    start = time.time()
    # ANOMALY: No sleep, pinning the CPU core to 100%
    while time.time() - start < (N / 100000):
        pass",4689,45.0,8,0.013016
246878a4,bubble_sort,"def bubble_sort(arr):
    n = len(arr)
    for i in range(n):
        for j in range(0, n-i-1):
            if arr[j] > arr[j+1]:
                arr[j], arr[j+1] = arr[j+1], arr[j]",1200,65.0,2,0.005511
40757517,matrix_mult_naive,"def matrix_multiply(A, B, N):
    C = [[0 for _ in range(N)] for _ in range(N)]
    for i in range(N):
        for j in range(N):
            for k in range(N):
                C[i][j] += A[i][k] * B[k][j]
    return C",10215,125.0,16,4.234228
ecd98a86,quick_sort,"def quick_sort(arr):
    if len(arr) <= 1:
        return arr
    pivot = arr[len(arr) // 2]
    left = [x for x in arr if x < pivot]
    middle = [x for x in arr if x == pivot]
    right = [x for x in arr if x > pivot]
    return quick_sort(left) + middle + quick_sort(right)",99971,125.0,8,9.41194
df0500eb,matrix_mult_naive,"def matrix_multiply(A, B, N):
    C = [[0 for _ in range(N)] for _ in range(N)]
    for i in range(N):
        for j in range(N):
            for k in range(N):
                C[i][j] += A[i][k] * B[k][j]
    return C",50354,125.0,16,506.877163
3947210f,matrix_mult_naive,"def matrix_multiply(A, B, N):
    C = [[0 for _ in range(N)] for _ in range(N)]
    for i in range(N):
        for j in range(N):
            for k in range(N):
                C[i][j] += A[i][k] * B[k][j]
    return C",99561,65.0,16,2019.637987
9416ac83,busy_wait_anomaly,"import time
def poll_sensor(target_time, N):
    start = time.time()
    # ANOMALY: No sleep, pinning the CPU core to 100%
    while time.time() - start < (N / 100000):
        pass",4962,65.0,2,0.077502
be473755,matrix_mult_naive,"def matrix_multiply(A, B, N):
    C = [[0 for _ in range(N)] for _ in range(N)]
    for i in range(N):
        for j in range(N):
            for k in range(N):
                C[i][j] += A[i][k] * B[k][j]
    return C",50132,125.0,2,3786.764036
7c80af03,bubble_sort,"def bubble_sort(arr):
    n = len(arr)
    for i in range(n):
        for j in range(0, n-i-1):
            if arr[j] > arr[j+1]:
                arr[j], arr[j+1] = arr[j+1], arr[j]",5494,65.0,2,0.116414
1c62d658,busy_wait_anomaly,"import time
def poll_sensor(target_time, N):
    start = time.time()
    # ANOMALY: No sleep, pinning the CPU core to 100%
    while time.time() - start < (N / 100000):
        pass",50243,65.0,2,0.811802
2854b7ab,bubble_sort,"def bubble_sort(arr):
    n = len(arr)
    for i in range(n):
        for j in range(0, n-i-1):
            if arr[j] > arr[j+1]:
                arr[j], arr[j+1] = arr[j+1], arr[j]",9551,125.0,4,0.341773
6404f34d,quick_sort,"def quick_sort(arr):
    if len(arr) <= 1:
        return arr
    pivot = arr[len(arr) // 2]
    left = [x for x in arr if x < pivot]
    middle = [x for x in arr if x == pivot]
    right = [x for x in arr if x > pivot]
    return quick_sort(left) + middle + quick_sort(right)",10184,15.0,2,0.143159
073456e8,matrix_mult_optimized,"import numpy as np
def matrix_multiply_opt(A, B):
    return np.dot(A, B)",10499,45.0,4,1.655648
5b75f9a0,matrix_mult_naive,"def matrix_multiply(A, B, N):
    C = [[0 for _ in range(N)] for _ in range(N)]
    for i in range(N):
        for j in range(N):
            for k in range(N):
                C[i][j] += A[i][k] * B[k][j]
    return C",1334,65.0,8,0.009452
abde08b1,bubble_sort,"def bubble_sort(arr):
    n = len(arr)
    for i in range(n):
        for j in range(0, n-i-1):
            if arr[j] > arr[j+1]:
                arr[j], arr[j+1] = arr[j+1], arr[j]",50162,125.0,4,9.887927
5193d693,matrix_mult_optimized,"import numpy as np
def matrix_multiply_opt(A, B):
    return np.dot(A, B)",675,45.0,2,0.001561
2170c129,busy_wait_anomaly,"import time
def poll_sensor(target_time, N):
    start = time.time()
    # ANOMALY: No sleep, pinning the CPU core to 100%
    while time.time() - start < (N / 100000):
        pass",706,45.0,16,0.000983
9884ea4f,quick_sort,"def quick_sort(arr):
    if len(arr) <= 1:
        return arr
    pivot = arr[len(arr) // 2]
    left = [x for x in arr if x < pivot]
    middle = [x for x in arr if x == pivot]
    right = [x for x in arr if x > pivot]
    return quick_sort(left) + middle + quick_sort(right)",100238,125.0,16,4.774046
f1cd7c21,busy_wait_anomaly,"import time
def poll_sensor(target_time, N):
    start = time.time()
    # ANOMALY: No sleep, pinning the CPU core to 100%
    while time.time() - start < (N / 100000):
        pass",50068,45.0,4,0.294821
f10d7d5d,matrix_mult_optimized,"import numpy as np
def matrix_multiply_opt(A, B):
    return np.dot(A, B)",50110,125.0,2,743.646747
3ea52b4e,matrix_mult_optimized,"import numpy as np
def matrix_multiply_opt(A, B):
    return np.dot(A, B)",99593,65.0,4,1291.302
c3d349b5,matrix_mult_optimized,"import numpy as np
def matrix_multiply_opt(A, B):
    return np.dot(A, B)",4787,45.0,16,0.045158
66da5948,bubble_sort,"def bubble_sort(arr):
    n = len(arr)
    for i in range(n):
        for j in range(0, n-i-1):
            if arr[j] > arr[j+1]:
                arr[j], arr[j+1] = arr[j+1], arr[j]",501,45.0,4,0.000347
07248b3e,quick_sort,"def quick_sort(arr):
    if len(arr) <= 1:
        return arr
    pivot = arr[len(arr) // 2]
    left = [x for x in arr if x < pivot]
    middle = [x for x in arr if x == pivot]
    right = [x for x in arr if x > pivot]
    return quick_sort(left) + middle + quick_sort(right)",49614,65.0,2,6.953135
47900130,bubble_sort,"def bubble_sort(arr):
    n = len(arr)
    for i in range(n):
        for j in range(0, n-i-1):
            if arr[j] > arr[j+1]:
                arr[j], arr[j+1] = arr[j+1], arr[j]",1490,15.0,16,0.000241
b92997fa,bubble_sort,"def bubble_sort(arr):
    n = len(arr)
    for i in range(n):
        for j in range(0, n-i-1):
            if arr[j] > arr[j+1]:
                arr[j], arr[j+1] = arr[j+1], arr[j]",99572,125.0,4,35.836192
cd28f10d,matrix_mult_naive,"def matrix_multiply(A, B, N):
    C = [[0 for _ in range(N)] for _ in range(N)]
    for i in range(N):
        for j in range(N):
            for k in range(N):
                C[i][j] += A[i][k] * B[k][j]
    return C",4582,125.0,8,0.752079
ffeece6f,matrix_mult_optimized,"import numpy as np
def matrix_multiply_opt(A, B):
    return np.dot(A, B)",4730,15.0,2,0.11541
bed8ceee,bubble_sort,"def bubble_sort(arr):
    n = len(arr)
    for i in range(n):
        for j in range(0, n-i-1):
            if arr[j] > arr[j+1]:
                arr[j], arr[j+1] = arr[j+1], arr[j]",10500,45.0,2,0.300658
feb34afd,matrix_mult_optimized,"import numpy as np
def matrix_multiply_opt(A, B):
    return np.dot(A, B)",49808,15.0,2,81.372671
2ceb7348,busy_wait_anomaly,"import time
def poll_sensor(target_time, N):
    start = time.time()
    # ANOMALY: No sleep, pinning the CPU core to 100%
    while time.time() - start < (N / 100000):
        pass",5152,125.0,16,0.019153
7cc84102,bubble_sort,"def bubble_sort(arr):
    n = len(arr)
    for i in range(n):
        for j in range(0, n-i-1):
            if arr[j] > arr[j+1]:
                arr[j], arr[j+1] = arr[j+1], arr[j]",1350,15.0,16,0.000197
20dcf3a3,quick_sort,"def quick_sort(arr):
    if len(arr) <= 1:
        return arr
    pivot = arr[len(arr) // 2]
    left = [x for x in arr if x < pivot]
    middle = [x for x in arr if x == pivot]
    right = [x for x in arr if x > pivot]
    return quick_sort(left) + middle + quick_sort(right)",9731,15.0,2,0.133546
9bc596bc,quick_sort,"def quick_sort(arr):
    if len(arr) <= 1:
        return arr
    pivot = arr[len(arr) // 2]
    left = [x for x in arr if x < pivot]
    middle = [x for x in arr if x == pivot]
    right = [x for x in arr if x > pivot]
    return quick_sort(left) + middle + quick_sort(right)",100414,15.0,16,0.573583
3c93debf,matrix_mult_optimized,"import numpy as np
def matrix_multiply_opt(A, B):
    return np.dot(A, B)",1010,65.0,4,0.003327
e1463520,matrix_mult_optimized,"import numpy as np
def matrix_multiply_opt(A, B):
    return np.dot(A, B)",100154,15.0,8,156.229922
5236a873,matrix_mult_naive,"def matrix_multiply(A, B, N):
    C = [[0 for _ in range(N)] for _ in range(N)]
    for i in range(N):
        for j in range(N):
            for k in range(N):
                C[i][j] += A[i][k] * B[k][j]
    return C",972,45.0,4,0.004965
7d788c23,bubble_sort,"def bubble_sort(arr):
    n = len(arr)
    for i in range(n):
        for j in range(0, n-i-1):
            if arr[j] > arr[j+1]:
                arr[j], arr[j+1] = arr[j+1], arr[j]",5320,45.0,8,0.018808
6780e7dc,bubble_sort,"def bubble_sort(arr):
    n = len(arr)
    for i in range(n):
        for j in range(0, n-i-1):
            if arr[j] > arr[j+1]:
                arr[j], arr[j+1] = arr[j+1], arr[j]",99621,65.0,4,19.573549
962b114d,matrix_mult_optimized,"import numpy as np
def matrix_multiply_opt(A, B):
    return np.dot(A, B)",1063,15.0,8,0.000429
af91fe41,busy_wait_anomaly,"import time
def poll_sensor(target_time, N):
    start = time.time()
    # ANOMALY: No sleep, pinning the CPU core to 100%
    while time.time() - start < (N / 100000):
        pass",1415,45.0,4,0.007806
7e142bc7,matrix_mult_naive,"def matrix_multiply(A, B, N):
    C = [[0 for _ in range(N)] for _ in range(N)]
    for i in range(N):
        for j in range(N):
            for k in range(N):
                C[i][j] += A[i][k] * B[k][j]
    return C",1108,125.0,8,0.011087
9d332e57,busy_wait_anomaly,"import time
def poll_sensor(target_time, N):
    start = time.time()
    # ANOMALY: No sleep, pinning the CPU core to 100%
    while time.time() - start < (N / 100000):
        pass",9632,15.0,4,0.018724
0b9ec848,bubble_sort,"def bubble_sort(arr):
    n = len(arr)
    for i in range(n):
        for j in range(0, n-i-1):
            if arr[j] > arr[j+1]:
                arr[j], arr[j+1] = arr[j+1], arr[j]",99555,45.0,4,13.584804
52006930,matrix_mult_naive,"def matrix_multiply(A, B, N):
    C = [[0 for _ in range(N)] for _ in range(N)]
    for i in range(N):
        for j in range(N):
            for k in range(N):
                C[i][j] += A[i][k] * B[k][j]
    return C",602,65.0,8,0.000868
0bf1f233,busy_wait_anomaly,"import time
def poll_sensor(target_time, N):
    start = time.time()
    # ANOMALY: No sleep, pinning the CPU core to 100%
    while time.time() - start < (N / 100000):
        pass",1425,15.0,8,0.001367
f0c4fc3d,busy_wait_anomaly,"import time
def poll_sensor(target_time, N):
    start = time.time()
    # ANOMALY: No sleep, pinning the CPU core to 100%
    while time.time() - start < (N / 100000):
        pass",50199,65.0,16,0.105128
b0c8cd4f,quick_sort,"def quick_sort(arr):
    if len(arr) <= 1:
        return arr
    pivot = arr[len(arr) // 2]
    left = [x for x in arr if x < pivot]
    middle = [x for x in arr if x == pivot]
    right = [x for x in arr if x > pivot]
    return quick_sort(left) + middle + quick_sort(right)",9717,15.0,8,0.035052
2af8907a,bubble_sort,"def bubble_sort(arr):
    n = len(arr)
    for i in range(n):
        for j in range(0, n-i-1):
            if arr[j] > arr[j+1]:
                arr[j], arr[j+1] = arr[j+1], arr[j]",5087,45.0,16,0.008569
c0ad1577,matrix_mult_naive,"def matrix_multiply(A, B, N):
    C = [[0 for _ in range(N)] for _ in range(N)]
    for i in range(N):
        for j in range(N):
            for k in range(N):
                C[i][j] += A[i][k] * B[k][j]
    return C",1090,65.0,2,0.020654
16b29c7b,matrix_mult_optimized,"import numpy as np
def matrix_multiply_opt(A, B):
    return np.dot(A, B)",1279,45.0,2,0.00855
d44e97fd,busy_wait_anomaly,"import time
def poll_sensor(target_time, N):
    start = time.time()
    # ANOMALY: No sleep, pinning the CPU core to 100%
    while time.time() - start < (N / 100000):
        pass",5204,65.0,4,0.040361
9bd2a1f3,busy_wait_anomaly,"import time
def poll_sensor(target_time, N):
    start = time.time()
    # ANOMALY: No sleep, pinning the CPU core to 100%
    while time.time() - start < (N / 100000):
        pass",4994,125.0,8,0.039449
936e0528,matrix_mult_naive,"def matrix_multiply(A, B, N):
    C = [[0 for _ in range(N)] for _ in range(N)]
    for i in range(N):
        for j in range(N):
            for k in range(N):
                C[i][j] += A[i][k] * B[k][j]
    return C",5259,45.0,8,0.392756
8abb4104,quick_sort,"def quick_sort(arr):
    if len(arr) <= 1:
        return arr
    pivot = arr[len(arr) // 2]
    left = [x for x in arr if x < pivot]
    middle = [x for x in arr if x == pivot]
    right = [x for x in arr if x > pivot]
    return quick_sort(left) + middle + quick_sort(right)",9725,125.0,16,0.135618
79a485f4,quick_sort,"def quick_sort(arr):
    if len(arr) <= 1:
        return arr
    pivot = arr[len(arr) // 2]
    left = [x for x in arr if x < pivot]
    middle = [x for x in arr if x == pivot]
    right = [x for x in arr if x > pivot]
    return quick_sort(left) + middle + quick_sort(right)",100264,45.0,2,13.009586
9abd50f9,busy_wait_anomaly,"import time
def poll_sensor(target_time, N):
    start = time.time()
    # ANOMALY: No sleep, pinning the CPU core to 100%
    while time.time() - start < (N / 100000):
        pass",9962,65.0,16,0.019406
9d236916,matrix_mult_optimized,"import numpy as np
def matrix_multiply_opt(A, B):
    return np.dot(A, B)",49858,15.0,16,11.108989
bf74417d,matrix_mult_naive,"def matrix_multiply(A, B, N):
    C = [[0 for _ in range(N)] for _ in range(N)]
    for i in range(N):
        for j in range(N):
            for k in range(N):
                C[i][j] += A[i][k] * B[k][j]
    return C",1456,45.0,2,0.034959
7771a4dc,busy_wait_anomaly,"import time
def poll_sensor(target_time, N):
    start = time.time()
    # ANOMALY: No sleep, pinning the CPU core to 100%
    while time.time() - start < (N / 100000):
        pass",895,65.0,16,0.00187
9d31ba89,matrix_mult_naive,"def matrix_multiply(A, B, N):
    C = [[0 for _ in range(N)] for _ in range(N)]
    for i in range(N):
        for j in range(N):
            for k in range(N):
                C[i][j] += A[i][k] * B[k][j]
    return C",9868,125.0,2,30.490137
01431cf2,matrix_mult_naive,"def matrix_multiply(A, B, N):
    C = [[0 for _ in range(N)] for _ in range(N)]
    for i in range(N):
        for j in range(N):
            for k in range(N):
                C[i][j] += A[i][k] * B[k][j]
    return C",99826,15.0,16,489.096769
f7ea3760,quick_sort,"def quick_sort(arr):
    if len(arr) <= 1:
        return arr
    pivot = arr[len(arr) // 2]
    left = [x for x in arr if x < pivot]
    middle = [x for x in arr if x == pivot]
    right = [x for x in arr if x > pivot]
    return quick_sort(left) + middle + quick_sort(right)",9957,45.0,16,0.054648
2486d1fb,quick_sort,"def quick_sort(arr):
    if len(arr) <= 1:
        return arr
    pivot = arr[len(arr) // 2]
    left = [x for x in arr if x < pivot]
    middle = [x for x in arr if x == pivot]
    right = [x for x in arr if x > pivot]
    return quick_sort(left) + middle + quick_sort(right)",1245,125.0,8,0.013109
568578b6,matrix_mult_naive,"def matrix_multiply(A, B, N):
    C = [[0 for _ in range(N)] for _ in range(N)]
    for i in range(N):
        for j in range(N):
            for k in range(N):
                C[i][j] += A[i][k] * B[k][j]
    return C",710,45.0,16,0.000507
8f935482,matrix_mult_optimized,"import numpy as np
def matrix_multiply_opt(A, B):
    return np.dot(A, B)",50284,125.0,2,732.643123
caf6de51,matrix_mult_naive,"def matrix_multiply(A, B, N):
    C = [[0 for _ in range(N)] for _ in range(N)]
    for i in range(N):
        for j in range(N):
            for k in range(N):
                C[i][j] += A[i][k] * B[k][j]
    return C",1162,125.0,8,0.011952
f9cbb7a3,matrix_mult_optimized,"import numpy as np
def matrix_multiply_opt(A, B):
    return np.dot(A, B)",49680,125.0,4,336.394878
fe0fa583,busy_wait_anomaly,"import time
def poll_sensor(target_time, N):
    start = time.time()
    # ANOMALY: No sleep, pinning the CPU core to 100%
    while time.time() - start < (N / 100000):
        pass",49859,45.0,2,0.576133
