snippet_id,path,language,input_scale_N,hardware_tdp,hardware_cores,target_energy_joules
adf7ea8a,data\snippets\adf7ea8a.py,9882,65.0,8,0.096211
4b1de1c1,data\snippets\4b1de1c1.py,10295,125.0,8,0.188978
865fc290,data\snippets\865fc290.py,99975,65.0,2,15573.097061
16ebe8f0,data\snippets\16ebe8f0.py,100458,125.0,2,31505.297465
686c9e65,data\snippets\686c9e65.py,99591,15.0,2,3725.328376
36e50d30,data\snippets\36e50d30.py,99682,125.0,16,9.041224
a000d07c,data\snippets\a000d07c.py,4552,125.0,2,0.370658
d3d3e95d,data\snippets\d3d3e95d.py,5263,65.0,16,0.010275
bdd1910d,data\snippets\bdd1910d.py,874,15.0,2,0.002584
0d728ac8,data\snippets\0d728ac8.py,5129,15.0,8,0.006026
9d608f1e,data\snippets\9d608f1e.py,713,65.0,4,0.001235
d6c7dacc,data\snippets\d6c7dacc.py,50325,15.0,8,22.081813
d284db34,data\snippets\d284db34.py,706,45.0,2,0.0013
f029b9ac,data\snippets\f029b9ac.py,10450,65.0,4,0.323571
6d400241,data\snippets\6d400241.py,50080,15.0,2,1.615836
f87a4061,data\snippets\f87a4061.py,9612,125.0,2,0.289324
23886d44,data\snippets\23886d44.py,10356,45.0,4,1.559737
d82c0822,data\snippets\d82c0822.py,100393,65.0,8,0.41354
5352ce57,data\snippets\5352ce57.py,4919,45.0,4,0.670756
625ace30,data\snippets\625ace30.py,546,65.0,8,0.000642
0962fbc7,data\snippets\0962fbc7.py,1474,45.0,8,0.003392
707630c7,data\snippets\707630c7.py,9814,45.0,8,0.026862
a9e9ce53,data\snippets\a9e9ce53.py,49803,65.0,8,523.029742
232c3167,data\snippets\232c3167.py,9912,45.0,4,0.13016
0819b16f,data\snippets\0819b16f.py,5066,15.0,16,0.002484
8ecaee90,data\snippets\8ecaee90.py,1197,125.0,8,0.009351
cdc5ca15,data\snippets\cdc5ca15.py,4643,65.0,16,0.060434
4ce265e9,data\snippets\4ce265e9.py,1021,15.0,4,0.001892
ddadc7d3,data\snippets\ddadc7d3.py,1466,45.0,4,0.006265
7172b294,data\snippets\7172b294.py,50365,45.0,16,0.068667
8ad00670,data\snippets\8ad00670.py,49843,15.0,16,10.26345
1aeab9f1,data\snippets\1aeab9f1.py,4739,125.0,4,0.475336
447e7ae2,data\snippets\447e7ae2.py,49803,15.0,8,0.402378
3745c322,data\snippets\3745c322.py,9931,45.0,16,0.054414
043e1ab9,data\snippets\043e1ab9.py,5351,125.0,16,0.058263
8a7a269e,data\snippets\8a7a269e.py,771,15.0,4,0.000878
1789a508,data\snippets\1789a508.py,4525,125.0,2,2.885225
4f67739b,data\snippets\4f67739b.py,731,15.0,16,0.0001
3e248ea0,data\snippets\3e248ea0.py,1329,45.0,16,0.00251
66e4e855,data\snippets\66e4e855.py,99737,65.0,4,0.836504
98deceba,data\snippets\98deceba.py,5031,125.0,16,0.023691
1c83822a,data\snippets\1c83822a.py,100372,65.0,16,2044.7326
b18baa30,data\snippets\b18baa30.py,49794,125.0,4,9.260304
ae928fc3,data\snippets\ae928fc3.py,5171,15.0,4,0.251276
6886dcf2,data\snippets\6886dcf2.py,100451,65.0,16,2.42195
0db3cb06,data\snippets\0db3cb06.py,9907,125.0,2,1.140048
cb030c9e,data\snippets\cb030c9e.py,99616,45.0,16,1324.52568
bec1085d,data\snippets\bec1085d.py,838,125.0,16,0.003642
65b9fdf1,data\snippets\65b9fdf1.py,895,15.0,2,0.003908
2f953d6e,data\snippets\2f953d6e.py,100016,65.0,2,15789.781966
2aaa4134,data\snippets\2aaa4134.py,4797,65.0,2,0.087508
34e2f227,data\snippets\34e2f227.py,49749,15.0,8,0.414404
d1d8ae6d,data\snippets\d1d8ae6d.py,4897,65.0,16,0.236792
6639dcd8,data\snippets\6639dcd8.py,50327,15.0,2,494.140048
1e321226,data\snippets\1e321226.py,50388,45.0,8,354.739102
2ad69e89,data\snippets\2ad69e89.py,99692,45.0,8,6.839105
10cbd1d1,data\snippets\10cbd1d1.py,5224,125.0,4,2.307131
12d0decb,data\snippets\12d0decb.py,635,15.0,4,0.000176
d18fe014,data\snippets\d18fe014.py,5472,125.0,8,0.117887
3dbf7c6c,data\snippets\3dbf7c6c.py,967,15.0,8,0.000896
8396f01f,data\snippets\8396f01f.py,50450,15.0,2,0.191328
8c255a0d,data\snippets\8c255a0d.py,4974,45.0,4,0.027058
68b16c48,data\snippets\68b16c48.py,4831,65.0,8,0.453069
e85a6a2c,data\snippets\e85a6a2c.py,9693,125.0,2,27.119543
586c9152,data\snippets\586c9152.py,9503,15.0,2,0.131235
95529b6e,data\snippets\95529b6e.py,5258,65.0,4,0.054789
3c302a1d,data\snippets\3c302a1d.py,756,15.0,4,0.000355
fd708fda,data\snippets\fd708fda.py,49778,15.0,8,111.003577
697ca777,data\snippets\697ca777.py,100203,45.0,16,1.729843
66142e44,data\snippets\66142e44.py,1089,65.0,4,0.002297
6b06d701,data\snippets\6b06d701.py,10446,45.0,16,1.569998
9fd75c1e,data\snippets\9fd75c1e.py,815,65.0,16,0.000468
9fb8ee43,data\snippets\9fb8ee43.py,50265,45.0,2,270.074171
50fb0890,data\snippets\50fb0890.py,99876,15.0,8,1.084836
ce53c555,data\snippets\ce53c555.py,1310,65.0,4,0.014873
ce943cf5,data\snippets\ce943cf5.py,10029,15.0,16,0.018075
c072515a,data\snippets\c072515a.py,9649,15.0,2,0.037095
536de537,data\snippets\536de537.py,9756,125.0,8,1.818052
0ee57b78,data\snippets\0ee57b78.py,99973,65.0,2,37.564572
caf1e3f9,data\snippets\caf1e3f9.py,988,65.0,4,0.009563
77e61aca,data\snippets\77e61aca.py,50018,125.0,8,182.246497
c52e2b61,data\snippets\c52e2b61.py,100123,65.0,2,18.661754
6d529237,data\snippets\6d529237.py,50232,15.0,4,45.470696
f159ece3,data\snippets\f159ece3.py,9968,45.0,4,5.422675
de464427,data\snippets\de464427.py,99991,15.0,2,4.694245
4f3acea9,data\snippets\4f3acea9.py,10109,15.0,4,0.018943
36d15c64,data\snippets\36d15c64.py,5213,45.0,16,0.007658
3a3026f2,data\snippets\3a3026f2.py,49580,65.0,2,1984.416779
f17a8562,data\snippets\f17a8562.py,4823,45.0,2,0.062459
7435b20e,data\snippets\7435b20e.py,5208,15.0,2,0.544723
e25ab595,data\snippets\e25ab595.py,9708,125.0,16,3.396212
1d2c5ac2,data\snippets\1d2c5ac2.py,5009,15.0,2,0.023412
9b11774b,data\snippets\9b11774b.py,50113,125.0,16,501.423158
4220383e,data\snippets\4220383e.py,4880,15.0,8,0.033197
ee95dce3,data\snippets\ee95dce3.py,9742,15.0,2,0.137931
e4519675,data\snippets\e4519675.py,9545,45.0,16,0.318103
96d4c431,data\snippets\96d4c431.py,10123,15.0,16,0.011632
b4168069,data\snippets\b4168069.py,10295,15.0,4,0.049105
dae15360,data\snippets\dae15360.py,4517,125.0,8,0.036353
b110e922,data\snippets\b110e922.py,100330,65.0,2,39.427064
89ae254a,data\snippets\89ae254a.py,49781,15.0,16,10.402275
35927fa1,data\snippets\35927fa1.py,702,65.0,4,0.005995
887c9c6e,data\snippets\887c9c6e.py,1105,15.0,16,0.000635
daff24ac,data\snippets\daff24ac.py,100485,125.0,16,4115.600168
8ca047d8,data\snippets\8ca047d8.py,49939,125.0,2,3805.352443
e9004913,data\snippets\e9004913.py,9610,45.0,4,5.11818
9d61ad8f,data\snippets\9d61ad8f.py,9568,45.0,8,0.095986
7a224f76,data\snippets\7a224f76.py,49855,15.0,4,242.862627
1d1cafc6,data\snippets\1d1cafc6.py,10061,15.0,8,0.022878
63e038ca,data\snippets\63e038ca.py,49658,45.0,16,0.59703
57624aec,data\snippets\57624aec.py,100352,125.0,2,37.85283
ea26523b,data\snippets\ea26523b.py,745,65.0,2,0.002091
5948fd1b,data\snippets\5948fd1b.py,99809,45.0,8,0.278093
d3500bb1,data\snippets\d3500bb1.py,4620,125.0,8,0.036843
0d376ce8,data\snippets\0d376ce8.py,805,45.0,8,0.002377
072f85f9,data\snippets\072f85f9.py,9599,45.0,4,0.202033
5f03caea,data\snippets\5f03caea.py,49802,65.0,16,1.253077
3ee4e3fe,data\snippets\3ee4e3fe.py,1285,65.0,4,0.006841
151efff0,data\snippets\151efff0.py,49537,15.0,4,0.777789
ef6ed696,data\snippets\ef6ed696.py,50462,125.0,16,0.187899
93c036cf,data\snippets\93c036cf.py,5306,125.0,16,0.058536
8203a234,data\snippets\8203a234.py,49690,65.0,16,0.859005
c43c981e,data\snippets\c43c981e.py,50494,45.0,8,1.158714
bd7c8698,data\snippets\bd7c8698.py,100140,65.0,8,4217.46192
f764982f,data\snippets\f764982f.py,10079,125.0,2,0.79922
a800b7b1,data\snippets\a800b7b1.py,5156,45.0,16,0.007334
d190a964,data\snippets\d190a964.py,1327,15.0,2,0.001616
43a94873,data\snippets\43a94873.py,9999,15.0,16,0.478864
a4ed431d,data\snippets\a4ed431d.py,5126,45.0,4,0.028054
cdaa5de6,data\snippets\cdaa5de6.py,9783,45.0,8,0.063927
0742702e,data\snippets\0742702e.py,10389,65.0,2,4.448167
65d3f3ef,data\snippets\65d3f3ef.py,663,15.0,4,0.001285
0d8b6a41,data\snippets\0d8b6a41.py,99711,15.0,2,602.055966
2725b91d,data\snippets\2725b91d.py,49604,45.0,8,65.911759
07f8217e,data\snippets\07f8217e.py,4888,45.0,8,0.331447
b623b880,data\snippets\b623b880.py,4655,125.0,8,0.779126
345f6811,data\snippets\345f6811.py,100341,125.0,2,2.988469
a366d7a2,data\snippets\a366d7a2.py,9880,65.0,2,3.900625
423c6f8b,data\snippets\423c6f8b.py,49671,15.0,2,84.584039
e3f73f21,data\snippets\e3f73f21.py,4654,15.0,2,0.019761
704390de,data\snippets\704390de.py,49865,65.0,4,180.615813
3fea6c9e,data\snippets\3fea6c9e.py,5097,15.0,4,0.244927
566505da,data\snippets\566505da.py,1490,65.0,4,0.004248
b6cd095b,data\snippets\b6cd095b.py,50182,45.0,8,62.118842
c9bba1e8,data\snippets\c9bba1e8.py,5332,65.0,4,0.054258
94ea4509,data\snippets\94ea4509.py,50420,15.0,16,0.277448
0585de33,data\snippets\0585de33.py,1043,45.0,8,0.001214
1844eb24,data\snippets\1844eb24.py,99528,15.0,4,1904.864927
41dea33f,data\snippets\41dea33f.py,100441,45.0,4,0.559804
917b40fd,data\snippets\917b40fd.py,1266,15.0,2,0.006532
c0ebabab,data\snippets\c0ebabab.py,100273,45.0,4,6.49153
07ef95f6,data\snippets\07ef95f6.py,9910,125.0,2,1.158258
a8687266,data\snippets\a8687266.py,1302,15.0,2,0.003288
fc709d7b,data\snippets\fc709d7b.py,49840,125.0,8,178.086996
23e05754,data\snippets\23e05754.py,100330,15.0,2,4.714296
8a1e1ed7,data\snippets\8a1e1ed7.py,50361,15.0,8,21.551099
2b33e198,data\snippets\2b33e198.py,854,15.0,2,0.000662
fded62c7,data\snippets\fded62c7.py,800,125.0,2,0.026896
9127d382,data\snippets\9127d382.py,9719,15.0,2,3.309386
b17e77fd,data\snippets\b17e77fd.py,9561,15.0,2,3.307058
583fc091,data\snippets\583fc091.py,99821,125.0,16,4024.228111
d52e8cde,data\snippets\d52e8cde.py,49570,125.0,4,1981.329743
af326826,data\snippets\af326826.py,49519,125.0,4,9.37921
6995128a,data\snippets\6995128a.py,531,125.0,16,0.000582
3e16a4b8,data\snippets\3e16a4b8.py,100158,125.0,16,3823.150721
c2621661,data\snippets\c2621661.py,5223,65.0,4,1.126921
dec621a9,data\snippets\dec621a9.py,4874,65.0,4,0.040816
d44b7185,data\snippets\d44b7185.py,5340,15.0,16,0.007002
a1cccbed,data\snippets\a1cccbed.py,5227,125.0,2,0.16377
3d5f7b8c,data\snippets\3d5f7b8c.py,972,125.0,4,0.005939
d087436e,data\snippets\d087436e.py,49941,15.0,4,0.793202
c0a9ab4c,data\snippets\c0a9ab4c.py,5254,125.0,8,0.053995
4495b471,data\snippets\4495b471.py,5087,45.0,2,1.496439
5d400d93,data\snippets\5d400d93.py,50041,125.0,4,346.446998
f9e3b691,data\snippets\f9e3b691.py,50494,125.0,8,180.481142
04150d3c,data\snippets\04150d3c.py,10267,15.0,16,0.012002
e3c1bf44,data\snippets\e3c1bf44.py,10401,125.0,2,0.340518
197e33ba,data\snippets\197e33ba.py,99978,65.0,8,4.966618
78af9ef9,data\snippets\78af9ef9.py,4659,45.0,2,0.325975
9bac2e59,data\snippets\9bac2e59.py,4646,45.0,8,0.033578
40444a09,data\snippets\40444a09.py,1480,125.0,16,0.005575
17c9077b,data\snippets\17c9077b.py,49778,15.0,4,0.0977
f892e89b,data\snippets\f892e89b.py,9716,15.0,16,0.01729
68c86fb0,data\snippets\68c86fb0.py,49902,45.0,16,0.804893
ceb14a76,data\snippets\ceb14a76.py,535,45.0,8,0.000197
a188f68f,data\snippets\a188f68f.py,49788,45.0,4,128.632473
2883c80b,data\snippets\2883c80b.py,785,65.0,8,0.00319
f0b8a179,data\snippets\f0b8a179.py,99847,45.0,8,6.924625
18a46c45,data\snippets\18a46c45.py,9936,15.0,4,1.757299
200910e5,data\snippets\200910e5.py,5274,45.0,2,0.483255
dcccf506,data\snippets\dcccf506.py,5488,125.0,2,0.223471
5b2b230f,data\snippets\5b2b230f.py,49778,65.0,16,46.948523
34d68911,data\snippets\34d68911.py,49623,45.0,4,717.663336
f2d0efc3,data\snippets\f2d0efc3.py,10005,125.0,8,0.309053
89e08e22,data\snippets\89e08e22.py,4743,65.0,16,0.210942
cda459ef,data\snippets\cda459ef.py,50261,65.0,2,363.275612
1f0674b7,data\snippets\1f0674b7.py,781,65.0,16,0.0003
c227ae97,data\snippets\c227ae97.py,99948,15.0,2,3745.472364
98d598b7,data\snippets\98d598b7.py,5222,45.0,4,0.793572
a907f1ff,data\snippets\a907f1ff.py,1362,45.0,8,0.001291
ccea076c,data\snippets\ccea076c.py,4677,45.0,8,0.032995
3de73dc6,data\snippets\3de73dc6.py,10325,15.0,2,4.020594
4f4b8395,data\snippets\4f4b8395.py,49786,15.0,4,1.087548
df1d4e7c,data\snippets\df1d4e7c.py,50022,15.0,4,229.478652
0fbf91b9,data\snippets\0fbf91b9.py,10351,125.0,4,17.786937
d1990237,data\snippets\d1990237.py,100000,125.0,2,5196.723079
8a68e51b,data\snippets\8a68e51b.py,811,45.0,16,0.000319
5a1a700f,data\snippets\5a1a700f.py,100237,45.0,8,3.541159
e90d36d3,data\snippets\e90d36d3.py,100178,65.0,8,627.229759
95db75db,data\snippets\95db75db.py,49730,65.0,16,0.097448
b9cf19bd,data\snippets\b9cf19bd.py,4866,65.0,8,0.023326
0a0c648e,data\snippets\0a0c648e.py,9668,125.0,16,3.526653
4b3b9380,data\snippets\4b3b9380.py,50040,65.0,8,1.69597
7897d197,data\snippets\7897d197.py,99932,15.0,16,73.219383
0bc4d3a5,data\snippets\0bc4d3a5.py,10396,125.0,2,0.340245
7daa83bc,data\snippets\7daa83bc.py,1050,65.0,8,0.004164
d98007cc,data\snippets\d98007cc.py,519,15.0,4,0.000121
af12c2d4,data\snippets\af12c2d4.py,10020,65.0,16,0.051018
88139207,data\snippets\88139207.py,5296,125.0,2,4.67359
3032cba7,data\snippets\3032cba7.py,5466,65.0,8,0.194445
7ca85426,data\snippets\7ca85426.py,9679,65.0,16,1.80976
665e7b88,data\snippets\665e7b88.py,9553,45.0,16,1.275661
9a1ec314,data\snippets\9a1ec314.py,1306,125.0,2,0.041866
30476ac4,data\snippets\30476ac4.py,50292,125.0,4,0.767378
09a5365c,data\snippets\09a5365c.py,5041,65.0,16,0.010438
53df3fe9,data\snippets\53df3fe9.py,4749,125.0,16,0.4386
0d362f78,data\snippets\0d362f78.py,49684,125.0,2,18.79472
aabdcbf4,data\snippets\aabdcbf4.py,10073,125.0,2,0.752228
a1fae474,data\snippets\a1fae474.py,50236,15.0,16,0.200233
dff5d803,data\snippets\dff5d803.py,10469,65.0,4,9.32508
ccdf4687,data\snippets\ccdf4687.py,4534,15.0,16,0.002213
7daf1153,data\snippets\7daf1153.py,4829,45.0,8,0.015411
5d6d0717,data\snippets\5d6d0717.py,99660,15.0,8,936.146793
8df7ba69,data\snippets\8df7ba69.py,4840,15.0,8,0.004335
3d138141,data\snippets\3d138141.py,49850,125.0,8,3.393688
77359220,data\snippets\77359220.py,1197,15.0,16,0.000768
5c7335b6,data\snippets\5c7335b6.py,99884,65.0,8,0.415953
c9e21551,data\snippets\c9e21551.py,49923,65.0,8,482.746823
7e2cd8ac,data\snippets\7e2cd8ac.py,5215,65.0,16,0.010453
b9b03fd2,data\snippets\b9b03fd2.py,5451,125.0,2,1.496415
30a2493c,data\snippets\30a2493c.py,49768,15.0,2,2.150214
941a708d,data\snippets\941a708d.py,50201,65.0,8,539.524426
b5b6a76b,data\snippets\b5b6a76b.py,853,15.0,2,0.00064
3c561b99,data\snippets\3c561b99.py,49746,65.0,4,0.402999
a307002e,data\snippets\a307002e.py,4681,65.0,8,0.018415
eadf922e,data\snippets\eadf922e.py,5316,15.0,2,0.053707
b62dc97c,data\snippets\b62dc97c.py,99741,15.0,16,0.562516
690d789d,data\snippets\690d789d.py,99702,15.0,4,2.315488
f086d461,data\snippets\f086d461.py,4722,65.0,4,0.240503
e1ae0bc5,data\snippets\e1ae0bc5.py,4750,65.0,16,0.062572
887bc759,data\snippets\887bc759.py,4581,125.0,16,0.018472
56470a3c,data\snippets\56470a3c.py,5362,45.0,2,0.06161
6926b47f,data\snippets\6926b47f.py,4582,125.0,16,0.114103
5d835640,data\snippets\5d835640.py,50425,45.0,2,6.833407
a2985f54,data\snippets\a2985f54.py,100109,65.0,8,630.126884
95500b55,data\snippets\95500b55.py,9725,15.0,2,0.832057
63405fd0,data\snippets\63405fd0.py,50407,125.0,4,1976.137437
08bcb35d,data\snippets\08bcb35d.py,949,125.0,4,0.013715
e8e6491d,data\snippets\e8e6491d.py,99778,125.0,2,5187.435039
99a7a567,data\snippets\99a7a567.py,50338,65.0,4,0.406963
88af027d,data\snippets\88af027d.py,5046,15.0,8,0.117288
a40e769f,data\snippets\a40e769f.py,1473,15.0,4,0.002868
47014326,data\snippets\47014326.py,100414,125.0,4,37.681975
e4e2514f,data\snippets\e4e2514f.py,1012,125.0,2,0.033159
04e5af35,data\snippets\04e5af35.py,49561,45.0,16,31.950956
7d1e1ac0,data\snippets\7d1e1ac0.py,1265,15.0,2,0.001481
ccddac35,data\snippets\ccddac35.py,810,65.0,16,0.00169
2886a8a6,data\snippets\2886a8a6.py,1441,65.0,2,0.017817
5bea9304,data\snippets\5bea9304.py,9658,65.0,16,0.073135
b02813a8,data\snippets\b02813a8.py,634,15.0,2,0.000346
8b56ccf9,data\snippets\8b56ccf9.py,100166,65.0,8,0.389483
0dd704f5,data\snippets\0dd704f5.py,820,45.0,8,0.00236
260376b5,data\snippets\260376b5.py,681,65.0,4,0.00269
18956251,data\snippets\18956251.py,4724,45.0,2,0.053956
f87e1c24,data\snippets\f87e1c24.py,1456,45.0,2,0.024162
03d6e968,data\snippets\03d6e968.py,10011,65.0,4,2.078624
f1308cde,data\snippets\f1308cde.py,50001,45.0,4,2.395768
823d0465,data\snippets\823d0465.py,5470,125.0,2,5.246364
e0618979,data\snippets\e0618979.py,1412,65.0,8,0.011701
6cf740d9,data\snippets\6cf740d9.py,50300,15.0,8,0.564458
89f10c67,data\snippets\89f10c67.py,9562,125.0,8,1.750353
8ddc2a6a,data\snippets\8ddc2a6a.py,754,15.0,2,0.000528
cc566594,data\snippets\cc566594.py,4746,65.0,16,0.01096
da7becce,data\snippets\da7becce.py,50005,65.0,4,0.41857
3eedaa77,data\snippets\3eedaa77.py,1471,125.0,2,0.102784
a33a70f3,data\snippets\a33a70f3.py,10339,15.0,4,2.166261
f2c734d8,data\snippets\f2c734d8.py,9834,65.0,4,8.025826
eb128547,data\snippets\eb128547.py,50138,45.0,2,1474.130818
6b823b68,data\snippets\6b823b68.py,4641,65.0,4,0.099876
8d07c901,data\snippets\8d07c901.py,5344,125.0,16,0.028015
c5c5a3c4,data\snippets\c5c5a3c4.py,10240,15.0,4,0.045091
61d8f8f3,data\snippets\61d8f8f3.py,4612,45.0,4,0.158911
5f745056,data\snippets\5f745056.py,10156,125.0,16,0.040824
581adbed,data\snippets\581adbed.py,100137,125.0,2,72.634109
5e00e37f,data\snippets\5e00e37f.py,49884,45.0,4,668.469126
16598afc,data\snippets\16598afc.py,100463,15.0,16,0.547655
bdae03ce,data\snippets\bdae03ce.py,99938,45.0,8,0.26791
ff5842c7,data\snippets\ff5842c7.py,100129,125.0,4,2595.20077
91223873,data\snippets\91223873.py,4852,15.0,2,0.448101
532fb7fa,data\snippets\532fb7fa.py,9520,125.0,16,0.036489
ed451af2,data\snippets\ed451af2.py,830,15.0,16,0.000392
1b2b1a87,data\snippets\1b2b1a87.py,100302,65.0,16,1974.545644
48cce1a5,data\snippets\48cce1a5.py,9871,45.0,2,11.067303
2f51c0de,data\snippets\2f51c0de.py,50002,15.0,8,0.048662
de90fb88,data\snippets\de90fb88.py,100199,15.0,8,142.686092
a3d93e9f,data\snippets\a3d93e9f.py,100162,15.0,4,4.410942
cd558981,data\snippets\cd558981.py,50398,45.0,16,0.072682
00e628b1,data\snippets\00e628b1.py,50031,15.0,8,0.41643
2c58beb8,data\snippets\2c58beb8.py,100428,65.0,2,18.876095
97107919,data\snippets\97107919.py,1022,65.0,4,0.0033
b80b1799,data\snippets\b80b1799.py,50351,45.0,4,128.831776
c0e7f87d,data\snippets\c0e7f87d.py,50159,15.0,2,0.18939
1fe14bae,data\snippets\1fe14bae.py,50152,125.0,2,719.343242
51d87e99,data\snippets\51d87e99.py,50107,125.0,16,0.189003
27f7cbf3,data\snippets\27f7cbf3.py,5237,45.0,16,0.207115
342bab14,data\snippets\342bab14.py,5105,125.0,8,0.039289
66075360,data\snippets\66075360.py,9634,15.0,8,0.221906
91ac1158,data\snippets\91ac1158.py,673,65.0,2,0.005168
eebcca73,data\snippets\eebcca73.py,49735,125.0,4,357.024164
fe3eca45,data\snippets\fe3eca45.py,628,125.0,2,0.002863
b1b2ee05,data\snippets\b1b2ee05.py,50235,65.0,8,2.519928
594dfbed,data\snippets\594dfbed.py,1350,65.0,8,0.007457
d0369744,data\snippets\d0369744.py,9759,15.0,16,0.419643
d9cb8910,data\snippets\d9cb8910.py,50292,45.0,16,0.867667
54dde9b8,data\snippets\54dde9b8.py,100392,15.0,4,1940.219837
67d2e9cd,data\snippets\67d2e9cd.py,9553,15.0,16,0.010704
07c82fdd,data\snippets\07c82fdd.py,9799,125.0,16,0.036831
ab26b48c,data\snippets\ab26b48c.py,1476,65.0,8,0.013611
eec62d05,data\snippets\eec62d05.py,4634,125.0,2,0.365216
ec06356f,data\snippets\ec06356f.py,50318,65.0,2,0.840559
fd699184,data\snippets\fd699184.py,100255,65.0,8,0.396775
6b8f1282,data\snippets\6b8f1282.py,99968,65.0,4,10.125067
62bc8d11,data\snippets\62bc8d11.py,50365,125.0,16,0.193628
3188e852,data\snippets\3188e852.py,9820,125.0,4,14.30602
6d634225,data\snippets\6d634225.py,50453,45.0,4,3.496072
de515486,data\snippets\de515486.py,50204,15.0,4,237.794128
7050f91c,data\snippets\7050f91c.py,9726,65.0,8,0.03939
9d885512,data\snippets\9d885512.py,10172,15.0,8,0.98068
4ffa9fc9,data\snippets\4ffa9fc9.py,50088,15.0,8,0.045476
518a283a,data\snippets\518a283a.py,49944,45.0,2,1370.78598
ff1f56a7,data\snippets\ff1f56a7.py,1429,15.0,4,0.002074
bd1d6248,data\snippets\bd1d6248.py,9752,65.0,2,0.618503
3d38e788,data\snippets\3d38e788.py,100056,125.0,2,74.040628
e1c8989e,data\snippets\e1c8989e.py,10324,45.0,16,0.035934
50102a61,data\snippets\50102a61.py,99815,45.0,4,5418.697966
e689c60a,data\snippets\e689c60a.py,9594,15.0,8,0.211457
b5c134eb,data\snippets\b5c134eb.py,4731,45.0,8,0.309462
e307b9ab,data\snippets\e307b9ab.py,50048,15.0,8,0.048865
e98b487d,data\snippets\e98b487d.py,49946,65.0,16,263.683021
ff286f28,data\snippets\ff286f28.py,50047,125.0,2,687.045444
59da9348,data\snippets\59da9348.py,4653,65.0,2,0.192149
88b52e7f,data\snippets\88b52e7f.py,50156,15.0,2,0.194406
19a3742f,data\snippets\19a3742f.py,4773,15.0,4,0.197231
da469cf6,data\snippets\da469cf6.py,49696,65.0,2,359.612432
96530e0c,data\snippets\96530e0c.py,5093,65.0,8,0.024347
6fe9a10a,data\snippets\6fe9a10a.py,50399,65.0,2,10.161072
d03c56ee,data\snippets\d03c56ee.py,10066,45.0,4,0.135076
4f7579dd,data\snippets\4f7579dd.py,100382,15.0,8,152.769604
8d4884fb,data\snippets\8d4884fb.py,100194,125.0,8,0.812603
efe283d9,data\snippets\efe283d9.py,1255,125.0,16,0.005102
b00be174,data\snippets\b00be174.py,5281,45.0,8,0.116128
00c068fa,data\snippets\00c068fa.py,10188,45.0,16,0.033806
a0501340,data\snippets\a0501340.py,99742,45.0,4,5483.170976
bc16caa1,data\snippets\bc16caa1.py,859,15.0,8,0.000164
d6f30097,data\snippets\d6f30097.py,100321,15.0,8,153.474962
978b99a5,data\snippets\978b99a5.py,4836,125.0,16,0.462309
a6bcb80d,data\snippets\a6bcb80d.py,613,65.0,16,0.001204
1f7d34cc,data\snippets\1f7d34cc.py,9557,45.0,4,0.129184
267f9047,data\snippets\267f9047.py,49527,65.0,4,3.468492
352ed871,data\snippets\352ed871.py,99838,125.0,4,1.636123
23499899,data\snippets\23499899.py,1007,45.0,4,0.005667
910f2658,data\snippets\910f2658.py,4950,125.0,8,0.03827
a1aa7cc9,data\snippets\a1aa7cc9.py,807,45.0,4,0.001268
becc2983,data\snippets\becc2983.py,99850,45.0,2,1.108311
271f797f,data\snippets\271f797f.py,10158,65.0,2,0.16392
f6047efb,data\snippets\f6047efb.py,1098,15.0,4,0.002624
4daf22fe,data\snippets\4daf22fe.py,49802,15.0,2,1.628139
846cd482,data\snippets\846cd482.py,706,45.0,2,0.001623
c92c79ab,data\snippets\c92c79ab.py,1042,15.0,2,0.004293
9de67634,data\snippets\9de67634.py,49636,15.0,16,0.273843
de72f673,data\snippets\de72f673.py,1481,125.0,8,0.0115
7513daa6,data\snippets\7513daa6.py,99518,65.0,4,8049.32596
8dd63c10,data\snippets\8dd63c10.py,100004,125.0,4,2388.444882
9c466cc5,data\snippets\9c466cc5.py,524,45.0,16,0.0001
69f502da,data\snippets\69f502da.py,100039,125.0,2,5106.192714
ff313411,data\snippets\ff313411.py,99545,125.0,8,1182.387455
484fc932,data\snippets\484fc932.py,100201,65.0,8,10.247454
b04ccad5,data\snippets\b04ccad5.py,5088,65.0,8,0.021694
045be2b0,data\snippets\045be2b0.py,100365,45.0,4,5695.898722
fc42f100,data\snippets\fc42f100.py,10329,65.0,8,4.684386
8c302cbe,data\snippets\8c302cbe.py,100005,65.0,8,0.424266
f230dabc,data\snippets\f230dabc.py,100097,125.0,16,4.618821
1b6ca7b4,data\snippets\1b6ca7b4.py,99901,45.0,4,5378.915799
13d94b26,data\snippets\13d94b26.py,1376,125.0,16,0.009925
ab52cf3f,data\snippets\ab52cf3f.py,50292,125.0,8,0.385625
e25edc97,data\snippets\e25edc97.py,99885,45.0,16,3.378527
447e67d3,data\snippets\447e67d3.py,50121,65.0,16,1.233911
ae69eacc,data\snippets\ae69eacc.py,49732,65.0,4,0.41719
2e51b247,data\snippets\2e51b247.py,769,65.0,8,0.00081
687c502f,data\snippets\687c502f.py,5030,65.0,16,0.012347
dcdf6814,data\snippets\dcdf6814.py,100435,65.0,16,0.20034
ee953344,data\snippets\ee953344.py,4788,125.0,16,0.021543
69ba768f,data\snippets\69ba768f.py,4573,65.0,2,0.080816
9409fef7,data\snippets\9409fef7.py,10476,45.0,16,0.038685
c029e547,data\snippets\c029e547.py,10315,45.0,16,0.368435
c70904b2,data\snippets\c70904b2.py,50346,45.0,8,1.216622
a4dbb86e,data\snippets\a4dbb86e.py,4789,125.0,4,0.200913
02660210,data\snippets\02660210.py,99973,45.0,2,13.757788
e629b6b4,data\snippets\e629b6b4.py,9540,125.0,8,1.674294
b85a6002,data\snippets\b85a6002.py,5256,125.0,2,0.213537
77dec653,data\snippets\77dec653.py,49557,45.0,4,0.285031
96baa00d,data\snippets\96baa00d.py,99569,65.0,8,3900.52005
9031b9f3,data\snippets\9031b9f3.py,99890,45.0,2,1.129484
0dada267,data\snippets\0dada267.py,10384,15.0,2,0.150497
2c22534a,data\snippets\2c22534a.py,514,65.0,8,0.001812
033cac0f,data\snippets\033cac0f.py,100295,15.0,16,0.048581
edc25836,data\snippets\edc25836.py,99871,125.0,4,2602.854458
b0eba35a,data\snippets\b0eba35a.py,100326,125.0,4,15124.129285
13b700f4,data\snippets\13b700f4.py,4586,15.0,16,0.012708
c9b8228b,data\snippets\c9b8228b.py,5196,45.0,16,0.057714
b348d440,data\snippets\b348d440.py,5207,65.0,2,0.691537
43f395c6,data\snippets\43f395c6.py,4804,65.0,16,0.011781
8e82832a,data\snippets\8e82832a.py,9552,45.0,2,10.042405
80c38b22,data\snippets\80c38b22.py,1265,15.0,8,0.001859
2774ade8,data\snippets\2774ade8.py,100006,125.0,2,3.094956
4e0ec25c,data\snippets\4e0ec25c.py,99850,45.0,8,3.442302
45e976d8,data\snippets\45e976d8.py,9648,125.0,8,0.178327
1d608210,data\snippets\1d608210.py,49942,15.0,16,0.023369
5deb16ab,data\snippets\5deb16ab.py,50150,15.0,16,0.023977
7c29bb5b,data\snippets\7c29bb5b.py,99993,125.0,8,18.386281
6b40fbdf,data\snippets\6b40fbdf.py,4830,45.0,16,0.018173
e5ea09a6,data\snippets\e5ea09a6.py,820,125.0,8,0.001761
0d34d8d3,data\snippets\0d34d8d3.py,650,45.0,16,0.000911
795054f2,data\snippets\795054f2.py,100483,65.0,16,343.920933
71c09485,data\snippets\71c09485.py,10426,125.0,4,0.401959
9c65588d,data\snippets\9c65588d.py,9946,15.0,4,0.47132
f014bdc1,data\snippets\f014bdc1.py,100167,15.0,2,4.414238
e72132e8,data\snippets\e72132e8.py,1265,45.0,8,0.004903
924387c1,data\snippets\924387c1.py,10455,125.0,2,35.735872
4ed7984f,data\snippets\4ed7984f.py,50316,15.0,16,11.020851
9bf7a905,data\snippets\9bf7a905.py,4688,45.0,2,0.142368
bcd3beba,data\snippets\bcd3beba.py,100247,15.0,2,606.755252
c06a5d78,data\snippets\c06a5d78.py,4728,45.0,4,0.17721
5a0035d5,data\snippets\5a0035d5.py,5025,125.0,2,0.183296
af7183a4,data\snippets\af7183a4.py,99701,125.0,8,1202.993173
76bf2154,data\snippets\76bf2154.py,9644,125.0,4,0.153065
e1b8ea5f,data\snippets\e1b8ea5f.py,100287,45.0,4,5482.072838
2fddb0cd,data\snippets\2fddb0cd.py,49910,45.0,16,0.868108
9b949459,data\snippets\9b949459.py,50349,65.0,8,528.59504
270cbd99,data\snippets\270cbd99.py,9881,15.0,4,0.019177
1ebd5a17,data\snippets\1ebd5a17.py,1129,125.0,2,0.036773
cd858834,data\snippets\cd858834.py,9893,65.0,8,0.041969
3ee9f103,data\snippets\3ee9f103.py,99650,125.0,4,2439.199538
2d548b71,data\snippets\2d548b71.py,10229,65.0,16,0.53847
7a22162c,data\snippets\7a22162c.py,9518,125.0,8,0.280402
30a7644f,data\snippets\30a7644f.py,873,65.0,16,0.000529
a08721bf,data\snippets\a08721bf.py,4863,65.0,16,0.010145
9a883d2f,data\snippets\9a883d2f.py,99918,15.0,4,0.185116
beadbf3c,data\snippets\beadbf3c.py,510,125.0,8,0.003357
b1ab5b79,data\snippets\b1ab5b79.py,9817,45.0,16,1.31282
49edd301,data\snippets\49edd301.py,564,45.0,16,0.000254
ffeb1db1,data\snippets\ffeb1db1.py,10487,125.0,16,0.165898
3f5c093c,data\snippets\3f5c093c.py,49592,125.0,4,8.797871
f4f94fdb,data\snippets\f4f94fdb.py,5261,15.0,4,0.009844
632157e9,data\snippets\632157e9.py,10214,65.0,8,0.040912
9dbbc032,data\snippets\9dbbc032.py,100252,125.0,4,19.468031
06b41971,data\snippets\06b41971.py,49756,65.0,16,243.246391
4ba96b0d,data\snippets\4ba96b0d.py,100284,45.0,16,0.137793
e862f2b8,data\snippets\e862f2b8.py,518,125.0,4,0.001051
4eeb0e80,data\snippets\4eeb0e80.py,100071,65.0,16,2091.562145
25410a9f,data\snippets\25410a9f.py,9790,15.0,2,0.137888
42afb875,data\snippets\42afb875.py,657,45.0,16,0.000873
c6e5a3b7,data\snippets\c6e5a3b7.py,1149,45.0,2,0.016287
4d84bb81,data\snippets\4d84bb81.py,50193,65.0,2,0.856402
9949e569,data\snippets\9949e569.py,50120,15.0,8,0.397662
31cf961e,data\snippets\31cf961e.py,99617,125.0,4,18.173144
20b6630a,data\snippets\20b6630a.py,49885,15.0,16,0.205823
f660525a,data\snippets\f660525a.py,4579,125.0,8,0.223817
5b9b31e6,data\snippets\5b9b31e6.py,847,125.0,8,0.00656
4f4256f0,data\snippets\4f4256f0.py,5396,45.0,4,0.082007
cc15402c,data\snippets\cc15402c.py,49946,45.0,4,2.431862
7c0d3e6e,data\snippets\7c0d3e6e.py,715,15.0,8,0.000112
a74d0de8,data\snippets\a74d0de8.py,1321,45.0,16,0.002562
4c243dce,data\snippets\4c243dce.py,100423,15.0,4,1821.482733
b5181db0,data\snippets\b5181db0.py,525,15.0,4,0.000128
e19d4f1b,data\snippets\e19d4f1b.py,100280,65.0,2,39.115607
27cae125,data\snippets\27cae125.py,9759,45.0,4,5.285983
c26211d3,data\snippets\c26211d3.py,99951,45.0,4,6.452024
d0b02cb2,data\snippets\d0b02cb2.py,100247,15.0,2,8.610665
e87ee471,data\snippets\e87ee471.py,10103,45.0,2,0.115828
61a5d5fe,data\snippets\61a5d5fe.py,50110,125.0,8,0.390381
e04314f3,data\snippets\e04314f3.py,100210,45.0,2,1853.993567
00677609,data\snippets\00677609.py,1005,15.0,2,0.003618
467e96c5,data\snippets\467e96c5.py,4904,45.0,2,0.062476
619b729b,data\snippets\619b729b.py,10204,65.0,16,0.020093
5a5d0bda,data\snippets\5a5d0bda.py,10058,15.0,4,1.862525
d95ed8d9,data\snippets\d95ed8d9.py,10213,45.0,16,0.056477
80ec3ac1,data\snippets\80ec3ac1.py,100302,15.0,16,74.519317
995c5b5d,data\snippets\995c5b5d.py,10036,45.0,4,5.810514
02a27d06,data\snippets\02a27d06.py,50070,45.0,16,31.603368
34e12728,data\snippets\34e12728.py,49891,125.0,16,475.080049
222a0b44,data\snippets\222a0b44.py,1172,45.0,16,0.002299
ec756ad9,data\snippets\ec756ad9.py,1447,15.0,16,0.000536
b8f4864c,data\snippets\b8f4864c.py,50494,65.0,4,3.666501
36f16015,data\snippets\36f16015.py,4937,45.0,8,0.09909
15a6043a,data\snippets\15a6043a.py,1142,45.0,16,0.000431
40586495,data\snippets\40586495.py,974,65.0,16,0.002348
d240733c,data\snippets\d240733c.py,99629,65.0,2,15646.867286
a5c6042a,data\snippets\a5c6042a.py,5372,125.0,4,0.666407
66c15a20,data\snippets\66c15a20.py,100142,125.0,4,35.734997
52e6bc06,data\snippets\52e6bc06.py,49562,125.0,8,175.665815
c54f1269,data\snippets\c54f1269.py,50083,65.0,16,0.101557
40a26a44,data\snippets\40a26a44.py,735,15.0,8,0.000379
a3df0e92,data\snippets\a3df0e92.py,872,125.0,4,0.004384
1848777e,data\snippets\1848777e.py,50246,125.0,2,1.623454
ea06060b,data\snippets\ea06060b.py,1029,45.0,8,0.001223
40a28789,data\snippets\40a28789.py,1079,15.0,2,0.004811
fdd6aa1d,data\snippets\fdd6aa1d.py,4545,125.0,4,0.071948
ac6370af,data\snippets\ac6370af.py,4540,65.0,4,0.090299
43da41cb,data\snippets\43da41cb.py,10303,15.0,2,0.091714
90d6f411,data\snippets\90d6f411.py,10391,45.0,4,0.055767
beaef89c,data\snippets\beaef89c.py,49925,65.0,16,265.263032
15658d74,data\snippets\15658d74.py,1213,125.0,16,0.0072
c77709c6,data\snippets\c77709c6.py,49626,45.0,8,63.115835
bc51e1d6,data\snippets\bc51e1d6.py,1364,45.0,4,0.005137
9dafd251,data\snippets\9dafd251.py,100270,125.0,16,0.378407
f5f68b61,data\snippets\f5f68b61.py,4581,15.0,16,0.00552
55035220,data\snippets\55035220.py,5276,65.0,16,0.086228
800eb360,data\snippets\800eb360.py,10220,65.0,2,0.407121
4152cc05,data\snippets\4152cc05.py,99692,45.0,8,0.268304
e07af094,data\snippets\e07af094.py,99541,45.0,16,0.140026
a5156711,data\snippets\a5156711.py,4963,15.0,16,0.002401
c39c8764,data\snippets\c39c8764.py,887,45.0,16,0.00096
ed67a169,data\snippets\ed67a169.py,921,45.0,8,0.002138
17bc621f,data\snippets\17bc621f.py,49870,45.0,16,30.609726
1562c50d,data\snippets\1562c50d.py,99798,65.0,16,2.455564
03f7a1ab,data\snippets\03f7a1ab.py,5430,65.0,8,0.022747
84432105,data\snippets\84432105.py,5248,15.0,4,0.01187
fd909d87,data\snippets\fd909d87.py,49682,15.0,16,0.023058
b9bcf610,data\snippets\b9bcf610.py,99916,65.0,16,2.519178
be11fb68,data\snippets\be11fb68.py,5455,125.0,2,0.488227
510ae52d,data\snippets\510ae52d.py,5130,45.0,2,0.068807
73a89d52,data\snippets\73a89d52.py,4889,45.0,8,0.092456
d6c94385,data\snippets\d6c94385.py,5329,15.0,4,0.012763
0ac05762,data\snippets\0ac05762.py,99885,45.0,16,1409.522109
b8c5e856,data\snippets\b8c5e856.py,611,65.0,8,0.002272
93f721b5,data\snippets\93f721b5.py,5110,15.0,8,0.121991
c2327f31,data\snippets\c2327f31.py,919,65.0,8,0.000826
40794963,data\snippets\40794963.py,9981,15.0,16,0.112662
62549ed2,data\snippets\62549ed2.py,49528,45.0,4,128.193928
41110ac4,data\snippets\41110ac4.py,50241,45.0,16,32.436355
ea333fe7,data\snippets\ea333fe7.py,5198,45.0,16,0.019718
9cc076bb,data\snippets\9cc076bb.py,10435,125.0,4,0.654222
4157b7b5,data\snippets\4157b7b5.py,9855,45.0,4,0.054527
16cf1f73,data\snippets\16cf1f73.py,10447,45.0,4,1.589943
cefeda99,data\snippets\cefeda99.py,1148,125.0,8,0.009354
4475faf2,data\snippets\4475faf2.py,99677,45.0,16,1.76259
24524e0b,data\snippets\24524e0b.py,50078,45.0,16,33.895114
02b10fd4,data\snippets\02b10fd4.py,4834,65.0,2,0.214331
83aa85fe,data\snippets\83aa85fe.py,99578,15.0,4,4.662298
c7d07f7a,data\snippets\c7d07f7a.py,1354,65.0,2,0.039975
05e80408,data\snippets\05e80408.py,100493,65.0,4,8109.338025
17e26b44,data\snippets\17e26b44.py,4891,65.0,16,0.233721
bb5c95c1,data\snippets\bb5c95c1.py,50386,65.0,8,494.316543
32dfe084,data\snippets\32dfe084.py,100121,15.0,16,477.284806
aa9a821b,data\snippets\aa9a821b.py,50192,15.0,16,57.174015
7eeee33d,data\snippets\7eeee33d.py,1396,45.0,2,0.00534
0d98549c,data\snippets\0d98549c.py,100113,125.0,8,1290.265726
eb74d346,data\snippets\eb74d346.py,100468,45.0,4,7.040133
98193e61,data\snippets\98193e61.py,9794,65.0,16,1.865382
22e12ce8,data\snippets\22e12ce8.py,10156,125.0,8,0.289372
57904289,data\snippets\57904289.py,100234,65.0,8,3956.311732
9fe5f957,data\snippets\9fe5f957.py,4772,45.0,2,0.064159
886b63c2,data\snippets\886b63c2.py,99814,125.0,8,9.332999
a5ca7c39,data\snippets\a5ca7c39.py,5023,45.0,4,0.02815
18f5440c,data\snippets\18f5440c.py,50339,125.0,2,725.20366
ebb8e934,data\snippets\ebb8e934.py,50108,125.0,4,9.129865
e1e3689e,data\snippets\e1e3689e.py,9894,15.0,4,1.741335
a52c924d,data\snippets\a52c924d.py,100487,65.0,8,10.024279
f2c67aba,data\snippets\f2c67aba.py,49854,65.0,2,0.847818
845a10cc,data\snippets\845a10cc.py,49918,125.0,4,9.133223
ddbbeae0,data\snippets\ddbbeae0.py,99925,15.0,2,3566.491995
c4d0fdbe,data\snippets\c4d0fdbe.py,1095,45.0,8,0.003876
e65044c5,data\snippets\e65044c5.py,1274,15.0,16,0.000177
1f6ca964,data\snippets\1f6ca964.py,100353,45.0,8,0.296304
7ab007b2,data\snippets\7ab007b2.py,49742,125.0,2,679.052852
e243056b,data\snippets\e243056b.py,100311,45.0,4,0.573617
cd307c98,data\snippets\cd307c98.py,10075,45.0,8,2.778155
a5c950ee,data\snippets\a5c950ee.py,99834,125.0,8,9.685155
8606d27b,data\snippets\8606d27b.py,4571,65.0,2,0.071234
6ccbdcff,data\snippets\6ccbdcff.py,5060,65.0,4,0.300375
08ce3564,data\snippets\08ce3564.py,49612,125.0,8,998.397475
71f645b6,data\snippets\71f645b6.py,5075,15.0,8,0.013165
ace26603,data\snippets\ace26603.py,5400,45.0,2,0.0785
04a033c3,data\snippets\04a033c3.py,1082,125.0,4,0.016306
7f73296f,data\snippets\7f73296f.py,99665,125.0,16,3765.167074
becb8592,data\snippets\becb8592.py,50117,125.0,8,953.700898
41b8a9ab,data\snippets\41b8a9ab.py,10147,125.0,4,0.160615
f304e878,data\snippets\f304e878.py,49510,65.0,16,0.815517
d0a6a6bf,data\snippets\d0a6a6bf.py,99591,15.0,8,2.28523
cf8aa15e,data\snippets\cf8aa15e.py,4581,45.0,2,0.051001
9c54bf07,data\snippets\9c54bf07.py,10418,45.0,16,0.035482
c3b3a73c,data\snippets\c3b3a73c.py,10279,15.0,4,0.074505
f259381d,data\snippets\f259381d.py,583,65.0,2,0.001349
7330f70a,data\snippets\7330f70a.py,99706,15.0,2,4.381788
4854babd,data\snippets\4854babd.py,1481,65.0,8,0.008409
490f6dca,data\snippets\490f6dca.py,10215,65.0,2,0.398815
3260da3f,data\snippets\3260da3f.py,1133,15.0,2,0.002209
3e6aa0c2,data\snippets\3e6aa0c2.py,100383,45.0,8,3.382341
720887e2,data\snippets\720887e2.py,1136,65.0,8,0.002259
5bfb10d6,data\snippets\5bfb10d6.py,10128,125.0,16,0.094028
049f9347,data\snippets\049f9347.py,49923,15.0,16,10.211581
0666c14e,data\snippets\0666c14e.py,1305,45.0,2,0.009428
b13cacfc,data\snippets\b13cacfc.py,99885,65.0,8,3990.37258
6c75c5ca,data\snippets\6c75c5ca.py,4544,15.0,2,0.017805
c4bc0bae,data\snippets\c4bc0bae.py,4991,125.0,4,0.206783
c44107fa,data\snippets\c44107fa.py,99984,125.0,2,38.915283
e70bba32,data\snippets\e70bba32.py,1434,125.0,4,0.021514
ca17e197,data\snippets\ca17e197.py,9603,45.0,4,0.19414
bb0b16f2,data\snippets\bb0b16f2.py,49617,125.0,4,348.724398
c6546d87,data\snippets\c6546d87.py,5158,45.0,16,0.195967
35c9b9af,data\snippets\35c9b9af.py,49820,15.0,4,0.094938
cb3bac6e,data\snippets\cb3bac6e.py,99560,125.0,4,1.509203
468aa7d9,data\snippets\468aa7d9.py,10326,65.0,4,0.206387
559606b5,data\snippets\559606b5.py,10065,65.0,8,4.017209
9df739f9,data\snippets\9df739f9.py,9635,45.0,8,0.02706
e9d3471e,data\snippets\e9d3471e.py,842,125.0,16,0.003137
89c6c5f0,data\snippets\89c6c5f0.py,5481,15.0,8,0.041789
ab88c905,data\snippets\ab88c905.py,1382,15.0,4,0.003659
9d710490,data\snippets\9d710490.py,49521,125.0,4,6.575243
90eee514,data\snippets\90eee514.py,1035,15.0,4,0.002295
995e8937,data\snippets\995e8937.py,10073,45.0,2,0.279078
efd1f745,data\snippets\efd1f745.py,1422,125.0,8,0.016004
4a423704,data\snippets\4a423704.py,9849,65.0,8,3.825804
7a6158e5,data\snippets\7a6158e5.py,50422,65.0,2,362.519005
f7001f37,data\snippets\f7001f37.py,969,65.0,8,0.00384
b4079bcc,data\snippets\b4079bcc.py,10387,45.0,16,0.05645
27711b54,data\snippets\27711b54.py,50017,125.0,8,3.168061
7742a076,data\snippets\7742a076.py,1116,125.0,4,0.008569
a66a8348,data\snippets\a66a8348.py,99568,45.0,4,880.951332
eb4147b6,data\snippets\eb4147b6.py,4641,125.0,4,0.080425
3dea757a,data\snippets\3dea757a.py,4783,65.0,8,0.052028
7a6222c7,data\snippets\7a6222c7.py,50195,15.0,8,119.495328
f3cbc7e2,data\snippets\f3cbc7e2.py,49750,65.0,2,0.792104
db1dc22a,data\snippets\db1dc22a.py,49781,45.0,8,346.224102
ab885388,data\snippets\ab885388.py,1122,65.0,2,0.009191
65c2bfd0,data\snippets\65c2bfd0.py,10154,15.0,16,0.129041
10b17508,data\snippets\10b17508.py,5169,15.0,8,0.004985
cfa4158f,data\snippets\cfa4158f.py,50102,45.0,4,3.413583
04071f0e,data\snippets\04071f0e.py,501,65.0,2,0.000976
feec5e58,data\snippets\feec5e58.py,99645,15.0,4,2.285541
15862afc,data\snippets\15862afc.py,10178,65.0,16,0.527579
a77429ff,data\snippets\a77429ff.py,9718,125.0,4,0.33973
d7643d08,data\snippets\d7643d08.py,50272,15.0,4,232.654365
a0f044e1,data\snippets\a0f044e1.py,9903,15.0,8,0.222293
8cbfedb6,data\snippets\8cbfedb6.py,800,15.0,2,0.000781
7f501701,data\snippets\7f501701.py,10391,15.0,4,0.019646
9c50cae5,data\snippets\9c50cae5.py,100467,125.0,2,31556.891565
6dbfdf8b,data\snippets\6dbfdf8b.py,99560,125.0,16,595.321288
bcd95878,data\snippets\bcd95878.py,10458,45.0,4,1.643867
be623ed9,data\snippets\be623ed9.py,99812,45.0,4,6.575468
470df163,data\snippets\470df163.py,99898,65.0,16,5.001004
6b9ddac5,data\snippets\6b9ddac5.py,9549,15.0,4,0.066873
c035465a,data\snippets\c035465a.py,1051,65.0,8,0.001871
51cb5bf0,data\snippets\51cb5bf0.py,100313,65.0,16,2.502796
4817c93c,data\snippets\4817c93c.py,50297,125.0,8,948.611798
d43993b0,data\snippets\d43993b0.py,49932,15.0,16,0.023133
a5456335,data\snippets\a5456335.py,49766,65.0,2,6.728823
4f70063b,data\snippets\4f70063b.py,100351,45.0,4,13.164429
a44649cc,data\snippets\a44649cc.py,99556,125.0,2,31121.126739
a3b26b96,data\snippets\a3b26b96.py,983,15.0,2,0.003451
0f1f931e,data\snippets\0f1f931e.py,100359,45.0,4,6.722394
b731c412,data\snippets\b731c412.py,10290,15.0,2,0.037066
8be30579,data\snippets\8be30579.py,1484,15.0,8,0.000508
595d80a6,data\snippets\595d80a6.py,5012,45.0,2,0.070858
416063b8,data\snippets\416063b8.py,4585,15.0,2,0.360646
77a65bd1,data\snippets\77a65bd1.py,99512,45.0,16,1413.459983
886744e8,data\snippets\886744e8.py,1026,65.0,8,0.001817
0a253c33,data\snippets\0a253c33.py,4511,45.0,16,0.015441
58b96b26,data\snippets\58b96b26.py,1470,65.0,4,0.004184
b6aeb6c1,data\snippets\b6aeb6c1.py,49747,15.0,2,2.338156
aead4ea0,data\snippets\aead4ea0.py,5334,125.0,4,2.388211
1c8554f9,data\snippets\1c8554f9.py,4769,45.0,4,0.027578
67460015,data\snippets\67460015.py,1006,45.0,16,0.001404
0c52b97e,data\snippets\0c52b97e.py,5442,45.0,2,0.05903
983d6ed9,data\snippets\983d6ed9.py,99603,125.0,2,74.407888
0dd651be,data\snippets\0dd651be.py,5168,125.0,4,0.096046
18dd64a0,data\snippets\18dd64a0.py,1091,125.0,2,0.015309
8b62b929,data\snippets\8b62b929.py,99887,125.0,2,3.042748
4865204e,data\snippets\4865204e.py,100285,65.0,4,0.816098
bacd9d20,data\snippets\bacd9d20.py,4993,15.0,8,0.012185
c4454333,data\snippets\c4454333.py,1255,125.0,8,0.013346
5bd38735,data\snippets\5bd38735.py,49951,45.0,8,0.137166
0293a697,data\snippets\0293a697.py,49859,65.0,16,45.538029
63959330,data\snippets\63959330.py,708,45.0,8,0.001027
7e6d433d,data\snippets\7e6d433d.py,49683,45.0,8,1.221233
c16d20b6,data\snippets\c16d20b6.py,100124,65.0,2,19.578558
1612ad5d,data\snippets\1612ad5d.py,1429,15.0,2,0.001907
4d27989d,data\snippets\4d27989d.py,100375,45.0,8,7.074561
e872cdff,data\snippets\e872cdff.py,50159,65.0,2,9.979993
b526182c,data\snippets\b526182c.py,10398,45.0,4,1.568039
39be0247,data\snippets\39be0247.py,99938,15.0,2,0.365939
22764ed3,data\snippets\22764ed3.py,50337,125.0,2,1.637246
3560fd14,data\snippets\3560fd14.py,1101,65.0,4,0.011299
697adae2,data\snippets\697adae2.py,1499,65.0,16,0.002986
6cd8e78e,data\snippets\6cd8e78e.py,10442,45.0,2,12.713163
f86514e8,data\snippets\f86514e8.py,4569,125.0,4,0.076156
a0842a8b,data\snippets\a0842a8b.py,10049,45.0,2,11.598244
cccb436d,data\snippets\cccb436d.py,4696,15.0,2,0.019267
8fd8228c,data\snippets\8fd8228c.py,50307,45.0,4,683.069129
9d4b3e7c,data\snippets\9d4b3e7c.py,5441,15.0,16,0.007144
4a13955e,data\snippets\4a13955e.py,4936,65.0,8,0.055636
8adb33d3,data\snippets\8adb33d3.py,10104,65.0,4,0.083823
1778472d,data\snippets\1778472d.py,1049,15.0,16,0.000542
8c598c8e,data\snippets\8c598c8e.py,869,15.0,4,0.001708
44332c76,data\snippets\44332c76.py,10012,15.0,4,0.473307
194f943a,data\snippets\194f943a.py,10073,45.0,2,0.281067
65721e5d,data\snippets\65721e5d.py,578,65.0,4,0.001544
f66da8ea,data\snippets\f66da8ea.py,100069,45.0,8,0.267967
de731987,data\snippets\de731987.py,1316,15.0,4,0.003252
89062700,data\snippets\89062700.py,5181,65.0,2,2.148273
94fffd98,data\snippets\94fffd98.py,9759,15.0,8,0.009491
5061d7c7,data\snippets\5061d7c7.py,50160,65.0,8,1.737043
07a1d0cf,data\snippets\07a1d0cf.py,9534,125.0,4,0.578746
3aea9584,data\snippets\3aea9584.py,937,45.0,8,0.003163
2b8450cb,data\snippets\2b8450cb.py,100340,125.0,2,73.019103
8c457ac1,data\snippets\8c457ac1.py,4557,65.0,8,0.045486
f7e33719,data\snippets\f7e33719.py,49514,45.0,8,0.136816
6f48ca8e,data\snippets\6f48ca8e.py,100426,125.0,8,0.753679
5eabf13e,data\snippets\5eabf13e.py,5085,15.0,2,0.023161
b67a1748,data\snippets\b67a1748.py,5131,45.0,16,0.019775
b288dbc5,data\snippets\b288dbc5.py,5104,15.0,8,0.036949
a788ecfb,data\snippets\a788ecfb.py,50454,125.0,4,6.947322
3b6158f5,data\snippets\3b6158f5.py,1256,15.0,16,0.000935
4173e427,data\snippets\4173e427.py,49678,125.0,2,13.236556
a4576a20,data\snippets\a4576a20.py,50119,65.0,4,3.53783
a722149b,data\snippets\a722149b.py,99952,125.0,16,635.781473
ee1cc5f3,data\snippets\ee1cc5f3.py,780,65.0,8,0.003289
9697a8a6,data\snippets\9697a8a6.py,100452,65.0,16,2113.942966
6235e5cd,data\snippets\6235e5cd.py,520,65.0,4,0.004241
6ca775fe,data\snippets\6ca775fe.py,9523,15.0,2,0.037171
906033ac,data\snippets\906033ac.py,100494,125.0,8,7855.498563
1fa5c741,data\snippets\1fa5c741.py,9603,45.0,2,0.104762
657483dd,data\snippets\657483dd.py,9702,65.0,4,0.082616
8bea1043,data\snippets\8bea1043.py,49927,45.0,8,337.385775
5df887c7,data\snippets\5df887c7.py,9605,15.0,8,0.008874
fe65e141,data\snippets\fe65e141.py,9540,15.0,4,0.042031
850b472c,data\snippets\850b472c.py,844,15.0,4,0.001723
8841c6ad,data\snippets\8841c6ad.py,4676,65.0,4,0.815239
3dd96c61,data\snippets\3dd96c61.py,5346,65.0,8,0.171784
e88a8f8d,data\snippets\e88a8f8d.py,5255,15.0,16,0.006957
43056992,data\snippets\43056992.py,920,125.0,2,0.010162
bd387207,data\snippets\bd387207.py,9704,65.0,2,3.649297
5820b1db,data\snippets\5820b1db.py,4520,125.0,8,0.035871
19d3b0d8,data\snippets\19d3b0d8.py,50024,65.0,16,0.84456
27d1c4c4,data\snippets\27d1c4c4.py,5286,125.0,4,2.205228
ccbe2c43,data\snippets\ccbe2c43.py,10481,45.0,16,0.41536
e48926a0,data\snippets\e48926a0.py,5104,15.0,2,0.051231
ae4f5a60,data\snippets\ae4f5a60.py,4718,125.0,2,0.162911
517b7f2d,data\snippets\517b7f2d.py,10281,125.0,16,0.158609
6446f0d7,data\snippets\6446f0d7.py,99942,45.0,2,1.12242
3cddb46d,data\snippets\3cddb46d.py,1189,65.0,16,0.002301
9d39cffb,data\snippets\9d39cffb.py,4624,125.0,2,0.147625
39543757,data\snippets\39543757.py,49950,125.0,4,0.745999
045c8c46,data\snippets\045c8c46.py,5218,45.0,16,0.021072
0b2ccb4d,data\snippets\0b2ccb4d.py,10201,65.0,16,0.019829
9684f9ca,data\snippets\9684f9ca.py,99641,125.0,4,16000.769389
83ea8b7e,data\snippets\83ea8b7e.py,4890,15.0,8,0.113379
242af407,data\snippets\242af407.py,5421,125.0,2,0.171057
1db9a7b1,data\snippets\1db9a7b1.py,5295,125.0,16,0.163806
30a365d5,data\snippets\30a365d5.py,9835,65.0,2,0.371952
ea7b1c2f,data\snippets\ea7b1c2f.py,9697,125.0,2,7.329765
e40146e9,data\snippets\e40146e9.py,99656,65.0,2,16028.420263
718044e6,data\snippets\718044e6.py,5042,125.0,2,1.123138
35057d95,data\snippets\35057d95.py,99503,125.0,16,3657.353866
82bf2f08,data\snippets\82bf2f08.py,50050,65.0,8,0.195115
d5682790,data\snippets\d5682790.py,4792,65.0,2,0.543886
86b0f59b,data\snippets\86b0f59b.py,50095,15.0,16,59.407931
3c233ad1,data\snippets\3c233ad1.py,4760,125.0,2,3.217274
3d6bab7b,data\snippets\3d6bab7b.py,4926,45.0,2,0.140501
fc7987e5,data\snippets\fc7987e5.py,49922,45.0,16,0.618789
f3c04fbd,data\snippets\f3c04fbd.py,622,45.0,2,0.002694
5db9ac2b,data\snippets\5db9ac2b.py,100324,125.0,8,7594.262432
db134163,data\snippets\db134163.py,672,65.0,2,0.010463
67fd4074,data\snippets\67fd4074.py,1093,45.0,2,0.005712
a75b61ea,data\snippets\a75b61ea.py,808,65.0,16,0.001585
e49b4655,data\snippets\e49b4655.py,49993,125.0,4,1899.628047
82372095,data\snippets\82372095.py,49730,45.0,2,4.542513
7f1cd1bb,data\snippets\7f1cd1bb.py,4679,125.0,16,0.048424
ddda90f3,data\snippets\ddda90f3.py,99843,45.0,2,1.158167
8b67eb9f,data\snippets\8b67eb9f.py,50254,125.0,16,1.752467
25e6149d,data\snippets\25e6149d.py,10033,65.0,8,0.988615
367c4b95,data\snippets\367c4b95.py,10381,65.0,16,0.050907
ecd26fc9,data\snippets\ecd26fc9.py,4552,45.0,2,1.108005
47d5d075,data\snippets\47d5d075.py,10181,125.0,2,32.926169
1108c34c,data\snippets\1108c34c.py,10169,45.0,2,12.102582
b5d34998,data\snippets\b5d34998.py,4570,125.0,4,1.494927
4104fbd8,data\snippets\4104fbd8.py,100327,125.0,4,17.966169
6626c428,data\snippets\6626c428.py,99702,65.0,2,16020.721245
e8369a15,data\snippets\e8369a15.py,99530,125.0,2,36.501427
fe169a6f,data\snippets\fe169a6f.py,100219,45.0,2,1.118393
6b7f69ef,data\snippets\6b7f69ef.py,10179,125.0,2,8.696479
4066720f,data\snippets\4066720f.py,10181,15.0,8,0.023054
069e16dc,data\snippets\069e16dc.py,670,15.0,4,0.001234
63e2c2b6,data\snippets\63e2c2b6.py,49921,15.0,16,0.024277
d034e7cb,data\snippets\d034e7cb.py,100490,45.0,4,0.5599
8728bc74,data\snippets\8728bc74.py,10341,65.0,4,2.255514
22cab843,data\snippets\22cab843.py,99547,15.0,4,0.190059
ad9ab467,data\snippets\ad9ab467.py,49822,45.0,8,336.925053
9874c681,data\snippets\9874c681.py,5222,125.0,8,0.307262
e996ba30,data\snippets\e996ba30.py,5352,45.0,2,0.058159
6713e706,data\snippets\6713e706.py,10339,15.0,16,0.01922
b5af5cd5,data\snippets\b5af5cd5.py,9694,125.0,8,0.279151
ac7728fe,data\snippets\ac7728fe.py,99628,65.0,2,16695.820283
d33b8521,data\snippets\d33b8521.py,5461,45.0,16,0.021282
2eaf3c89,data\snippets\2eaf3c89.py,1465,125.0,2,0.095356
12c352cc,data\snippets\12c352cc.py,619,125.0,2,0.018056
1e155a11,data\snippets\1e155a11.py,724,15.0,8,0.000661
cb368f79,data\snippets\cb368f79.py,9716,45.0,2,0.397982
7e4bfb96,data\snippets\7e4bfb96.py,10309,45.0,8,3.117974
67676777,data\snippets\67676777.py,4884,15.0,2,0.018427
e252ca2d,data\snippets\e252ca2d.py,4611,45.0,2,0.057959
8237c746,data\snippets\8237c746.py,100332,65.0,16,337.816655
49d3676a,data\snippets\49d3676a.py,9943,45.0,8,0.100849
dab1ce5d,data\snippets\dab1ce5d.py,99596,15.0,4,2.136431
65b10be0,data\snippets\65b10be0.py,49696,45.0,4,125.046478
d6bd6453,data\snippets\d6bd6453.py,99964,65.0,8,9.483519
95488357,data\snippets\95488357.py,4665,45.0,16,0.017457
4040a6f6,data\snippets\4040a6f6.py,49872,65.0,16,249.446708
7f0133fb,data\snippets\7f0133fb.py,50127,45.0,16,0.600705
699284d7,data\snippets\699284d7.py,4869,45.0,2,0.065561
8c2104df,data\snippets\8c2104df.py,10030,15.0,2,0.088552
6657f5ac,data\snippets\6657f5ac.py,100239,125.0,4,1.58814
02206f7b,data\snippets\02206f7b.py,1366,125.0,4,0.014245
3cb49fd4,data\snippets\3cb49fd4.py,99971,125.0,16,9.265682
8298879a,data\snippets\8298879a.py,10018,45.0,8,0.069632
e59f6706,data\snippets\e59f6706.py,4682,15.0,16,0.014008
5140e639,data\snippets\5140e639.py,837,45.0,4,0.001394
3ea40583,data\snippets\3ea40583.py,10047,15.0,2,0.141438
a1e730c1,data\snippets\a1e730c1.py,4877,15.0,2,0.126742
1a729ec1,data\snippets\1a729ec1.py,10115,125.0,16,0.040948
cdd20b22,data\snippets\cdd20b22.py,5045,45.0,16,0.05134
e66e3c3a,data\snippets\e66e3c3a.py,99950,65.0,8,9.789668
31fc0db1,data\snippets\31fc0db1.py,50025,15.0,2,0.196328
5eb0e118,data\snippets\5eb0e118.py,5360,15.0,2,0.594755
476fd19f,data\snippets\476fd19f.py,49994,125.0,2,12.955611
1ef48f57,data\snippets\1ef48f57.py,4702,45.0,16,0.147458
1219165d,data\snippets\1219165d.py,50082,15.0,16,61.325837
60dd685f,data\snippets\60dd685f.py,926,15.0,4,0.001704
4e562ffe,data\snippets\4e562ffe.py,100348,15.0,2,9.462127
367aee84,data\snippets\367aee84.py,50133,15.0,4,42.791885
d58fa1cd,data\snippets\d58fa1cd.py,5048,125.0,4,1.971229
4c00339a,data\snippets\4c00339a.py,779,65.0,8,0.0019
a7b880e9,data\snippets\a7b880e9.py,5199,65.0,16,0.02838
1eedcca9,data\snippets\1eedcca9.py,775,15.0,8,0.00044
fcb0ff46,data\snippets\fcb0ff46.py,49715,15.0,8,20.637326
c4c67d10,data\snippets\c4c67d10.py,9918,45.0,8,0.1033
e86211a8,data\snippets\e86211a8.py,5315,45.0,16,0.020704
e4c246a4,data\snippets\e4c246a4.py,100040,45.0,8,0.279897
87722984,data\snippets\87722984.py,50045,65.0,16,1.16502
f6190c5c,data\snippets\f6190c5c.py,707,125.0,8,0.002892
76fd92d4,data\snippets\76fd92d4.py,49829,45.0,2,0.56202
c8942d6f,data\snippets\c8942d6f.py,1373,15.0,8,0.000934
4a6afd6e,data\snippets\4a6afd6e.py,99878,45.0,4,0.572023
66c54860,data\snippets\66c54860.py,10124,45.0,4,1.443167
578beb5e,data\snippets\578beb5e.py,49995,45.0,8,1.699433
f52ee9bf,data\snippets\f52ee9bf.py,580,45.0,16,0.000116
d1fbb622,data\snippets\d1fbb622.py,10236,125.0,2,0.760093
d90ea74d,data\snippets\d90ea74d.py,940,65.0,8,0.001423
f0363b61,data\snippets\f0363b61.py,9991,15.0,2,0.928732
3e0debac,data\snippets\3e0debac.py,4585,15.0,8,0.004503
a55402db,data\snippets\a55402db.py,592,15.0,16,0.000266
7b11a3de,data\snippets\7b11a3de.py,99706,125.0,8,1176.280824
e02add4c,data\snippets\e02add4c.py,4669,45.0,8,0.272559
a27acf15,data\snippets\a27acf15.py,49865,15.0,4,232.545523
90b76ad3,data\snippets\90b76ad3.py,9559,125.0,2,6.694483
800dec4c,data\snippets\800dec4c.py,99525,15.0,2,9.288171
2c2be264,data\snippets\2c2be264.py,676,45.0,4,0.000629
1cfa5868,data\snippets\1cfa5868.py,4953,65.0,4,0.039908
178abf1a,data\snippets\178abf1a.py,886,125.0,4,0.014378
4c4b4b20,data\snippets\4c4b4b20.py,9805,65.0,2,14.92078
9077db1a,data\snippets\9077db1a.py,100018,45.0,8,432.029567
44eed242,data\snippets\44eed242.py,99788,125.0,2,3.11018
ec3a90a3,data\snippets\ec3a90a3.py,100082,45.0,4,12.902577
857709f9,data\snippets\857709f9.py,50428,125.0,4,370.570381
55615916,data\snippets\55615916.py,99914,65.0,2,1.579857
346e2460,data\snippets\346e2460.py,50062,45.0,2,4.733068
3346a9c1,data\snippets\3346a9c1.py,4630,65.0,2,0.084901
05a23573,data\snippets\05a23573.py,50458,65.0,4,3.520836
57121474,data\snippets\57121474.py,100159,65.0,2,37.759872
8493f707,data\snippets\8493f707.py,5341,125.0,2,0.168919
d987a652,data\snippets\d987a652.py,9654,15.0,16,0.017069
33bfa4c8,data\snippets\33bfa4c8.py,4973,15.0,4,0.024811
03f6580b,data\snippets\03f6580b.py,1386,65.0,4,0.020665
9d2ed59f,data\snippets\9d2ed59f.py,99509,45.0,4,0.542657
79ec4882,data\snippets\79ec4882.py,4736,45.0,16,0.043466
4ccd82c3,data\snippets\4ccd82c3.py,9987,125.0,16,0.141506
9e5033f2,data\snippets\9e5033f2.py,100321,65.0,16,0.198852
a688efe2,data\snippets\a688efe2.py,5285,45.0,4,0.851858
9fbadbba,data\snippets\9fbadbba.py,99990,125.0,8,19.340612
807d169b,data\snippets\807d169b.py,801,15.0,16,0.000252
0769c64b,data\snippets\0769c64b.py,9588,65.0,16,0.069712
e1515839,data\snippets\e1515839.py,50402,45.0,16,0.07258
95b8bb03,data\snippets\95b8bb03.py,4925,15.0,16,0.01646
39782dee,data\snippets\39782dee.py,50291,125.0,4,356.170376
2ecfe95d,data\snippets\2ecfe95d.py,10295,125.0,16,4.233921
076e3e9e,data\snippets\076e3e9e.py,748,15.0,2,0.000487
c8a73d8c,data\snippets\c8a73d8c.py,5181,65.0,8,0.056156
f389110f,data\snippets\f389110f.py,5089,15.0,4,0.009513
fcfdb34d,data\snippets\fcfdb34d.py,4655,65.0,2,0.077796
97e18859,data\snippets\97e18859.py,50317,15.0,16,60.619467
1fe086b5,data\snippets\1fe086b5.py,9651,45.0,2,0.393774
ab757698,data\snippets\ab757698.py,100004,65.0,4,9.430274
949adbc8,data\snippets\949adbc8.py,50050,125.0,4,6.382632
7515b12d,data\snippets\7515b12d.py,50315,45.0,2,4.712335
230ba0d3,data\snippets\230ba0d3.py,689,125.0,8,0.000916
098a8865,data\snippets\098a8865.py,100179,15.0,16,77.732687
d45ea19f,data\snippets\d45ea19f.py,5322,15.0,8,0.014015
06d19a12,data\snippets\06d19a12.py,9651,125.0,2,0.301238
edc2bc3f,data\snippets\edc2bc3f.py,972,125.0,4,0.015779
cfbe86fc,data\snippets\cfbe86fc.py,99603,125.0,8,19.463713
00bfa200,data\snippets\00bfa200.py,561,15.0,2,0.001827
d17e5176,data\snippets\d17e5176.py,925,65.0,4,0.008701
3d4a7228,data\snippets\3d4a7228.py,49887,45.0,8,1.185444
83d21e93,data\snippets\83d21e93.py,49936,15.0,2,1.588756
decfa763,data\snippets\decfa763.py,99518,125.0,16,4.444738
662dd671,data\snippets\662dd671.py,967,15.0,16,0.000549
9eac72e4,data\snippets\9eac72e4.py,100204,15.0,2,4.536756
1fd0a9d8,data\snippets\1fd0a9d8.py,1175,45.0,8,0.004363
dee735a7,data\snippets\dee735a7.py,10375,45.0,8,0.795505
c90476b8,data\snippets\c90476b8.py,5047,65.0,4,0.040839
0e1956af,data\snippets\0e1956af.py,10162,15.0,4,0.046584
ee76059f,data\snippets\ee76059f.py,99761,65.0,16,2098.455067
3cc42723,data\snippets\3cc42723.py,5347,45.0,4,0.029257
07212110,data\snippets\07212110.py,5454,65.0,16,0.331058
bc9d086c,data\snippets\bc9d086c.py,5156,65.0,16,0.010692
d4f14f9a,data\snippets\d4f14f9a.py,9620,125.0,2,0.711837
520e35aa,data\snippets\520e35aa.py,9976,65.0,16,0.079977
827aba30,data\snippets\827aba30.py,4901,15.0,8,0.004495
a0716ec2,data\snippets\a0716ec2.py,50274,45.0,2,0.549406
32e7adc0,data\snippets\32e7adc0.py,50119,15.0,8,21.427799
8f366444,data\snippets\8f366444.py,49624,65.0,16,243.996559
054b6bc5,data\snippets\054b6bc5.py,50467,65.0,2,10.051431
91a1932a,data\snippets\91a1932a.py,5276,65.0,8,0.061751
f4f9f514,data\snippets\f4f9f514.py,4786,45.0,8,0.012802
5f0f12c3,data\snippets\5f0f12c3.py,50099,65.0,4,4.99746
7b10b65a,data\snippets\7b10b65a.py,99858,65.0,16,0.203809
a75c0480,data\snippets\a75c0480.py,1482,45.0,2,0.025408
638af523,data\snippets\638af523.py,99855,125.0,2,78.502232
f9da6b65,data\snippets\f9da6b65.py,49961,45.0,8,1.741534
ee2d45ce,data\snippets\ee2d45ce.py,5434,45.0,2,0.170944
3003aea5,data\snippets\3003aea5.py,10427,45.0,8,0.029732
bc3afbe4,data\snippets\bc3afbe4.py,49506,15.0,2,1.523323
db189556,data\snippets\db189556.py,50425,15.0,4,0.09559
dc57cbb3,data\snippets\dc57cbb3.py,9833,65.0,8,3.764338
d769eebc,data\snippets\d769eebc.py,9690,15.0,4,0.018936
957f281b,data\snippets\957f281b.py,49763,45.0,2,1410.894092
9dfe0701,data\snippets\9dfe0701.py,49555,125.0,4,0.751918
96eef683,data\snippets\96eef683.py,99569,125.0,8,1241.615353
5bb746fc,data\snippets\5bb746fc.py,99504,125.0,4,2498.90475
5f652375,data\snippets\5f652375.py,841,45.0,8,0.001655
3106b91a,data\snippets\3106b91a.py,50344,45.0,16,182.150519
16f0b4a8,data\snippets\16f0b4a8.py,99960,125.0,16,605.265642
6f91e620,data\snippets\6f91e620.py,99737,45.0,8,433.839769
f0eb89ca,data\snippets\f0eb89ca.py,10009,15.0,2,0.961454
e4e1be05,data\snippets\e4e1be05.py,1384,45.0,8,0.002713
fb012d35,data\snippets\fb012d35.py,100045,65.0,4,19.3563
64018a49,data\snippets\64018a49.py,870,125.0,2,0.027986
2911a817,data\snippets\2911a817.py,100046,15.0,16,0.046018
3ceaab73,data\snippets\3ceaab73.py,49520,65.0,8,2.466607
e8c464fc,data\snippets\e8c464fc.py,678,65.0,2,0.00213
d7b7bd0e,data\snippets\d7b7bd0e.py,894,15.0,16,0.000468
8fc2c6d3,data\snippets\8fc2c6d3.py,49536,45.0,2,0.578968
10fa5cf9,data\snippets\10fa5cf9.py,9789,125.0,4,0.152513
87163e77,data\snippets\87163e77.py,50324,45.0,16,176.325951
ee5151bd,data\snippets\ee5151bd.py,50291,65.0,4,0.39563
d156b9ad,data\snippets\d156b9ad.py,4847,45.0,16,0.007761
f56076f6,data\snippets\f56076f6.py,5106,125.0,16,0.053497
5dad621c,data\snippets\5dad621c.py,5007,45.0,16,0.05284
3d892619,data\snippets\3d892619.py,4804,65.0,8,0.051622
6d74f53a,data\snippets\6d74f53a.py,50337,45.0,16,0.069123
3e1320e7,data\snippets\3e1320e7.py,99921,65.0,8,0.399202
77cc1311,data\snippets\77cc1311.py,5459,65.0,4,0.058807
2ebb6550,data\snippets\2ebb6550.py,9649,125.0,8,1.786236
b12286e6,data\snippets\b12286e6.py,49708,65.0,4,0.386744
62dc94f4,data\snippets\62dc94f4.py,4828,65.0,8,0.020225
f4c04263,data\snippets\f4c04263.py,1493,15.0,8,0.003121
b8dcea6e,data\snippets\b8dcea6e.py,1070,15.0,4,0.002603
19ebee9e,data\snippets\19ebee9e.py,9676,15.0,2,0.080686
64d00421,data\snippets\64d00421.py,100252,65.0,2,1.694677
9b385379,data\snippets\9b385379.py,1090,15.0,8,0.001047
a71bfb76,data\snippets\a71bfb76.py,5122,125.0,4,2.124093
790e0553,data\snippets\790e0553.py,10020,15.0,16,0.018285
1c840a8b,data\snippets\1c840a8b.py,10347,15.0,2,0.092881
576bd01b,data\snippets\576bd01b.py,10343,15.0,16,0.012276
1637fea4,data\snippets\1637fea4.py,50012,65.0,2,9.919369
ad6499ae,data\snippets\ad6499ae.py,49536,45.0,4,2.237332
87680177,data\snippets\87680177.py,504,15.0,2,0.000228
8ffcf4e6,data\snippets\8ffcf4e6.py,9559,15.0,8,0.034582
62b898c8,data\snippets\62b898c8.py,1286,45.0,2,0.008771
1e695640,data\snippets\1e695640.py,5219,45.0,4,0.236404
4c35fa76,data\snippets\4c35fa76.py,9559,15.0,8,0.214796
384f3462,data\snippets\384f3462.py,50341,65.0,2,1978.680404
2e932eaa,data\snippets\2e932eaa.py,50086,65.0,4,3.43979
a2fa1e32,data\snippets\a2fa1e32.py,100198,125.0,2,38.062079
3610af52,data\snippets\3610af52.py,99775,65.0,16,4.955021
3cdcc7e4,data\snippets\3cdcc7e4.py,4791,65.0,16,0.225819
17a09c08,data\snippets\17a09c08.py,527,125.0,4,0.002363
a6a86848,data\snippets\a6a86848.py,50097,15.0,4,1.1577
e02c72c1,data\snippets\e02c72c1.py,4969,65.0,8,0.053911
40b9b7f6,data\snippets\40b9b7f6.py,9830,15.0,4,0.042362
05949848,data\snippets\05949848.py,49673,125.0,2,4001.169909
5f142acb,data\snippets\5f142acb.py,100098,125.0,16,631.313133
c92e936f,data\snippets\c92e936f.py,1264,45.0,2,0.01848
fa2cf529,data\snippets\fa2cf529.py,100018,65.0,2,18.650448
c2f1f80e,data\snippets\c2f1f80e.py,1309,15.0,16,0.000195
abae8215,data\snippets\abae8215.py,4751,65.0,2,0.089518
31ec1df7,data\snippets\31ec1df7.py,10434,65.0,16,0.566644
0cac38f7,data\snippets\0cac38f7.py,1379,45.0,8,0.002773
82e0b603,data\snippets\82e0b603.py,10425,65.0,2,17.824141
9bb59621,data\snippets\9bb59621.py,9691,65.0,8,3.798619
d55248e7,data\snippets\d55248e7.py,99800,65.0,4,0.783917
b4dea024,data\snippets\b4dea024.py,100449,125.0,2,31084.860133
2a8207ef,data\snippets\2a8207ef.py,99649,15.0,8,146.976587
0d37fe8d,data\snippets\0d37fe8d.py,10349,15.0,16,0.131546
693244ff,data\snippets\693244ff.py,1241,15.0,8,0.001501
079a2098,data\snippets\079a2098.py,1067,65.0,2,0.004381
1c56e7b1,data\snippets\1c56e7b1.py,5487,65.0,8,0.064633
83983fac,data\snippets\83983fac.py,645,45.0,4,0.003682
9070afb4,data\snippets\9070afb4.py,753,125.0,4,0.011891
25ba1822,data\snippets\25ba1822.py,10330,15.0,4,0.047818
b9b10466,data\snippets\b9b10466.py,49930,65.0,2,0.777806
b1aad298,data\snippets\b1aad298.py,10122,65.0,8,4.253654
4599a2c0,data\snippets\4599a2c0.py,100471,15.0,16,0.049313
5d0fcc00,data\snippets\5d0fcc00.py,49699,125.0,4,1981.906988
861ad621,data\snippets\861ad621.py,4611,45.0,4,0.562305
8e015c41,data\snippets\8e015c41.py,9875,125.0,2,0.308207
c620bc89,data\snippets\c620bc89.py,4718,45.0,16,0.042011
d9d432de,data\snippets\d9d432de.py,100291,65.0,4,0.811649
aa36c5e2,data\snippets\aa36c5e2.py,5337,45.0,8,0.014425
211c0443,data\snippets\211c0443.py,100070,15.0,4,0.185901
01fdc073,data\snippets\01fdc073.py,4504,15.0,4,0.16518
fe3b3e53,data\snippets\fe3b3e53.py,4619,45.0,8,0.013208
8116bf2d,data\snippets\8116bf2d.py,99845,125.0,16,3892.747055
249f5f18,data\snippets\249f5f18.py,10074,65.0,16,0.076236
ef34d560,data\snippets\ef34d560.py,4604,15.0,8,0.010651
ddd8d5e6,data\snippets\ddd8d5e6.py,4819,125.0,2,0.153165
24b44439,data\snippets\24b44439.py,100383,45.0,8,0.296075
cb36fc1e,data\snippets\cb36fc1e.py,5118,65.0,8,0.523607
e8e84276,data\snippets\e8e84276.py,1181,15.0,16,0.00055
15055454,data\snippets\15055454.py,49679,65.0,8,1.753739
66ac22e4,data\snippets\66ac22e4.py,4957,15.0,2,0.474594
39997aa0,data\snippets\39997aa0.py,50417,45.0,8,1.640164
b337a6a7,data\snippets\b337a6a7.py,897,45.0,16,0.001309
818b4d76,data\snippets\818b4d76.py,559,125.0,4,0.002851
4dc0a563,data\snippets\4dc0a563.py,10203,15.0,4,0.019616
0b2896e9,data\snippets\0b2896e9.py,10400,45.0,4,6.026479
dbac2d52,data\snippets\dbac2d52.py,50019,125.0,8,3.236386
c000d14b,data\snippets\c000d14b.py,10189,125.0,8,0.192121
2271afa2,data\snippets\2271afa2.py,50429,15.0,2,502.232811
403dde82,data\snippets\403dde82.py,5205,45.0,8,0.017728
438da368,data\snippets\438da368.py,99528,125.0,16,3838.573143
66cc4920,data\snippets\66cc4920.py,4660,15.0,8,0.028949
c30143c5,data\snippets\c30143c5.py,521,45.0,16,0.000192
1d6fb7b7,data\snippets\1d6fb7b7.py,100390,45.0,4,0.552968
ab257d5e,data\snippets\ab257d5e.py,10089,45.0,16,1.402664
05cf5d96,data\snippets\05cf5d96.py,9564,15.0,2,0.037558
e051a580,data\snippets\e051a580.py,880,65.0,2,0.003067
b8d577cd,data\snippets\b8d577cd.py,99980,45.0,8,3.296067
b34f4159,data\snippets\b34f4159.py,100049,45.0,8,0.28034
bb6e92eb,data\snippets\bb6e92eb.py,1365,65.0,2,0.029708
25d1d55e,data\snippets\25d1d55e.py,1100,15.0,4,0.002015
83692055,data\snippets\83692055.py,99548,65.0,8,4.972566
184640ca,data\snippets\184640ca.py,4632,65.0,8,0.018766
f05aa53c,data\snippets\f05aa53c.py,50344,45.0,16,0.073945
ecade4db,data\snippets\ecade4db.py,1321,125.0,8,0.006633
71e41ec1,data\snippets\71e41ec1.py,9941,15.0,16,0.004518
a23528f2,data\snippets\a23528f2.py,4719,65.0,8,0.019907
8e5fa12f,data\snippets\8e5fa12f.py,1272,45.0,16,0.002826
d67a5e9f,data\snippets\d67a5e9f.py,1388,125.0,16,0.005325
641c6cf3,data\snippets\641c6cf3.py,897,125.0,8,0.001527
5fffe4f8,data\snippets\5fffe4f8.py,4872,45.0,8,0.013611
e14468cc,data\snippets\e14468cc.py,4834,15.0,2,0.021802
0ad066d5,data\snippets\0ad066d5.py,99920,125.0,8,0.801763
02c542dd,data\snippets\02c542dd.py,4829,15.0,4,0.060944
88a97aaf,data\snippets\88a97aaf.py,584,45.0,2,0.000947
6354ceda,data\snippets\6354ceda.py,100058,15.0,4,0.191145
a4b6f298,data\snippets\a4b6f298.py,858,125.0,2,0.00807
13b8c1b6,data\snippets\13b8c1b6.py,4779,125.0,16,0.046678
e8c9908f,data\snippets\e8c9908f.py,100299,65.0,8,9.446581
245de8b9,data\snippets\245de8b9.py,10113,125.0,16,0.153305
433802a8,data\snippets\433802a8.py,1087,45.0,4,0.002955
9a6ae886,data\snippets\9a6ae886.py,5004,65.0,8,0.150339
ca3f4de0,data\snippets\ca3f4de0.py,9716,45.0,8,2.59599
9b43c39d,data\snippets\9b43c39d.py,50400,45.0,2,1386.153416
7e40bfa8,data\snippets\7e40bfa8.py,4732,65.0,4,0.841145
baf09b58,data\snippets\baf09b58.py,49833,125.0,4,1956.056405
6585f12d,data\snippets\6585f12d.py,100028,125.0,8,0.770958
5d530118,data\snippets\5d530118.py,9668,65.0,8,0.15221
0bf8ce9a,data\snippets\0bf8ce9a.py,9561,45.0,4,0.055223
58534839,data\snippets\58534839.py,4937,65.0,8,0.052065
33942d5a,data\snippets\33942d5a.py,50165,45.0,8,67.823159
71016b30,data\snippets\71016b30.py,10383,45.0,4,0.059395
c365cdac,data\snippets\c365cdac.py,546,125.0,8,0.000594
97476008,data\snippets\97476008.py,10109,45.0,8,0.718148
b69bbe5b,data\snippets\b69bbe5b.py,1402,45.0,2,0.011313
4df6f626,data\snippets\4df6f626.py,10038,15.0,2,0.09146
25db7fb4,data\snippets\25db7fb4.py,100381,45.0,8,3.41674
8b561ad7,data\snippets\8b561ad7.py,99907,125.0,4,36.45742
455986cd,data\snippets\455986cd.py,100386,125.0,4,2544.68628
7d32b5a0,data\snippets\7d32b5a0.py,4842,15.0,8,0.005015
8f262b74,data\snippets\8f262b74.py,4773,65.0,2,0.076395
a6f26131,data\snippets\a6f26131.py,50486,65.0,16,0.098255
ac7fa069,data\snippets\ac7fa069.py,10233,125.0,16,0.04055
0e777abb,data\snippets\0e777abb.py,4877,15.0,2,0.049343
5722fcda,data\snippets\5722fcda.py,1476,125.0,2,0.069768
2f5eb73d,data\snippets\2f5eb73d.py,50337,15.0,2,479.010672
dce95b23,data\snippets\dce95b23.py,50030,125.0,16,91.202902
3d1937ec,data\snippets\3d1937ec.py,50304,15.0,4,0.091628
f1b5d45c,data\snippets\f1b5d45c.py,49808,45.0,8,1.164956
ea72acd7,data\snippets\ea72acd7.py,5307,125.0,16,0.021672
c650b983,data\snippets\c650b983.py,1360,15.0,2,0.009782
dba77eec,data\snippets\dba77eec.py,4802,125.0,2,0.167022
a80dbe4d,data\snippets\a80dbe4d.py,1095,45.0,8,0.000829
c0ea6552,data\snippets\c0ea6552.py,100097,125.0,16,4.569917
a3c908dd,data\snippets\a3c908dd.py,50383,65.0,8,1.783598
ccedc82d,data\snippets\ccedc82d.py,99545,125.0,4,14677.917703
ae30fc3d,data\snippets\ae30fc3d.py,1189,65.0,4,0.005043
4446c215,data\snippets\4446c215.py,4626,65.0,4,0.811165
900268e9,data\snippets\900268e9.py,100129,45.0,2,11661.020658
84f775d2,data\snippets\84f775d2.py,100052,125.0,2,32686.434415
e41d320e,data\snippets\e41d320e.py,5144,45.0,8,0.014268
fff2f00e,data\snippets\fff2f00e.py,4943,45.0,2,0.058305
c02af476,data\snippets\c02af476.py,50468,45.0,4,3.408261
1fc65082,data\snippets\1fc65082.py,10262,125.0,8,0.309044
b8f55d62,data\snippets\b8f55d62.py,5279,45.0,16,0.019846
824f73e6,data\snippets\824f73e6.py,4657,15.0,8,0.004301
94ac40e9,data\snippets\94ac40e9.py,50252,125.0,16,509.998557
401c4558,data\snippets\401c4558.py,1024,65.0,8,0.001749
f5086c41,data\snippets\f5086c41.py,99828,15.0,4,311.003745
266824b8,data\snippets\266824b8.py,10294,15.0,2,4.049064
f2d383d2,data\snippets\f2d383d2.py,9586,65.0,8,0.922356
7dd9bbd0,data\snippets\7dd9bbd0.py,784,15.0,4,0.000385
c687e682,data\snippets\c687e682.py,50409,45.0,4,130.196513
03b5f69a,data\snippets\03b5f69a.py,49918,45.0,4,0.267169
2f2e89bf,data\snippets\2f2e89bf.py,1470,65.0,16,0.003124
a9aa0022,data\snippets\a9aa0022.py,50351,45.0,8,363.402225
0fb348d6,data\snippets\0fb348d6.py,10222,125.0,2,8.663181
a7c30992,data\snippets\a7c30992.py,100413,65.0,2,39.622065
17e425db,data\snippets\17e425db.py,4590,15.0,2,0.356847
c42d6788,data\snippets\c42d6788.py,1461,65.0,16,0.003061
4d97ff6c,data\snippets\4d97ff6c.py,5049,15.0,2,0.052049
9f9ec0fd,data\snippets\9f9ec0fd.py,10351,45.0,4,0.226857
9d1fcec1,data\snippets\9d1fcec1.py,49895,45.0,8,0.146919
7d4749ed,data\snippets\7d4749ed.py,49996,45.0,2,4.586804
36e3ccad,data\snippets\36e3ccad.py,100156,45.0,4,0.566826
8f956eba,data\snippets\8f956eba.py,676,45.0,16,0.000161
6ffd5cb8,data\snippets\6ffd5cb8.py,49630,15.0,16,0.022252
be950f56,data\snippets\be950f56.py,100153,15.0,4,4.441997
358b8b30,data\snippets\358b8b30.py,5187,15.0,4,0.261777
5ddae1bb,data\snippets\5ddae1bb.py,50028,45.0,8,67.395357
6aa3be55,data\snippets\6aa3be55.py,100209,15.0,8,148.916659
36ec5057,data\snippets\36ec5057.py,9797,125.0,4,0.581907
fb282969,data\snippets\fb282969.py,4903,15.0,4,0.220836
50061bca,data\snippets\50061bca.py,49834,45.0,16,0.068658
2eae2591,data\snippets\2eae2591.py,10343,125.0,2,0.312427
437aa6d9,data\snippets\437aa6d9.py,10159,15.0,8,0.239277
fca9ac96,data\snippets\fca9ac96.py,4949,65.0,16,0.242382
158588c4,data\snippets\158588c4.py,50229,45.0,16,0.864127
0da47af2,data\snippets\0da47af2.py,1214,15.0,4,0.00064
073fe11f,data\snippets\073fe11f.py,4808,125.0,2,0.150611
f10f6c79,data\snippets\f10f6c79.py,10173,65.0,2,0.60654
263328c3,data\snippets\263328c3.py,99580,15.0,16,1.153667
a347b844,data\snippets\a347b844.py,9576,45.0,8,0.09623
37462b9f,data\snippets\37462b9f.py,10006,125.0,2,32.505616
c6afa9a0,data\snippets\c6afa9a0.py,5477,65.0,16,0.324048
db2971ab,data\snippets\db2971ab.py,100265,15.0,2,0.38399
57fee078,data\snippets\57fee078.py,5013,15.0,4,0.026154
07da98b6,data\snippets\07da98b6.py,10032,65.0,16,0.076778
e7b854a4,data\snippets\e7b854a4.py,50438,45.0,16,0.073874
c5e2dcac,data\snippets\c5e2dcac.py,859,125.0,8,0.00783
c88db797,data\snippets\c88db797.py,1229,125.0,8,0.005776
994a5d2a,data\snippets\994a5d2a.py,10049,15.0,4,0.474283
8d9fadb6,data\snippets\8d9fadb6.py,5008,45.0,16,0.050912
c9d2395a,data\snippets\c9d2395a.py,766,45.0,2,0.005171
efe746b4,data\snippets\efe746b4.py,1313,65.0,16,0.000861
959df8a9,data\snippets\959df8a9.py,1223,15.0,8,0.001106
142c673d,data\snippets\142c673d.py,49982,125.0,8,3.366046
343418cb,data\snippets\343418cb.py,100353,45.0,4,5765.790849
bf480f6b,data\snippets\bf480f6b.py,99558,125.0,2,4750.507257
27a96835,data\snippets\27a96835.py,10192,65.0,16,0.021258
fa8f4a80,data\snippets\fa8f4a80.py,5358,15.0,4,0.013544
d5b17e8a,data\snippets\d5b17e8a.py,4795,125.0,4,0.482928
b2fa0111,data\snippets\b2fa0111.py,1432,65.0,16,0.005764
a116003a,data\snippets\a116003a.py,49580,15.0,8,21.830839
0e5c40da,data\snippets\0e5c40da.py,1043,125.0,4,0.007194
9faa1d1b,data\snippets\9faa1d1b.py,9730,65.0,8,0.039924
a3e27b23,data\snippets\a3e27b23.py,50064,125.0,2,1.490909
db98d36c,data\snippets\db98d36c.py,99902,15.0,4,287.425909
c0e30faa,data\snippets\c0e30faa.py,10350,125.0,4,0.60759
0aa8a32f,data\snippets\0aa8a32f.py,776,125.0,16,0.000738
fceb7807,data\snippets\fceb7807.py,49972,45.0,8,1.155026
ffea8ae2,data\snippets\ffea8ae2.py,50191,15.0,4,232.098889
143806ed,data\snippets\143806ed.py,625,45.0,8,0.001682
0be64e70,data\snippets\0be64e70.py,4561,45.0,4,0.154137
d2a71de4,data\snippets\d2a71de4.py,1359,65.0,16,0.003772
b72aebc8,data\snippets\b72aebc8.py,10206,65.0,2,0.169539
a72ac582,data\snippets\a72ac582.py,687,125.0,4,0.001778
dfb5b1a4,data\snippets\dfb5b1a4.py,10391,15.0,16,0.012633
7974ca26,data\snippets\7974ca26.py,4644,15.0,2,0.018547
cfe41e8a,data\snippets\cfe41e8a.py,871,45.0,8,0.001776
080c1b44,data\snippets\080c1b44.py,5400,15.0,8,0.144334
a6fa6306,data\snippets\a6fa6306.py,50368,65.0,4,1076.26374
8a01a97b,data\snippets\8a01a97b.py,49503,45.0,8,63.56059
b4afabe7,data\snippets\b4afabe7.py,4796,125.0,16,0.019074
2cfd8538,data\snippets\2cfd8538.py,4898,125.0,4,0.07412
be75ba07,data\snippets\be75ba07.py,100219,65.0,16,319.077422
159a5c33,data\snippets\159a5c33.py,9975,125.0,8,0.304585
9b4afd34,data\snippets\9b4afd34.py,9746,45.0,4,0.052285
4d9fb5bb,data\snippets\4d9fb5bb.py,100151,45.0,2,13.758309
994bf5e5,data\snippets\994bf5e5.py,5383,45.0,16,0.007494
3a89899d,data\snippets\3a89899d.py,1213,125.0,8,0.012252
392030d4,data\snippets\392030d4.py,4910,125.0,2,3.810911
3460e28c,data\snippets\3460e28c.py,4778,45.0,2,0.062226
cf41ea0c,data\snippets\cf41ea0c.py,99723,45.0,16,3.393749
ecce34d4,data\snippets\ecce34d4.py,9566,65.0,16,0.069531
7dcce33b,data\snippets\7dcce33b.py,100358,15.0,2,3841.959424
bfbd2002,data\snippets\bfbd2002.py,588,15.0,4,0.00016
6724727d,data\snippets\6724727d.py,99818,125.0,16,0.373624
c4417060,data\snippets\c4417060.py,100093,65.0,4,1239.900976
d395fa8f,data\snippets\d395fa8f.py,10288,15.0,16,0.017707
cbc3b3e5,data\snippets\cbc3b3e5.py,5235,65.0,4,0.041746
969ec040,data\snippets\969ec040.py,100060,45.0,8,3.345816
c729398d,data\snippets\c729398d.py,100023,65.0,8,4.658353
9dbff128,data\snippets\9dbff128.py,50210,45.0,2,0.550276
45366a2c,data\snippets\45366a2c.py,10173,45.0,16,0.036094
b59b3dee,data\snippets\b59b3dee.py,5408,15.0,2,0.019376
d4a5eceb,data\snippets\d4a5eceb.py,9884,15.0,2,3.66205
0796250e,data\snippets\0796250e.py,9933,65.0,2,0.602928
5e9e906d,data\snippets\5e9e906d.py,99687,45.0,2,11338.825697
ee0c879a,data\snippets\ee0c879a.py,510,15.0,8,0.0004
97790400,data\snippets\97790400.py,720,125.0,16,0.000499
2ed283fc,data\snippets\2ed283fc.py,5069,125.0,4,0.203834
5fd24519,data\snippets\5fd24519.py,5090,65.0,4,0.050998
940901f9,data\snippets\940901f9.py,49616,45.0,4,131.168706
2ce54f2f,data\snippets\2ce54f2f.py,50466,15.0,4,240.350435
35493169,data\snippets\35493169.py,50057,15.0,8,0.38434
705c1782,data\snippets\705c1782.py,4516,125.0,4,0.073716
6ace4b88,data\snippets\6ace4b88.py,1432,45.0,16,0.004273
b0a1eaf3,data\snippets\b0a1eaf3.py,50186,125.0,8,3.420493
7405ee15,data\snippets\7405ee15.py,49619,65.0,2,374.162503
4cee6c2c,data\snippets\4cee6c2c.py,1259,65.0,4,0.009887
d18068e0,data\snippets\d18068e0.py,100251,65.0,4,0.779533
f927ff54,data\snippets\f927ff54.py,892,65.0,8,0.002861
c1f5172f,data\snippets\c1f5172f.py,5090,125.0,8,1.016937
017b68be,data\snippets\017b68be.py,50259,65.0,16,0.09985
106eb944,data\snippets\106eb944.py,9817,125.0,8,0.172019
f49391d8,data\snippets\f49391d8.py,4663,15.0,2,0.017158
04be9015,data\snippets\04be9015.py,9911,65.0,8,0.14479
06f0f323,data\snippets\06f0f323.py,100214,125.0,4,39.063555
addc32e9,data\snippets\addc32e9.py,5086,45.0,2,0.067936
b8284d1f,data\snippets\b8284d1f.py,10225,125.0,2,0.308862
b8584e46,data\snippets\b8584e46.py,99598,15.0,2,4.544585
1d441484,data\snippets\1d441484.py,4737,65.0,4,0.095999
08dad6d6,data\snippets\08dad6d6.py,9774,125.0,16,0.951809
571df536,data\snippets\571df536.py,4788,15.0,8,0.004311
7bd74afa,data\snippets\7bd74afa.py,5297,65.0,8,0.628886
5c2b715c,data\snippets\5c2b715c.py,99648,65.0,4,0.821549
b2f428a0,data\snippets\b2f428a0.py,50392,65.0,16,266.295486
a1ff82e0,data\snippets\a1ff82e0.py,1477,45.0,8,0.001532
aafde284,data\snippets\aafde284.py,745,65.0,4,0.003436
d38a7000,data\snippets\d38a7000.py,1340,45.0,2,0.028355
54fbf9f6,data\snippets\54fbf9f6.py,1040,45.0,2,0.014463
85919e5a,data\snippets\85919e5a.py,10020,45.0,8,2.700703
3f3b7c14,data\snippets\3f3b7c14.py,5279,15.0,4,0.026435
eca77874,data\snippets\eca77874.py,4930,45.0,2,0.068027
66840173,data\snippets\66840173.py,50268,15.0,4,0.772639
392bbfc1,data\snippets\392bbfc1.py,879,15.0,8,0.000649
e2a9cbd3,data\snippets\e2a9cbd3.py,5138,65.0,4,0.041069
a6cecb0a,data\snippets\a6cecb0a.py,9902,125.0,16,0.038773
111840f9,data\snippets\111840f9.py,99858,65.0,16,0.210766
716acfe8,data\snippets\716acfe8.py,949,125.0,16,0.001311
80c70a62,data\snippets\80c70a62.py,50205,65.0,2,2007.584188
4c241d94,data\snippets\4c241d94.py,986,15.0,8,0.000873
4111be66,data\snippets\4111be66.py,99651,15.0,4,1876.087732
2f4cc8f3,data\snippets\2f4cc8f3.py,99831,65.0,4,7698.252852
87169f8c,data\snippets\87169f8c.py,681,15.0,16,0.000152
26e044f4,data\snippets\26e044f4.py,9958,125.0,8,0.28048
11960512,data\snippets\11960512.py,49691,65.0,4,4.584229
b4c68385,data\snippets\b4c68385.py,9896,15.0,8,0.033924
d30620ab,data\snippets\d30620ab.py,4534,45.0,16,0.038127
e9f6e726,data\snippets\e9f6e726.py,4562,45.0,2,1.038141
419d96f3,data\snippets\419d96f3.py,10287,45.0,16,0.037243
d07f9452,data\snippets\d07f9452.py,9729,65.0,16,1.794114
44880b2d,data\snippets\44880b2d.py,99803,65.0,4,0.845315
2cde8ecf,data\snippets\2cde8ecf.py,99985,65.0,16,2.556937
5781ff4d,data\snippets\5781ff4d.py,1122,65.0,16,0.002309
b98ba09c,data\snippets\b98ba09c.py,5109,65.0,16,0.028069
be98bad3,data\snippets\be98bad3.py,99609,45.0,4,0.537609
46bd6390,data\snippets\46bd6390.py,1260,125.0,4,0.018828
0da47650,data\snippets\0da47650.py,5100,125.0,8,0.046385
59fdc76b,data\snippets\59fdc76b.py,4893,65.0,4,0.990308
cd296aed,data\snippets\cd296aed.py,504,45.0,4,0.000322
cbd14399,data\snippets\cbd14399.py,9566,125.0,16,0.08718
ddb64b3d,data\snippets\ddb64b3d.py,49766,65.0,4,1017.936276
72433f5a,data\snippets\72433f5a.py,49833,15.0,2,1.612077
1dde263b,data\snippets\1dde263b.py,9782,45.0,2,0.112258
956ea6fc,data\snippets\956ea6fc.py,99590,65.0,8,0.410522
f2d3683c,data\snippets\f2d3683c.py,99800,45.0,4,13.684047
bf8346d5,data\snippets\bf8346d5.py,10354,125.0,2,1.269981
6a1ac6fe,data\snippets\6a1ac6fe.py,857,65.0,2,0.002835
51a58558,data\snippets\51a58558.py,49712,125.0,16,1.723047
23544556,data\snippets\23544556.py,518,15.0,16,0.000205
816b01f9,data\snippets\816b01f9.py,50315,125.0,16,86.9873
490cb509,data\snippets\490cb509.py,100018,125.0,8,8008.258587
b0aad1a7,data\snippets\b0aad1a7.py,541,65.0,16,0.000997
1edef65b,data\snippets\1edef65b.py,100300,15.0,16,77.450949
62abd294,data\snippets\62abd294.py,9688,65.0,4,0.290383
0decb6b4,data\snippets\0decb6b4.py,5229,15.0,4,0.00948
0d5a1c40,data\snippets\0d5a1c40.py,49924,125.0,8,4.60121
74288bdc,data\snippets\74288bdc.py,9928,65.0,16,0.019913
6f706cde,data\snippets\6f706cde.py,934,45.0,2,0.003812
4c78f94e,data\snippets\4c78f94e.py,1417,125.0,16,0.008115
239aa510,data\snippets\239aa510.py,1205,15.0,2,0.004363
34f6fce1,data\snippets\34f6fce1.py,49874,125.0,2,3823.469615
9c3623fc,data\snippets\9c3623fc.py,4570,45.0,16,0.133592
547414e3,data\snippets\547414e3.py,650,45.0,4,0.001617
39556bd2,data\snippets\39556bd2.py,5113,15.0,16,0.006236
37a05da2,data\snippets\37a05da2.py,49705,125.0,8,4.55596
32721401,data\snippets\32721401.py,4837,125.0,16,0.02103
bdeafe66,data\snippets\bdeafe66.py,50138,45.0,16,0.808499
e96b85e3,data\snippets\e96b85e3.py,952,125.0,2,0.027843
150e9345,data\snippets\150e9345.py,9526,65.0,4,6.846491
b41b1b05,data\snippets\b41b1b05.py,4929,15.0,2,0.050776
4cc04baa,data\snippets\4cc04baa.py,50029,15.0,2,88.476723
8cd9c7c8,data\snippets\8cd9c7c8.py,49973,65.0,8,0.200835
28c4cd37,data\snippets\28c4cd37.py,10165,125.0,16,1.079028
a49bd8c5,data\snippets\a49bd8c5.py,5464,45.0,8,0.469121
e174bcd6,data\snippets\e174bcd6.py,99838,45.0,2,1805.032024
dfc834e1,data\snippets\dfc834e1.py,1211,45.0,2,0.014109
140c68bc,data\snippets\140c68bc.py,10310,45.0,2,11.738542
fbd169a3,data\snippets\fbd169a3.py,99905,125.0,8,1209.791502
92251d65,data\snippets\92251d65.py,99930,125.0,2,74.137784
f9efab72,data\snippets\f9efab72.py,1325,125.0,8,0.010676
b0b6dff7,data\snippets\b0b6dff7.py,852,45.0,4,0.003648
5ad4ffea,data\snippets\5ad4ffea.py,99937,45.0,4,0.570184
cc34831f,data\snippets\cc34831f.py,49963,45.0,16,33.089552
81954522,data\snippets\81954522.py,981,15.0,2,0.003485
10db9ebf,data\snippets\10db9ebf.py,882,45.0,8,0.002754
1bdc65b2,data\snippets\1bdc65b2.py,49905,125.0,8,174.125597
2dbd65f9,data\snippets\2dbd65f9.py,5427,125.0,4,0.234591
57935b4f,data\snippets\57935b4f.py,49518,65.0,2,376.734825
2ce27e26,data\snippets\2ce27e26.py,613,125.0,4,0.009571
6a9d1ddb,data\snippets\6a9d1ddb.py,100296,125.0,8,1243.923976
736806ac,data\snippets\736806ac.py,4879,45.0,16,0.006709
9472aafc,data\snippets\9472aafc.py,10382,65.0,16,0.080106
1bc14d18,data\snippets\1bc14d18.py,9563,125.0,16,0.862808
e14ffbee,data\snippets\e14ffbee.py,10108,15.0,4,1.897178
b4a3e502,data\snippets\b4a3e502.py,100198,125.0,2,4754.673853
c5278aab,data\snippets\c5278aab.py,100185,45.0,16,1.612886
d44cf5e6,data\snippets\d44cf5e6.py,50358,15.0,16,61.618739
1a927bc1,data\snippets\1a927bc1.py,1076,45.0,8,0.002984
34356902,data\snippets\34356902.py,5323,45.0,16,0.063314
4732dd29,data\snippets\4732dd29.py,49857,15.0,8,21.644756
301f8fc7,data\snippets\301f8fc7.py,9530,65.0,4,0.077648
d2bf5ac1,data\snippets\d2bf5ac1.py,5018,15.0,4,0.066994
60487981,data\snippets\60487981.py,49588,45.0,2,240.001639
e95ee0e7,data\snippets\e95ee0e7.py,9669,125.0,2,27.354352
f63e201c,data\snippets\f63e201c.py,1417,65.0,4,0.008779
c3309f34,data\snippets\c3309f34.py,10418,15.0,2,0.154633
6cf2b92e,data\snippets\6cf2b92e.py,641,15.0,4,0.00021
ebda03ab,data\snippets\ebda03ab.py,1324,125.0,8,0.003197
6c24ff07,data\snippets\6c24ff07.py,100459,45.0,16,1.745771
6f924594,data\snippets\6f924594.py,50334,15.0,8,21.908085
21fcf4a6,data\snippets\21fcf4a6.py,5040,45.0,4,0.080047
8650f86d,data\snippets\8650f86d.py,100334,125.0,16,4.818315
4a9e2966,data\snippets\4a9e2966.py,1087,45.0,4,0.007093
a09ce6da,data\snippets\a09ce6da.py,99596,65.0,8,9.220644
2be8bdbb,data\snippets\2be8bdbb.py,10366,65.0,8,4.562738
183f6222,data\snippets\183f6222.py,50160,45.0,8,62.783534
c1dde03c,data\snippets\c1dde03c.py,1463,45.0,4,0.002904
858aa309,data\snippets\858aa309.py,859,15.0,16,0.000128
9c097902,data\snippets\9c097902.py,99638,45.0,8,6.448943
8feb2a16,data\snippets\8feb2a16.py,100366,125.0,4,36.235829
da52bd36,data\snippets\da52bd36.py,99779,45.0,8,3.260833
cbdc87d3,data\snippets\cbdc87d3.py,9566,125.0,4,0.149603
a49e7dfe,data\snippets\a49e7dfe.py,10158,65.0,8,0.040263
1ea52e1a,data\snippets\1ea52e1a.py,5381,65.0,4,0.353872
c23ac2f7,data\snippets\c23ac2f7.py,50019,45.0,2,6.655737
10d28ba9,data\snippets\10d28ba9.py,9766,65.0,4,0.081166
e7998782,data\snippets\e7998782.py,9821,125.0,16,0.150326
63452067,data\snippets\63452067.py,1088,125.0,4,0.021056
6f93db08,data\snippets\6f93db08.py,100024,15.0,4,1891.442901
a5aff8cf,data\snippets\a5aff8cf.py,556,125.0,16,0.000656
db585b4b,data\snippets\db585b4b.py,99647,125.0,2,77.897694
c5405a54,data\snippets\c5405a54.py,10330,65.0,2,0.668225
12eaeccd,data\snippets\12eaeccd.py,968,15.0,2,0.000811
a45ea2db,data\snippets\a45ea2db.py,50495,15.0,2,502.286599
bf21f368,data\snippets\bf21f368.py,1136,125.0,2,0.009508
b889b2ca,data\snippets\b889b2ca.py,99709,125.0,4,18.223917
a8368aa8,data\snippets\a8368aa8.py,883,45.0,16,0.00038
4c8e914e,data\snippets\4c8e914e.py,5440,45.0,2,1.762181
c0fe2246,data\snippets\c0fe2246.py,5170,125.0,16,0.057056
e7a2880e,data\snippets\e7a2880e.py,9650,65.0,4,0.176333
629ce0fd,data\snippets\629ce0fd.py,50495,45.0,16,0.591006
2da61fe9,data\snippets\2da61fe9.py,49848,45.0,4,3.497565
f7429255,data\snippets\f7429255.py,100408,45.0,16,0.14718
f8c66f05,data\snippets\f8c66f05.py,4864,65.0,4,0.047402
84b17216,data\snippets\84b17216.py,100441,15.0,8,968.078853
fa00ee3f,data\snippets\fa00ee3f.py,9890,15.0,2,0.088165
31e2c4f4,data\snippets\31e2c4f4.py,49904,125.0,16,0.196916
ea204165,data\snippets\ea204165.py,967,65.0,16,0.00184
1cbaa71e,data\snippets\1cbaa71e.py,9778,65.0,4,7.725839
2fb470ad,data\snippets\2fb470ad.py,49705,65.0,8,94.423578
b7c6f2b3,data\snippets\b7c6f2b3.py,890,45.0,2,0.007612
e7a77418,data\snippets\e7a77418.py,9550,125.0,8,6.682256
7af75f6b,data\snippets\7af75f6b.py,4712,45.0,8,0.014339
8d2c37d4,data\snippets\8d2c37d4.py,1322,45.0,2,0.02131
6b1302d6,data\snippets\6b1302d6.py,10079,15.0,8,0.990474
69ece393,data\snippets\69ece393.py,9616,15.0,8,0.020481
9ed132d5,data\snippets\9ed132d5.py,49594,15.0,4,0.797001
386d37e4,data\snippets\386d37e4.py,100494,45.0,2,13.839658
a5fb7c28,data\snippets\a5fb7c28.py,10440,15.0,16,0.012504
fd1293bd,data\snippets\fd1293bd.py,1206,45.0,8,0.00501
4ad957fd,data\snippets\4ad957fd.py,4646,45.0,4,0.572645
b3c1dd1e,data\snippets\b3c1dd1e.py,5433,45.0,2,0.081292
bff7c28e,data\snippets\bff7c28e.py,99982,125.0,16,611.501364
7283cd34,data\snippets\7283cd34.py,100473,45.0,8,2730.69285
43af5f8f,data\snippets\43af5f8f.py,4957,125.0,16,0.485276
12345f78,data\snippets\12345f78.py,49584,15.0,8,21.653754
20b6a51e,data\snippets\20b6a51e.py,1308,65.0,8,0.003432
c6ac7c0b,data\snippets\c6ac7c0b.py,10410,65.0,16,0.052491
273d8aa9,data\snippets\273d8aa9.py,100388,15.0,16,0.592607
6b541863,data\snippets\6b541863.py,4706,65.0,2,0.493009
86619a8a,data\snippets\86619a8a.py,49985,125.0,2,13.016897
85b2a850,data\snippets\85b2a850.py,4725,45.0,16,0.153312
dafafca7,data\snippets\dafafca7.py,1402,125.0,4,0.02107
14777fe1,data\snippets\14777fe1.py,100328,15.0,2,0.384683
eb9c3b21,data\snippets\eb9c3b21.py,9757,15.0,16,0.114741
d471056d,data\snippets\d471056d.py,50424,45.0,16,0.825315
7c05b65e,data\snippets\7c05b65e.py,4833,45.0,8,0.014095
25d451e7,data\snippets\25d451e7.py,50285,45.0,4,2.471997
c3f374a2,data\snippets\c3f374a2.py,1387,15.0,2,0.010104
0b68ca15,data\snippets\0b68ca15.py,613,125.0,4,0.009013
c0e832ee,data\snippets\c0e832ee.py,100004,15.0,16,0.048879
8805cd9b,data\snippets\8805cd9b.py,4865,15.0,4,0.063425
f6531ed2,data\snippets\f6531ed2.py,1003,15.0,16,0.000473
0a475919,data\snippets\0a475919.py,50009,65.0,16,45.319791
fa6294a1,data\snippets\fa6294a1.py,49715,45.0,8,342.791932
e810a48d,data\snippets\e810a48d.py,836,15.0,16,0.000272
4a96d2ac,data\snippets\4a96d2ac.py,9781,45.0,2,0.263394
357e2f04,data\snippets\357e2f04.py,49698,15.0,16,10.328432
e371ee12,data\snippets\e371ee12.py,697,15.0,16,0.0001
a32a5482,data\snippets\a32a5482.py,5140,125.0,8,0.047699
3e4e72a5,data\snippets\3e4e72a5.py,10465,65.0,16,2.305182
c643f020,data\snippets\c643f020.py,4500,15.0,4,0.173523
965e7e04,data\snippets\965e7e04.py,49814,65.0,2,2017.441794
c74d189d,data\snippets\c74d189d.py,50232,15.0,2,0.187724
89acdd3f,data\snippets\89acdd3f.py,50188,45.0,8,1.773632
04cc1e56,data\snippets\04cc1e56.py,501,125.0,8,0.000433
6226a89b,data\snippets\6226a89b.py,4738,15.0,2,0.020632
1d06388d,data\snippets\1d06388d.py,9729,125.0,16,0.147208
80b3153c,data\snippets\80b3153c.py,1141,45.0,16,0.002071
fa87c4bf,data\snippets\fa87c4bf.py,1386,15.0,2,0.009972
938dfc84,data\snippets\938dfc84.py,49698,45.0,8,62.362543
5fc30ea0,data\snippets\5fc30ea0.py,49625,15.0,2,441.187806
788c38cf,data\snippets\788c38cf.py,99513,15.0,4,308.340972
903b7c99,data\snippets\903b7c99.py,50061,15.0,8,0.044721
b024e791,data\snippets\b024e791.py,4590,125.0,8,0.040009
de778dee,data\snippets\de778dee.py,4848,125.0,2,0.145031
28ea3c28,data\snippets\28ea3c28.py,49962,65.0,4,3.610515
2c2142fe,data\snippets\2c2142fe.py,50444,45.0,16,181.414042
61d18048,data\snippets\61d18048.py,99859,65.0,8,0.396517
af5c6bc2,data\snippets\af5c6bc2.py,50454,125.0,16,0.200918
ecf0b58e,data\snippets\ecf0b58e.py,99833,45.0,16,0.143333
d1cfe7eb,data\snippets\d1cfe7eb.py,1471,65.0,16,0.004557
ca7c4ec1,data\snippets\ca7c4ec1.py,502,65.0,8,0.000246
8e275fe7,data\snippets\8e275fe7.py,5473,65.0,2,0.087249
bca716d6,data\snippets\bca716d6.py,4974,65.0,8,0.505608
d328c51f,data\snippets\d328c51f.py,1071,45.0,4,0.006083
acde2c4b,data\snippets\acde2c4b.py,882,65.0,16,0.002107
1bba34da,data\snippets\1bba34da.py,9642,45.0,8,2.526522
b901b77c,data\snippets\b901b77c.py,99891,125.0,2,2.996163
e0e9323e,data\snippets\e0e9323e.py,971,15.0,16,0.000551
5cf41893,data\snippets\5cf41893.py,629,65.0,8,0.000372
bf7cadcc,data\snippets\bf7cadcc.py,100307,125.0,2,32682.272683
e5c23883,data\snippets\e5c23883.py,49513,45.0,2,0.558329
821efe4a,data\snippets\821efe4a.py,5493,125.0,4,2.478172
77caae45,data\snippets\77caae45.py,100256,45.0,4,911.436213
000c28c9,data\snippets\000c28c9.py,49613,45.0,16,32.684009
2bf0a6ba,data\snippets\2bf0a6ba.py,9593,45.0,4,1.264729
fee7a7d1,data\snippets\fee7a7d1.py,10183,65.0,4,8.68436
bf384ecc,data\snippets\bf384ecc.py,99824,65.0,4,18.481606
6a2ac45b,data\snippets\6a2ac45b.py,99572,45.0,16,226.714015
c0bb5a9b,data\snippets\c0bb5a9b.py,4892,65.0,16,0.012014
131ed962,data\snippets\131ed962.py,99675,15.0,2,621.30426
66dfd583,data\snippets\66dfd583.py,50157,15.0,16,0.023673
b4c9e31b,data\snippets\b4c9e31b.py,621,45.0,4,0.003415
19c955a8,data\snippets\19c955a8.py,524,15.0,16,0.0001
41dfc04b,data\snippets\41dfc04b.py,9982,125.0,4,0.160504
57b67153,data\snippets\57b67153.py,49616,45.0,16,0.06711
11e5e176,data\snippets\11e5e176.py,10442,45.0,2,0.123053
999fe19c,data\snippets\999fe19c.py,9632,45.0,16,0.013313
b86d17e7,data\snippets\b86d17e7.py,1159,15.0,4,0.000597
8028c308,data\snippets\8028c308.py,100281,125.0,4,36.573569
1f2c9e1d,data\snippets\1f2c9e1d.py,9739,15.0,2,0.133887
91c00823,data\snippets\91c00823.py,1483,15.0,8,0.002116
c98c525f,data\snippets\c98c525f.py,4993,15.0,4,0.024741
768881c1,data\snippets\768881c1.py,652,45.0,2,0.007304
87e99653,data\snippets\87e99653.py,1069,45.0,4,0.006169
7888d89a,data\snippets\7888d89a.py,4873,125.0,4,0.07918
fb8168d8,data\snippets\fb8168d8.py,10433,15.0,4,2.042517
12133bf2,data\snippets\12133bf2.py,552,15.0,2,0.002071
44b5cd02,data\snippets\44b5cd02.py,99713,65.0,8,10.018713
77e328ae,data\snippets\77e328ae.py,100431,65.0,8,10.214326
7f16b4ed,data\snippets\7f16b4ed.py,5343,15.0,16,0.003184
afa6f787,data\snippets\afa6f787.py,99518,125.0,4,2361.036851
a493a965,data\snippets\a493a965.py,9541,65.0,16,0.019012
39aca2be,data\snippets\39aca2be.py,4849,125.0,2,0.179423
ec9d4a9b,data\snippets\ec9d4a9b.py,9579,15.0,16,0.428921
f3bc7149,data\snippets\f3bc7149.py,100084,15.0,8,938.492689
bd97dce7,data\snippets\bd97dce7.py,5409,45.0,4,0.08553
41f0b09e,data\snippets\41f0b09e.py,9546,125.0,4,0.147825
e1d102a3,data\snippets\e1d102a3.py,99794,125.0,8,1273.801134
0f80323e,data\snippets\0f80323e.py,49561,125.0,8,0.401789
2ef20e12,data\snippets\2ef20e12.py,5443,15.0,4,0.090157
b6d127b9,data\snippets\b6d127b9.py,100306,15.0,2,3965.349262
2e2f9974,data\snippets\2e2f9974.py,99841,65.0,4,9.49148
1a57ac43,data\snippets\1a57ac43.py,50238,65.0,2,357.921419
d58e76c1,data\snippets\d58e76c1.py,4888,45.0,16,0.008065
c7cb3d1c,data\snippets\c7cb3d1c.py,4642,15.0,16,0.005538
4e10aff3,data\snippets\4e10aff3.py,10138,65.0,8,0.164265
4fe319e1,data\snippets\4fe319e1.py,50139,65.0,8,502.069264
7054659d,data\snippets\7054659d.py,99514,45.0,2,13.157159
b37a064b,data\snippets\b37a064b.py,10187,65.0,8,0.161397
f84460f8,data\snippets\f84460f8.py,50242,65.0,8,0.203762
cf424a17,data\snippets\cf424a17.py,50456,15.0,2,490.159992
74883106,data\snippets\74883106.py,99979,125.0,2,3.149822
77b8a9ac,data\snippets\77b8a9ac.py,655,45.0,2,0.001338
0d2ec27b,data\snippets\0d2ec27b.py,4524,15.0,8,0.026384
8852ba93,data\snippets\8852ba93.py,10290,15.0,4,0.538162
fa1e3139,data\snippets\fa1e3139.py,49902,65.0,8,0.205733
c22efcdd,data\snippets\c22efcdd.py,10451,125.0,4,0.644603
66d2c1da,data\snippets\66d2c1da.py,99649,15.0,8,891.728767
ea8b504b,data\snippets\ea8b504b.py,49718,65.0,8,2.439606
0494f77f,data\snippets\0494f77f.py,100386,45.0,8,460.8701
7a57e682,data\snippets\7a57e682.py,49982,15.0,4,0.090469
81fa959c,data\snippets\81fa959c.py,5254,65.0,8,0.020799
50a23b3f,data\snippets\50a23b3f.py,50379,125.0,2,4070.973451
f4a1186f,data\snippets\f4a1186f.py,49989,45.0,16,31.264247
24bea02c,data\snippets\24bea02c.py,1122,45.0,4,0.003096
8bd95894,data\snippets\8bd95894.py,667,45.0,8,0.001791
6e6359be,data\snippets\6e6359be.py,5155,15.0,8,0.005694
bafef2df,data\snippets\bafef2df.py,731,65.0,2,0.006529
abfab3c0,data\snippets\abfab3c0.py,5168,15.0,2,0.052851
27ffa85b,data\snippets\27ffa85b.py,10123,15.0,2,0.949398
9864f6a6,data\snippets\9864f6a6.py,49886,65.0,8,2.373242
04c993d7,data\snippets\04c993d7.py,100199,65.0,4,19.423679
66da1ef6,data\snippets\66da1ef6.py,9624,125.0,8,1.798626
4485bcc6,data\snippets\4485bcc6.py,9549,45.0,8,2.451548
131cd6c0,data\snippets\131cd6c0.py,100069,65.0,16,2.411457
5030b5ba,data\snippets\5030b5ba.py,10426,15.0,2,0.039748
c3be2278,data\snippets\c3be2278.py,99624,15.0,4,0.195503
04c1620e,data\snippets\04c1620e.py,775,65.0,4,0.006318
ed1add18,data\snippets\ed1add18.py,49553,15.0,16,0.187491
849d4c50,data\snippets\849d4c50.py,5027,15.0,2,0.018073
8d02adb9,data\snippets\8d02adb9.py,100234,45.0,2,13.41909
e49256af,data\snippets\e49256af.py,99986,15.0,4,1886.934221
ca5fb65b,data\snippets\ca5fb65b.py,100294,65.0,4,9.649475
4256b30a,data\snippets\4256b30a.py,50353,45.0,4,2.518036
d18fa017,data\snippets\d18fa017.py,100324,45.0,8,7.128278
51fb2f7e,data\snippets\51fb2f7e.py,9893,125.0,8,7.781561
75ec6248,data\snippets\75ec6248.py,1214,15.0,2,0.00685
909c61fc,data\snippets\909c61fc.py,100107,45.0,8,430.704829
92dce5e0,data\snippets\92dce5e0.py,1340,15.0,2,0.007146
f98d8e37,data\snippets\f98d8e37.py,576,15.0,4,0.000976
26c48aac,data\snippets\26c48aac.py,49874,65.0,8,1.668423
5403a336,data\snippets\5403a336.py,1376,125.0,4,0.007388
bdc3ebe3,data\snippets\bdc3ebe3.py,50092,15.0,8,0.577148
ed14d738,data\snippets\ed14d738.py,49851,125.0,8,0.376047
8745c591,data\snippets\8745c591.py,842,15.0,16,0.000269
19597792,data\snippets\19597792.py,9743,125.0,4,0.365861
49eab867,data\snippets\49eab867.py,1359,15.0,16,0.000929
f2a13953,data\snippets\f2a13953.py,5286,125.0,8,1.104346
eed99094,data\snippets\eed99094.py,5049,45.0,8,0.013585
5a5439ac,data\snippets\5a5439ac.py,505,65.0,4,0.000489
9b8baf9f,data\snippets\9b8baf9f.py,9646,125.0,16,0.037663
12c4b8b2,data\snippets\12c4b8b2.py,49656,45.0,2,261.211025
3682c84b,data\snippets\3682c84b.py,1206,125.0,4,0.027853
ba47ba8f,data\snippets\ba47ba8f.py,1211,125.0,2,0.05476
1af2aaf0,data\snippets\1af2aaf0.py,99570,65.0,8,3954.373547
6fa062bc,data\snippets\6fa062bc.py,5297,65.0,8,0.17546
a44ad6db,data\snippets\a44ad6db.py,1282,45.0,8,0.001153
3c9534a1,data\snippets\3c9534a1.py,963,65.0,4,0.0069
a00906fc,data\snippets\a00906fc.py,5012,65.0,4,0.042692
00423b82,data\snippets\00423b82.py,566,45.0,2,0.001987
cc170e2d,data\snippets\cc170e2d.py,5323,65.0,16,0.013221
627a2633,data\snippets\627a2633.py,4791,65.0,16,0.23076
dd7ccc0c,data\snippets\dd7ccc0c.py,5280,15.0,16,0.069683
32526a04,data\snippets\32526a04.py,50255,15.0,8,21.88594
3912e57f,data\snippets\3912e57f.py,99610,125.0,8,18.622662
ca6df1fe,data\snippets\ca6df1fe.py,49652,15.0,16,0.02282
2cd40d27,data\snippets\2cd40d27.py,50242,45.0,8,0.135867
ac5c3ac2,data\snippets\ac5c3ac2.py,511,45.0,8,0.001268
ffe069f2,data\snippets\ffe069f2.py,10469,45.0,2,3.278407
354cb87e,data\snippets\354cb87e.py,4751,125.0,4,1.60746
c878ddde,data\snippets\c878ddde.py,50119,45.0,4,3.237859
89543ef4,data\snippets\89543ef4.py,100373,15.0,4,2.251182
37b71d81,data\snippets\37b71d81.py,1484,45.0,4,0.012133
8935006c,data\snippets\8935006c.py,4732,65.0,2,0.08414
268475db,data\snippets\268475db.py,50208,125.0,4,345.33715
4e32377b,data\snippets\4e32377b.py,510,125.0,4,0.002004
4977307e,data\snippets\4977307e.py,1217,45.0,2,0.019446
9caaf256,data\snippets\9caaf256.py,50237,15.0,8,0.386915
1e699dd0,data\snippets\1e699dd0.py,50063,65.0,4,3.615062
ff8f231f,data\snippets\ff8f231f.py,4563,45.0,2,0.137099
670d4988,data\snippets\670d4988.py,99640,45.0,16,1.649481
c2766fd3,data\snippets\c2766fd3.py,49558,65.0,16,254.59208
3d1351cc,data\snippets\3d1351cc.py,1313,45.0,8,0.00249
921c17e2,data\snippets\921c17e2.py,847,125.0,16,0.000698
b4a127fe,data\snippets\b4a127fe.py,767,65.0,8,0.000561
81203fa0,data\snippets\81203fa0.py,99650,65.0,8,0.40839
60a8195a,data\snippets\60a8195a.py,10301,125.0,4,0.416359
4a08b73b,data\snippets\4a08b73b.py,9955,125.0,16,0.151252
b0bb493d,data\snippets\b0bb493d.py,50424,125.0,8,1030.309438
ab672fcc,data\snippets\ab672fcc.py,10151,15.0,2,0.152232
52ff2f6d,data\snippets\52ff2f6d.py,49912,45.0,4,683.669135
c49d30d7,data\snippets\c49d30d7.py,1289,125.0,2,0.065969
1b90728c,data\snippets\1b90728c.py,50163,45.0,16,172.197624
8ae6299b,data\snippets\8ae6299b.py,100353,45.0,4,5863.278016
43e7ea7d,data\snippets\43e7ea7d.py,9622,45.0,4,0.052048
4a802e36,data\snippets\4a802e36.py,49944,15.0,16,0.191447
170c16f2,data\snippets\170c16f2.py,1169,65.0,16,0.003344
39962b4f,data\snippets\39962b4f.py,1274,125.0,2,0.02429
0dc69ddb,data\snippets\0dc69ddb.py,1037,125.0,4,0.017967
9edf380b,data\snippets\9edf380b.py,49855,125.0,8,3.332143
976a249e,data\snippets\976a249e.py,4990,65.0,2,0.083794
38cabf0e,data\snippets\38cabf0e.py,10368,15.0,16,0.012132
95583beb,data\snippets\95583beb.py,562,15.0,2,0.002013
5061128d,data\snippets\5061128d.py,50035,45.0,16,0.072125
546bbdd2,data\snippets\546bbdd2.py,99538,15.0,16,471.871173
5e53ada2,data\snippets\5e53ada2.py,5381,45.0,8,0.439793
fc8ea17d,data\snippets\fc8ea17d.py,9785,125.0,2,28.231486
d7c07a38,data\snippets\d7c07a38.py,99991,45.0,16,225.278698
d991255e,data\snippets\d991255e.py,4890,65.0,2,0.205171
7d470026,data\snippets\7d470026.py,9657,15.0,4,0.069988
17694a72,data\snippets\17694a72.py,5364,15.0,16,0.002506
9efbd48b,data\snippets\9efbd48b.py,9554,45.0,2,2.480737
85c4edfe,data\snippets\85c4edfe.py,10021,15.0,16,0.017189
f4711c1f,data\snippets\f4711c1f.py,5346,15.0,4,0.012729
1752258e,data\snippets\1752258e.py,9894,125.0,16,0.04034
2a9a9699,data\snippets\2a9a9699.py,10280,45.0,4,0.059852
a8538285,data\snippets\a8538285.py,10328,125.0,8,0.082306
fc310a48,data\snippets\fc310a48.py,4971,45.0,2,0.142912
241f2bf6,data\snippets\241f2bf6.py,1117,15.0,16,0.000662
4c0320d8,data\snippets\4c0320d8.py,523,125.0,2,0.001957
4bd14cd9,data\snippets\4bd14cd9.py,1434,125.0,16,0.011151
76bc0a9e,data\snippets\76bc0a9e.py,99583,45.0,16,1.704701
0c7b84f6,data\snippets\0c7b84f6.py,99827,15.0,16,0.542351
45211f23,data\snippets\45211f23.py,4691,45.0,2,0.324638
90ca7a35,data\snippets\90ca7a35.py,49523,15.0,8,0.379798
7b1a1cd5,data\snippets\7b1a1cd5.py,517,45.0,8,0.000186
31340565,data\snippets\31340565.py,4889,65.0,4,0.955807
1776a903,data\snippets\1776a903.py,100017,45.0,8,0.275805
f67c2b7c,data\snippets\f67c2b7c.py,5288,65.0,2,0.089152
bce1dd6a,data\snippets\bce1dd6a.py,49538,125.0,16,484.5257
c3e8f469,data\snippets\c3e8f469.py,100490,45.0,2,13.010399
eea87992,data\snippets\eea87992.py,49684,45.0,8,348.325828
f9a304a3,data\snippets\f9a304a3.py,4671,15.0,4,0.010212
6d014830,data\snippets\6d014830.py,99576,125.0,8,8.942111
c4c9646b,data\snippets\c4c9646b.py,4827,65.0,2,0.091882
a2d3fa35,data\snippets\a2d3fa35.py,99857,15.0,4,4.367677
e742ac30,data\snippets\e742ac30.py,9708,45.0,8,2.455954
cdf39e5b,data\snippets\cdf39e5b.py,5315,125.0,2,4.876319
5d30587b,data\snippets\5d30587b.py,49973,15.0,16,0.02398
8a91352f,data\snippets\8a91352f.py,49944,45.0,2,4.689702
dacede31,data\snippets\dacede31.py,5020,15.0,4,0.011202
186ecd3a,data\snippets\186ecd3a.py,4663,125.0,16,0.378765
7ffc7c45,data\snippets\7ffc7c45.py,99803,65.0,16,2023.206028
39957be3,data\snippets\39957be3.py,10321,65.0,16,0.082642
e548e014,data\snippets\e548e014.py,625,125.0,4,0.001511
603388ce,data\snippets\603388ce.py,99863,65.0,4,0.780107
7ddcd763,data\snippets\7ddcd763.py,99708,45.0,2,1766.339032
d98007d8,data\snippets\d98007d8.py,4541,45.0,16,0.133197
639e7e46,data\snippets\639e7e46.py,9679,125.0,16,0.090642
517170b9,data\snippets\517170b9.py,5110,45.0,8,0.013731
9f98f6df,data\snippets\9f98f6df.py,99561,45.0,8,440.051763
83538f30,data\snippets\83538f30.py,4816,15.0,8,0.011593
67f67af4,data\snippets\67f67af4.py,100468,65.0,4,8508.745299
6c6788d9,data\snippets\6c6788d9.py,5153,45.0,4,0.213577
e30cee57,data\snippets\e30cee57.py,49762,125.0,2,17.695259
6a31133d,data\snippets\6a31133d.py,50059,45.0,4,0.277319
85e7bd45,data\snippets\85e7bd45.py,10107,15.0,2,0.088864
aad5d8e3,data\snippets\aad5d8e3.py,4851,125.0,2,0.179241
9b38c38b,data\snippets\9b38c38b.py,100109,65.0,2,2491.85127
2c3aec48,data\snippets\2c3aec48.py,100306,45.0,8,3.50435
eb82cafe,data\snippets\eb82cafe.py,5030,15.0,16,0.006033
d9746986,data\snippets\d9746986.py,100325,65.0,2,2719.543382
afa9adc0,data\snippets\afa9adc0.py,49851,15.0,8,0.401588
234d8128,data\snippets\234d8128.py,5069,15.0,8,0.004907
b6c02ec3,data\snippets\b6c02ec3.py,4776,125.0,16,0.017792
ed6ca40f,data\snippets\ed6ca40f.py,10192,125.0,4,0.628866
6481658d,data\snippets\6481658d.py,99800,65.0,16,2117.651934
9ee7172e,data\snippets\9ee7172e.py,50033,125.0,2,1.591104
b398acd7,data\snippets\b398acd7.py,1484,15.0,4,0.002802
6e621b36,data\snippets\6e621b36.py,99545,15.0,4,4.669759
c3f98076,data\snippets\c3f98076.py,50247,65.0,16,1.249541
6c97e3d9,data\snippets\6c97e3d9.py,4526,65.0,2,0.073245
1bc5df1c,data\snippets\1bc5df1c.py,49734,125.0,16,0.201468
80427dc5,data\snippets\80427dc5.py,9854,125.0,16,0.141018
1e10a818,data\snippets\1e10a818.py,99730,15.0,4,295.058844
64b0a184,data\snippets\64b0a184.py,10148,125.0,4,15.807608
8504846a,data\snippets\8504846a.py,99986,15.0,4,1787.185878
71ea325e,data\snippets\71ea325e.py,4932,65.0,4,0.28567
a95dee37,data\snippets\a95dee37.py,10344,65.0,4,0.081829
b7a241e6,data\snippets\b7a241e6.py,1201,125.0,16,0.006155
c1f85a2f,data\snippets\c1f85a2f.py,1385,45.0,8,0.002807
f4674b95,data\snippets\f4674b95.py,10462,125.0,16,0.09777
0360100a,data\snippets\0360100a.py,1173,65.0,2,0.005122
1f0a3a63,data\snippets\1f0a3a63.py,50141,65.0,8,512.651979
48e0d0be,data\snippets\48e0d0be.py,50264,15.0,16,10.429221
83a84c2e,data\snippets\83a84c2e.py,9794,15.0,2,0.038547
b808a552,data\snippets\b808a552.py,5172,65.0,2,2.27216
ae1651fe,data\snippets\ae1651fe.py,1001,15.0,2,0.003734
0444444a,data\snippets\0444444a.py,664,65.0,2,0.01068
0dc11442,data\snippets\0dc11442.py,49837,45.0,2,1373.609701
87a8ff31,data\snippets\87a8ff31.py,696,45.0,2,0.007641
1a794ba1,data\snippets\1a794ba1.py,49711,15.0,2,481.078424
e950434c,data\snippets\e950434c.py,4610,45.0,4,0.064393
25656e0b,data\snippets\25656e0b.py,49507,15.0,4,1.068679
fd695889,data\snippets\fd695889.py,49612,15.0,4,0.782747
db2c14b9,data\snippets\db2c14b9.py,1110,125.0,16,0.004307
beacb73e,data\snippets\beacb73e.py,9677,125.0,16,0.138375
5bf0c8cf,data\snippets\5bf0c8cf.py,100264,125.0,4,18.767447
893f25e9,data\snippets\893f25e9.py,99803,125.0,2,29863.685721
10f98510,data\snippets\10f98510.py,4743,15.0,2,0.018314
94209137,data\snippets\94209137.py,9893,15.0,2,0.13831
9d9530c6,data\snippets\9d9530c6.py,100030,45.0,8,0.294115
0c5f031b,data\snippets\0c5f031b.py,5182,125.0,8,1.139422
ba84bf88,data\snippets\ba84bf88.py,923,125.0,4,0.003049
8facd176,data\snippets\8facd176.py,100439,45.0,16,236.823262
6e3027eb,data\snippets\6e3027eb.py,50316,45.0,8,67.869298
77a5f93d,data\snippets\77a5f93d.py,1058,65.0,8,0.004274
e61f8757,data\snippets\e61f8757.py,5349,15.0,4,0.010124
6fd73172,data\snippets\6fd73172.py,9948,15.0,4,0.044641
3868d371,data\snippets\3868d371.py,681,65.0,4,0.005459
c1efc8bb,data\snippets\c1efc8bb.py,791,65.0,8,0.002013
db4341a6,data\snippets\db4341a6.py,10086,45.0,2,0.427168
c2ef7a28,data\snippets\c2ef7a28.py,9617,45.0,8,0.026277
071d8c3f,data\snippets\071d8c3f.py,4726,45.0,8,0.03418
ddb9445c,data\snippets\ddb9445c.py,10063,125.0,16,4.025478
b0c85886,data\snippets\b0c85886.py,100289,45.0,4,5792.554218
1b9ad514,data\snippets\1b9ad514.py,99695,65.0,2,20.192967
7286ca2d,data\snippets\7286ca2d.py,9967,65.0,4,0.078666
9c0859bf,data\snippets\9c0859bf.py,4944,45.0,16,0.006802
46db4c35,data\snippets\46db4c35.py,99530,65.0,8,655.383014
b832ec4c,data\snippets\b832ec4c.py,10338,125.0,4,0.412828
2bc2f544,data\snippets\2bc2f544.py,9707,45.0,2,2.587147
163c4f63,data\snippets\163c4f63.py,4941,65.0,2,0.579292
d5ec2bf0,data\snippets\d5ec2bf0.py,887,125.0,8,0.008024
2eae7d20,data\snippets\2eae7d20.py,1249,45.0,16,0.002637
f22d6382,data\snippets\f22d6382.py,4988,65.0,2,0.084451
bcbfbea5,data\snippets\bcbfbea5.py,1425,65.0,8,0.005856
eae34a8a,data\snippets\eae34a8a.py,688,15.0,2,0.000552
806e647b,data\snippets\806e647b.py,49903,45.0,8,0.13685
923dc167,data\snippets\923dc167.py,99766,65.0,16,337.403748
0d40dc4f,data\snippets\0d40dc4f.py,1311,125.0,2,0.070961
9ae57302,data\snippets\9ae57302.py,10249,65.0,4,0.08553
5fb9ba3c,data\snippets\5fb9ba3c.py,10317,15.0,8,0.024308
fc8897e5,data\snippets\fc8897e5.py,100254,45.0,8,3.414689
0f96574c,data\snippets\0f96574c.py,50142,125.0,4,9.63018
a856c05b,data\snippets\a856c05b.py,10446,65.0,4,0.084216
da98c5f0,data\snippets\da98c5f0.py,49649,125.0,16,2.27315
bffcce60,data\snippets\bffcce60.py,99622,45.0,4,901.247645
01068168,data\snippets\01068168.py,1164,45.0,8,0.004342
67a9c869,data\snippets\67a9c869.py,50236,45.0,16,0.604152
973d6f58,data\snippets\973d6f58.py,1264,45.0,8,0.003487
7cf756d2,data\snippets\7cf756d2.py,49555,125.0,4,1991.331722
67e0f407,data\snippets\67e0f407.py,5181,65.0,2,2.155524
23b84ba8,data\snippets\23b84ba8.py,99908,45.0,8,449.885213
0238a117,data\snippets\0238a117.py,99610,45.0,4,0.533328
c96c9fb3,data\snippets\c96c9fb3.py,5287,15.0,4,0.013033
8bd7d3ee,data\snippets\8bd7d3ee.py,49717,15.0,4,220.570788
34ce4deb,data\snippets\34ce4deb.py,100470,125.0,8,9.71678
be5288d0,data\snippets\be5288d0.py,4738,125.0,16,0.018915
87331088,data\snippets\87331088.py,1344,45.0,8,0.001279
ca17999b,data\snippets\ca17999b.py,9890,125.0,2,0.308174
ae356b2e,data\snippets\ae356b2e.py,100244,65.0,2,2683.060558
863a0c67,data\snippets\863a0c67.py,100169,125.0,16,9.640433
942512a5,data\snippets\942512a5.py,9625,65.0,16,0.467828
13147908,data\snippets\13147908.py,99602,125.0,4,1.489905
a93a6b20,data\snippets\a93a6b20.py,9550,125.0,2,26.452072
40b66b39,data\snippets\40b66b39.py,1473,65.0,8,0.008707
3b56a291,data\snippets\3b56a291.py,99739,15.0,8,144.114651
5a289ebf,data\snippets\5a289ebf.py,100267,15.0,4,312.920379
3c0175a5,data\snippets\3c0175a5.py,100310,45.0,8,3.506752
3876e800,data\snippets\3876e800.py,5316,15.0,2,0.054942
783cac1d,data\snippets\783cac1d.py,50464,65.0,4,5.07371
cd409eeb,data\snippets\cd409eeb.py,789,125.0,4,0.007907
10501261,data\snippets\10501261.py,5402,125.0,16,0.638016
1ed51e7c,data\snippets\1ed51e7c.py,9606,125.0,16,0.085536
488d37e1,data\snippets\488d37e1.py,4517,15.0,16,0.005249
4c11f9d2,data\snippets\4c11f9d2.py,9970,65.0,2,0.589476
a8e90a10,data\snippets\a8e90a10.py,833,45.0,2,0.010645
d3ac5514,data\snippets\d3ac5514.py,10285,45.0,2,11.994117
3edf41da,data\snippets\3edf41da.py,100264,65.0,16,2049.154823
dee84daa,data\snippets\dee84daa.py,5453,15.0,4,0.08929
5af7e122,data\snippets\5af7e122.py,10348,45.0,16,0.014353
da762904,data\snippets\da762904.py,100004,125.0,4,1.489153
9e9c667f,data\snippets\9e9c667f.py,49559,45.0,4,3.205437
b897b219,data\snippets\b897b219.py,9821,45.0,8,0.106488
6997f32f,data\snippets\6997f32f.py,50331,15.0,16,0.286203
06c8ba67,data\snippets\06c8ba67.py,50440,15.0,8,0.046131
55e9cb28,data\snippets\55e9cb28.py,575,15.0,16,0.0001
a407b9ed,data\snippets\a407b9ed.py,9533,45.0,16,0.013238
01cd6091,data\snippets\01cd6091.py,4883,15.0,8,0.005298
7506b209,data\snippets\7506b209.py,10175,45.0,16,0.014559
315a1f21,data\snippets\315a1f21.py,10061,65.0,4,0.321195
726d1aaf,data\snippets\726d1aaf.py,50065,65.0,16,0.873827
e7eca187,data\snippets\e7eca187.py,50167,65.0,4,0.392011
d2e65fb3,data\snippets\d2e65fb3.py,9657,45.0,16,1.241883
d7a93446,data\snippets\d7a93446.py,50206,125.0,4,0.805108
fe86f25c,data\snippets\fe86f25c.py,49794,125.0,8,4.698323
b348d235,data\snippets\b348d235.py,9835,15.0,2,0.083396
b874b132,data\snippets\b874b132.py,1101,125.0,8,0.010797
7f962587,data\snippets\7f962587.py,99682,65.0,8,0.392482
91e776ca,data\snippets\91e776ca.py,782,125.0,2,0.015645
ccca22e3,data\snippets\ccca22e3.py,50276,15.0,16,0.27484
9f4cb31b,data\snippets\9f4cb31b.py,1188,65.0,2,0.005274
748760ef,data\snippets\748760ef.py,10351,15.0,2,0.039029
a46893d2,data\snippets\a46893d2.py,624,45.0,2,0.001226
810705ce,data\snippets\810705ce.py,100354,15.0,4,1966.442139
c7502ef6,data\snippets\c7502ef6.py,50379,15.0,4,1.126645
aac9c412,data\snippets\aac9c412.py,100197,65.0,2,1.630509
2330c30d,data\snippets\2330c30d.py,4619,125.0,16,0.111717
7c68480e,data\snippets\7c68480e.py,901,65.0,4,0.00572
19c0dcec,data\snippets\19c0dcec.py,1435,45.0,16,0.001493
68c30b7c,data\snippets\68c30b7c.py,932,45.0,8,0.000886
f4a709fc,data\snippets\f4a709fc.py,100018,45.0,8,3.514773
5f62b13d,data\snippets\5f62b13d.py,5268,125.0,2,0.161734
ad7af6d0,data\snippets\ad7af6d0.py,50029,65.0,16,252.719091
9824b15b,data\snippets\9824b15b.py,99872,65.0,16,2094.92314
8c32e0fd,data\snippets\8c32e0fd.py,9759,125.0,2,29.909018
c1d7ed7b,data\snippets\c1d7ed7b.py,99651,45.0,8,0.275634
7305ef7b,data\snippets\7305ef7b.py,1308,65.0,4,0.014617
c8030c4c,data\snippets\c8030c4c.py,10375,15.0,2,0.097026
0b1fda5d,data\snippets\0b1fda5d.py,696,45.0,4,0.000627
c8e6ce35,data\snippets\c8e6ce35.py,4670,15.0,8,0.004393
bedef0c1,data\snippets\bedef0c1.py,4959,45.0,8,0.038327
90fb0294,data\snippets\90fb0294.py,49938,45.0,8,1.746597
66542e9e,data\snippets\66542e9e.py,10238,15.0,4,0.04816
6f52dfa8,data\snippets\6f52dfa8.py,9723,65.0,8,0.963067
1a0c29d8,data\snippets\1a0c29d8.py,785,125.0,4,0.00221
121434e8,data\snippets\121434e8.py,4562,15.0,16,0.012784
ea23a2aa,data\snippets\ea23a2aa.py,100031,125.0,2,4818.023875
4b5340a6,data\snippets\4b5340a6.py,1099,15.0,4,0.000526
0ad848f5,data\snippets\0ad848f5.py,9686,15.0,2,0.03692
bfd353c5,data\snippets\bfd353c5.py,1487,15.0,2,0.012117
2b4084ff,data\snippets\2b4084ff.py,5411,45.0,2,0.484533
21753594,data\snippets\21753594.py,10327,65.0,4,0.08383
ca7aa860,data\snippets\ca7aa860.py,9790,65.0,4,1.972891
0f4a4f9e,data\snippets\0f4a4f9e.py,609,15.0,2,0.002298
5ce37411,data\snippets\5ce37411.py,99921,65.0,16,4.697297
205d7ae4,data\snippets\205d7ae4.py,100412,45.0,8,3.315194
1c3833fc,data\snippets\1c3833fc.py,50418,45.0,2,6.827392
fff0a397,data\snippets\fff0a397.py,1455,65.0,4,0.011841
74a65765,data\snippets\74a65765.py,1398,125.0,2,0.045832
f3c02747,data\snippets\f3c02747.py,10139,45.0,8,0.028586
a3b95877,data\snippets\a3b95877.py,50184,15.0,16,0.023505
99270ba6,data\snippets\99270ba6.py,100438,15.0,8,985.526923
ea41c662,data\snippets\ea41c662.py,9963,65.0,16,0.049211
33bb3b85,data\snippets\33bb3b85.py,99500,15.0,2,3619.933239
80452774,data\snippets\80452774.py,100157,125.0,8,0.745656
e84308be,data\snippets\e84308be.py,100382,15.0,16,78.612431
4d452001,data\snippets\4d452001.py,100132,65.0,8,0.388165
3fa159f6,data\snippets\3fa159f6.py,1143,45.0,4,0.001686
13580b3d,data\snippets\13580b3d.py,50143,45.0,8,65.905229
627048ec,data\snippets\627048ec.py,99743,125.0,4,1.605587
d17b3ff9,data\snippets\d17b3ff9.py,50070,125.0,8,181.620492
29afe071,data\snippets\29afe071.py,49759,125.0,16,2.366143
882484d6,data\snippets\882484d6.py,50191,125.0,16,1.701522
9b8b1e1c,data\snippets\9b8b1e1c.py,9879,15.0,4,0.472464
91aaffc8,data\snippets\91aaffc8.py,1199,125.0,8,0.002788
f15df071,data\snippets\f15df071.py,5039,45.0,4,0.074225
e4cd647b,data\snippets\e4cd647b.py,1399,15.0,8,0.000912
99e061bc,data\snippets\99e061bc.py,516,65.0,2,0.007209
6b649872,data\snippets\6b649872.py,580,65.0,2,0.001251
b991d09a,data\snippets\b991d09a.py,100349,45.0,8,2892.89979
d69245a3,data\snippets\d69245a3.py,10206,45.0,16,0.388882
89b71e85,data\snippets\89b71e85.py,49870,15.0,4,240.460281
393dddb8,data\snippets\393dddb8.py,673,45.0,4,0.003752
1820ebec,data\snippets\1820ebec.py,1100,125.0,2,0.042776
4a0f4095,data\snippets\4a0f4095.py,795,45.0,8,0.002263
7595cddb,data\snippets\7595cddb.py,10043,125.0,8,0.077872
e2e30f80,data\snippets\e2e30f80.py,1359,15.0,4,0.003562
b6b05832,data\snippets\b6b05832.py,9941,15.0,16,0.011237
3666f1ca,data\snippets\3666f1ca.py,50322,15.0,8,0.04951
334eda44,data\snippets\334eda44.py,49946,45.0,2,0.543672
26e95113,data\snippets\26e95113.py,1424,15.0,8,0.001338
2cec41d7,data\snippets\2cec41d7.py,1010,15.0,4,0.00199
51d11d78,data\snippets\51d11d78.py,1290,15.0,4,0.003347
6a1c69e2,data\snippets\6a1c69e2.py,1177,65.0,8,0.006831
e6ebf165,data\snippets\e6ebf165.py,9932,125.0,2,0.321932
84212cd7,data\snippets\84212cd7.py,1387,45.0,4,0.011331
48306a84,data\snippets\48306a84.py,627,125.0,8,0.000835
0383c526,data\snippets\0383c526.py,50116,15.0,16,0.203758
50c143b3,data\snippets\50c143b3.py,1491,15.0,8,0.003215
e4f1db26,data\snippets\e4f1db26.py,9500,15.0,8,0.008973
9668dda3,data\snippets\9668dda3.py,4674,15.0,4,0.010086
1dd4097b,data\snippets\1dd4097b.py,4601,15.0,2,0.355608
22810bad,data\snippets\22810bad.py,4919,65.0,4,0.101258
1b2c8d16,data\snippets\1b2c8d16.py,100452,65.0,16,0.204879
46d866af,data\snippets\46d866af.py,638,65.0,2,0.010409
41e30e3d,data\snippets\41e30e3d.py,10149,125.0,8,1.980833
4dffbf96,data\snippets\4dffbf96.py,1426,125.0,2,0.088068
d4af1fac,data\snippets\d4af1fac.py,1278,15.0,4,0.002408
f463dead,data\snippets\f463dead.py,9781,65.0,4,7.449359
24c501a1,data\snippets\24c501a1.py,994,65.0,8,0.003932
bbefbd36,data\snippets\bbefbd36.py,99841,65.0,8,9.747938
c14bdd8d,data\snippets\c14bdd8d.py,49858,45.0,8,343.3166
dddf4b73,data\snippets\dddf4b73.py,1461,125.0,8,0.008717
45b10edd,data\snippets\45b10edd.py,100215,65.0,16,2.540932
182bf7f0,data\snippets\182bf7f0.py,100083,45.0,2,1735.282545
52ff50fa,data\snippets\52ff50fa.py,963,125.0,4,0.003411
8992258e,data\snippets\8992258e.py,49903,125.0,4,9.596007
96a7f79f,data\snippets\96a7f79f.py,4633,125.0,2,0.157819
363e194e,data\snippets\363e194e.py,936,125.0,8,0.00169
8465663d,data\snippets\8465663d.py,1362,45.0,2,0.020819
c6056483,data\snippets\c6056483.py,841,65.0,8,0.000715
4914a82f,data\snippets\4914a82f.py,99611,125.0,4,18.687409
a83f1ff1,data\snippets\a83f1ff1.py,99621,125.0,2,3.217867
3abd44d0,data\snippets\3abd44d0.py,4689,45.0,8,0.013016
246878a4,data\snippets\246878a4.py,1200,65.0,2,0.005511
40757517,data\snippets\40757517.py,10215,125.0,16,4.234228
ecd98a86,data\snippets\ecd98a86.py,99971,125.0,8,9.41194
df0500eb,data\snippets\df0500eb.py,50354,125.0,16,506.877163
3947210f,data\snippets\3947210f.py,99561,65.0,16,2019.637987
9416ac83,data\snippets\9416ac83.py,4962,65.0,2,0.077502
be473755,data\snippets\be473755.py,50132,125.0,2,3786.764036
7c80af03,data\snippets\7c80af03.py,5494,65.0,2,0.116414
1c62d658,data\snippets\1c62d658.py,50243,65.0,2,0.811802
2854b7ab,data\snippets\2854b7ab.py,9551,125.0,4,0.341773
6404f34d,data\snippets\6404f34d.py,10184,15.0,2,0.143159
073456e8,data\snippets\073456e8.py,10499,45.0,4,1.655648
5b75f9a0,data\snippets\5b75f9a0.py,1334,65.0,8,0.009452
abde08b1,data\snippets\abde08b1.py,50162,125.0,4,9.887927
5193d693,data\snippets\5193d693.py,675,45.0,2,0.001561
2170c129,data\snippets\2170c129.py,706,45.0,16,0.000983
9884ea4f,data\snippets\9884ea4f.py,100238,125.0,16,4.774046
f1cd7c21,data\snippets\f1cd7c21.py,50068,45.0,4,0.294821
f10d7d5d,data\snippets\f10d7d5d.py,50110,125.0,2,743.646747
3ea52b4e,data\snippets\3ea52b4e.py,99593,65.0,4,1291.302
c3d349b5,data\snippets\c3d349b5.py,4787,45.0,16,0.045158
66da5948,data\snippets\66da5948.py,501,45.0,4,0.000347
07248b3e,data\snippets\07248b3e.py,49614,65.0,2,6.953135
47900130,data\snippets\47900130.py,1490,15.0,16,0.000241
b92997fa,data\snippets\b92997fa.py,99572,125.0,4,35.836192
cd28f10d,data\snippets\cd28f10d.py,4582,125.0,8,0.752079
ffeece6f,data\snippets\ffeece6f.py,4730,15.0,2,0.11541
bed8ceee,data\snippets\bed8ceee.py,10500,45.0,2,0.300658
feb34afd,data\snippets\feb34afd.py,49808,15.0,2,81.372671
2ceb7348,data\snippets\2ceb7348.py,5152,125.0,16,0.019153
7cc84102,data\snippets\7cc84102.py,1350,15.0,16,0.000197
20dcf3a3,data\snippets\20dcf3a3.py,9731,15.0,2,0.133546
9bc596bc,data\snippets\9bc596bc.py,100414,15.0,16,0.573583
3c93debf,data\snippets\3c93debf.py,1010,65.0,4,0.003327
e1463520,data\snippets\e1463520.py,100154,15.0,8,156.229922
5236a873,data\snippets\5236a873.py,972,45.0,4,0.004965
7d788c23,data\snippets\7d788c23.py,5320,45.0,8,0.018808
6780e7dc,data\snippets\6780e7dc.py,99621,65.0,4,19.573549
962b114d,data\snippets\962b114d.py,1063,15.0,8,0.000429
af91fe41,data\snippets\af91fe41.py,1415,45.0,4,0.007806
7e142bc7,data\snippets\7e142bc7.py,1108,125.0,8,0.011087
9d332e57,data\snippets\9d332e57.py,9632,15.0,4,0.018724
0b9ec848,data\snippets\0b9ec848.py,99555,45.0,4,13.584804
52006930,data\snippets\52006930.py,602,65.0,8,0.000868
0bf1f233,data\snippets\0bf1f233.py,1425,15.0,8,0.001367
f0c4fc3d,data\snippets\f0c4fc3d.py,50199,65.0,16,0.105128
b0c8cd4f,data\snippets\b0c8cd4f.py,9717,15.0,8,0.035052
2af8907a,data\snippets\2af8907a.py,5087,45.0,16,0.008569
c0ad1577,data\snippets\c0ad1577.py,1090,65.0,2,0.020654
16b29c7b,data\snippets\16b29c7b.py,1279,45.0,2,0.00855
d44e97fd,data\snippets\d44e97fd.py,5204,65.0,4,0.040361
9bd2a1f3,data\snippets\9bd2a1f3.py,4994,125.0,8,0.039449
936e0528,data\snippets\936e0528.py,5259,45.0,8,0.392756
8abb4104,data\snippets\8abb4104.py,9725,125.0,16,0.135618
79a485f4,data\snippets\79a485f4.py,100264,45.0,2,13.009586
9abd50f9,data\snippets\9abd50f9.py,9962,65.0,16,0.019406
9d236916,data\snippets\9d236916.py,49858,15.0,16,11.108989
bf74417d,data\snippets\bf74417d.py,1456,45.0,2,0.034959
7771a4dc,data\snippets\7771a4dc.py,895,65.0,16,0.00187
9d31ba89,data\snippets\9d31ba89.py,9868,125.0,2,30.490137
01431cf2,data\snippets\01431cf2.py,99826,15.0,16,489.096769
f7ea3760,data\snippets\f7ea3760.py,9957,45.0,16,0.054648
2486d1fb,data\snippets\2486d1fb.py,1245,125.0,8,0.013109
568578b6,data\snippets\568578b6.py,710,45.0,16,0.000507
8f935482,data\snippets\8f935482.py,50284,125.0,2,732.643123
caf6de51,data\snippets\caf6de51.py,1162,125.0,8,0.011952
f9cbb7a3,data\snippets\f9cbb7a3.py,49680,125.0,4,336.394878
fe0fa583,data\snippets\fe0fa583.py,49859,45.0,2,0.576133
